date,close,log_ret,ema5_slope,ema20_slope,ema50_slope,pos_ema5,pos_ema20,pos_ema50,golden_cross,rv,atr_pct,atr,obv_chg,vol_chg,obv_momentum,ad_ratio,market_breadth,vix_proxy,momentum,vol_percentile
2020-01-02,296.8882141113281,0.0,0.0,0.0,0.0,0.0,0.0,0.0,0,0.0,0.0,0.0,0.0,0.0,-1,0.0,0.0,0.0,0.0,0.5
2020-01-03,294.6400451660156,-0.007601259060093568,0.0,0.0,0.0,-0.0050610699207990955,-0.006856202135941225,-0.007277645178017418,0,0.0,0.0,0.0,0.0,0.0,-1,0.0,0.0,0.0,0.0,0.5
2020-01-06,295.76409912109375,0.003807748722918447,0.0,0.0,0.0,-0.0008439363185790886,-0.0027760334639134973,-0.003353982616813605,0,0.0,0.0,0.0,0.0,0.0,-1,0.3333333333333333,0.0,0.0,0.0,0.5
2020-01-07,294.93243408203125,-0.0028158810551515145,0.0,0.0,0.0,-0.002438625437708154,-0.005051389549612767,-0.00591646981959404,0,0.0,0.0,0.0,0.0,0.0,-1,0.25,0.0,0.0,0.0,0.5
2020-01-08,296.50433349609375,0.005315540735342239,0.0,0.0,0.0,0.0019168748486764822,0.00022743485156417556,-0.0005940764754113929,0,0.0,0.0,0.0,0.0,0.0,-1,0.4,0.0,0.0,0.0,0.5
2020-01-09,298.51483154296875,0.006757784677263956,0.012376078701114766,0.0,0.0,0.005790216405182697,0.006337830563139543,0.005938671920763943,0,0.0,0.0,0.0,0.0,0.0,-1,0.6,0.0,0.0,0.005463934020279559,0.5
2020-01-10,297.6558837890625,-0.002881551629953627,0.012376078701114766,0.0,0.0,0.001928905644713558,0.0031133418496259698,0.0029244512894243,0,0.0,0.0,0.0,0.0,0.0,-1,0.6,0.0,0.0,0.0101836414504195,0.5
2020-01-13,299.702880859375,0.006853519873997627,0.012376078701114766,0.0,0.0,0.005862253033375438,0.009049676696934213,0.009432827093010687,1,0.0,0.0,0.0,0.0,0.0,-1,0.6,0.0,0.0,0.01322941260149868,0.5
2020-01-14,299.2459716796875,-0.0015257037938409823,0.012376078701114766,0.0,0.0,0.002881692128579022,0.0067911157915892416,0.0075819938112128985,1,0.0,0.0,0.0,0.0,0.0,-1,0.6,0.0,0.0,0.014519589862809212,0.5
2020-01-15,299.92230224609375,0.00225756563918722,0.012376078701114766,0.0,0.0,0.0034263340082128133,0.008196019385254636,0.009468947716138695,1,0.0,0.0,0.0,0.0,0.0,-1,0.6,0.0,0.0,0.011461614766654193,0.5
2020-01-16,302.41705322265625,0.0082835870485658,0.012376078701114766,0.0,0.0,0.007817870598334475,0.014979272899454216,0.017153067779412532,1,0.0,0.0,0.0,0.0,0.0,-1,0.6,0.0,0.0,0.012987417137956037,0.5
2020-01-17,303.3583679199219,0.0031078033939477834,0.012376078701114766,0.0,0.0,0.007276656736068961,0.01638275511645346,0.019506725871968344,1,0.0,0.0,0.0,0.0,0.0,-1,0.8,0.0,0.0,0.018976772161857447,0.5
2020-01-21,302.7643127441406,-0.00196018193986891,0.012376078701114766,0.0,0.0,0.003529855775938307,0.01300388101247524,0.01681204306800326,1,0.0,0.0,0.0,0.0,0.0,-1,0.6,0.0,0.0,0.01016307034799091,0.5
2020-01-22,302.80096435546875,0.00012104925020839374,0.012376078701114766,0.0,0.0,0.0024312673158447874,0.011861539182501412,0.016260213137448833,1,0.0,0.08905945716922191,26.967289515904017,0.0,0.0,-1,0.8,0.0,0.0,0.011809823392040286,0.5
2020-01-23,303.14813232421875,0.001145865250521183,0.012376078701114766,0.0,0.0,0.002384205604395358,0.011766909711795696,0.01673059686175556,1,0.0,0.09542339066336139,28.927422659737722,0.0,0.0,-1,0.8,0.0,0.0,0.01069812300337425,0.5
2020-01-24,300.4523010253906,-0.008932562254856613,0.012376078701114766,0.0,0.0,-0.004362683837917439,0.002505062578282539,0.007385272342289483,1,0.0,0.09662852086854896,29.032261439732142,0.0,0.0,-1,0.6,0.0,0.0,-0.006518026300048163,0.5
2020-01-27,295.63616943359375,-0.0161594683756201,0.012376078701114766,0.0,0.0,-0.013640640893851988,-0.012288696749142975,-0.008421973470010191,1,0.0,0.10038148646628675,29.676398141043528,0.0,0.0,-1,0.4,0.0,0.0,-0.025785298069616047,0.5
2020-01-28,298.73419189453125,0.010424646713440566,0.012376078701114766,0.0,0.0,-0.0022053697328052887,-0.0017540233171908168,0.0018915843246965363,1,0.0,0.0991411297087705,29.616845267159597,0.0,0.0,-1,0.6,0.0,0.0,-0.01340046941630657,0.5
2020-01-29,298.48748779296875,-0.0008261726725100615,0.012376078701114766,0.0,0.0,-0.002021628063094256,-0.0023334167725908737,0.0010224150715733788,0,0.0,0.09961192194629002,29.73291233607701,0.0,0.0,-1,0.4,0.0,0.0,-0.014347691339025026,0.5
2020-01-30,299.4561462402344,0.0032399685839763492,0.012376078701114766,0.0,0.0,0.0008110271563427894,0.000818045779377171,0.004102780353086027,1,0.10022323810267818,0.09932744053725351,29.744212559291295,0.0,0.0,-1,0.4,0.0013537479340854609,0.10022323810267818,-0.01225358800556986,1.0
2020-01-31,294.0187072753906,-0.018324588093793892,0.012376078701114766,0.009878886935308822,0.0,-0.0116416470995939,-0.015727705085623378,-0.013582861331759353,0,0.12035353371263421,0.10233463153260969,30.08829607282366,0.0,0.0,-1,0.4,-0.016356625792914505,0.12035353371263421,-0.02164561384450714,1.0
2020-02-03,296.20281982421875,0.007401026286326662,0.012376078701114766,0.009878886935308822,0.0,-0.0028705442997804136,-0.007620635454098943,-0.006011449343978311,0,0.12037079421800136,0.10223188316769137,30.2813720703125,0.0,0.0,-1,0.6,-0.009308629844667167,0.12037079421800136,0.0019148808174396237,1.0
2020-02-04,300.7172546386719,0.015126048130955638,0.012376078701114766,0.009878886935308822,0.0,0.008184192847701669,0.006784705161295227,0.00877645952408325,0,0.13102303898027634,0.10136298276902854,30.481597900390625,0.0,0.0,-1,0.6,0.004958090214064354,0.13102303898027634,0.006616282234954696,1.0
2020-02-05,304.19000244140625,0.011482044280822556,0.012376078701114766,0.009878886935308822,0.0,0.01313116424187922,0.016628660261589785,0.019609299786119683,1,0.13549881132548636,0.10050049383772244,30.571245465959823,0.0,0.0,-1,0.8,0.01499349047474481,0.13549881132548636,0.018924499188287314,1.0
2020-02-06,305.2135314941406,0.003359120707925989,0.012376078701114766,0.009878886935308822,0.0,0.010966283100855404,0.018105344386082273,0.02211653509136784,1,0.13495367060653332,0.09994869348914504,30.505693708147323,0.0,0.0,-1,0.8,0.01693110510947424,0.13495367060653332,0.019043651312236953,0.9959767859686715
2020-02-07,303.5869140625,-0.005343692877310957,0.012376078701114766,0.009878886935308822,0.0,0.003712029737787999,0.011458012930397351,0.016005068024226913,1,0.13547348360808817,0.10099481224729624,30.66070338657924,0.0,0.0,-1,0.8,0.01065745036231141,0.13547348360808817,0.03202454652871989,0.9998130779366223
2020-02-10,305.8531799316406,0.007437240632952147,0.012376078701114766,0.009878886935308822,0.0,0.007442008501404948,0.017167099511962068,0.022643485035011734,1,0.13665781414745995,0.09994781013123846,30.56935555594308,0.0,0.0,-1,0.8,0.016814568241490423,0.13665781414745995,0.03206076087534537,1.0
2020-02-11,306.3833312988281,0.0017318519557996126,0.012376078701114766,0.009878886935308822,0.0,0.0061068034347162604,0.017096508709594872,0.023436153092685326,1,0.13512700490090865,0.09964612453521438,30.529911586216517,0.0,0.0,-1,0.8,0.017447227704845157,0.13512700490090865,0.018666564700189348,0.9887982311432298
2020-02-12,308.35711669921875,0.0064215464898547125,0.012376078701114766,0.009878886935308822,0.0,0.008357168045670932,0.021348502100166117,0.028817784797493157,1,0.13601875301313515,0.099064994203954,30.547395978655135,0.0,0.0,-1,0.8,0.022455036005955595,0.13601875301313515,0.013606066909221504,0.9953236400105506
2020-02-13,308.0282287597656,-0.0010671505190273933,0.012376078701114766,0.009878886935308822,0.0,0.004842694447301983,0.01829440991021685,0.02660446872448637,1,0.13628475512799662,0.09868473932397509,30.39768545968192,0.0,0.0,-1,0.6,0.019993747737884687,0.13628475512799662,0.009179795682268121,0.9972701230310856
2020-02-14,308.5216979980469,0.0016007441481535878,0.012376078701114766,0.009878886935308822,0.0,0.00429242014549235,0.01799390728773097,0.02711127323805015,1,0.13380652905857324,0.09683784384921852,29.876576014927455,0.0,0.0,-1,0.8,0.02059625170263319,0.13380652905857324,0.016124232707732666,0.9791355868914305
2020-02-18,307.7266845703125,-0.002580173486125048,0.012376078701114766,0.009878886935308822,0.0,0.0011356957531743293,0.013886488508882494,0.023482640133459475,1,0.13414058406870022,0.09756142498905325,30.022253853934153,0.0,0.0,-1,0.6,0.01723135637035842,0.13414058406870022,0.0061068185886554716,0.9815800501825419
2020-02-19,309.1979675292969,0.004769742117882281,0.012376078701114766,0.009878886935308822,0.0,0.003940395392146558,0.016919637145035898,0.027232958554314145,1,0.13448726914535233,0.09718747169858422,30.05016871861049,0.0,0.0,-1,0.6,0.02100917190163202,0.13448726914535233,0.00914470875073814,0.9841169345811027
2020-02-20,307.927734375,-0.004116616579765697,0.012376078701114766,0.009878886935308822,0.0,-0.0001226390473370481,0.01151447935224217,0.022090522726817666,1,0.13571171381704258,0.09804729867910998,30.191482543945312,0.0,0.0,-1,0.4,0.015954742170435892,0.13571171381704258,-0.0013934543188822701,0.99307686621274
2020-02-21,304.75653076171875,-0.010351928760576001,0.012376078701114766,0.009878886935308822,0.0,-0.006970817093185699,0.0009927504394982478,0.011105944719850285,1,0.14138575457368838,0.09906571791151365,30.190924508231028,0.0,0.0,-1,0.4,0.005225181645427055,0.14138575457368838,-0.010678232560430878,1.0
2020-02-24,294.6491394042969,-0.033727907489842224,0.012376078701114766,0.009878886935308822,0.0,-0.026962033743509722,-0.029228082225933927,-0.021567297135480966,0,0.18380902134045596,0.10493512204760091,30.919043404715403,0.0,0.0,-1,0.2,-0.027182519409054168,0.18380902134045596,-0.04600688419842669,1.0
2020-02-25,285.72076416015625,-0.030770305750445814,0.012376078701114766,0.009878886935308822,0.0,-0.03835280118791989,-0.053356990473644166,-0.04930606759097117,0,0.205816809418985,0.1122946186854687,32.08490426199777,0.0,0.0,-1,0.2,-0.055113931888418906,0.205816809418985,-0.07419701646274746,1.0
2020-02-26,284.6697692871094,-0.003685180594129811,0.012376078701114766,0.009878886935308822,0.0,-0.028322222423401884,-0.05170576746280467,-0.05083765914551774,0,0.20082051806022627,0.11521523395126732,32.79829406738281,0.0,0.0,-1,0.0,-0.05639517976548484,0.20082051806022627,-0.08265193917475955,0.9757245709285693
2020-02-27,271.8848571777344,-0.045951146724319436,0.012376078701114766,0.009878886935308822,0.0,-0.049153462178093285,-0.08608760395847657,-0.09013088123283292,0,0.25315706245370606,0.12526081411109663,34.0565185546875,0.0,0.0,-1,0.0,-0.09478264059067988,0.25315706245370606,-0.12448646931931329,1.0
2020-02-28,270.7424011230469,-0.004210838011895035,0.012376078701114766,0.009878886935308822,0.0,-0.03607165969622553,-0.08206615312779049,-0.09060348789290107,0,0.251446089856276,0.12848422016129238,34.78612627301897,0.0,0.0,-1,0.0,-0.09425690018425373,0.251446089856276,-0.11834537857063232,0.9932414581649566
2020-03-02,282.46728515625,0.042394919664102915,0.012376078701114766,0.009878886935308822,0.0,0.0037746130092330076,-0.03843874971129837,-0.04931117214288869,0,0.2971237941374416,0.12203348676110676,34.470467703683035,0.0,0.0,-1,0.2,-0.05320299925701798,0.2971237941374416,-0.04222255141668718,1.0
2020-03-03,274.3796081542969,-0.02905016034007879,0.012376078701114766,0.009878886935308822,0.0,-0.01678348635153982,-0.060064906574581446,-0.07375165190475894,0,0.30972589710069554,0.12718045575611128,34.89572361537388,0.0,0.0,-1,0.2,-0.07693588500321351,0.30972589710069554,-0.04050240600632016,1.0
2020-03-04,285.9125671386719,0.041173475991960196,0.012376078701114766,0.009878886935308822,0.0,0.01622982771057029,-0.018635447306898263,-0.03349908548341854,0,0.34289067531924544,0.1217764508851526,34.817417689732146,0.0,0.0,-1,0.4,-0.035735568011100276,0.34289067531924544,0.004356250579769849,1.0
2020-03-05,276.4084167480469,-0.03380651201431828,0.012376078701114766,0.009878886935308822,0.0,-0.01176961181227714,-0.04660327605450826,-0.06321607046495498,0,0.3557963197118446,0.12779062790261567,35.32240513392857,0.0,0.0,-1,0.4,-0.06340135691700005,0.3557963197118446,0.016500885289771006,1.0
2020-03-06,271.83905029296875,-0.016669378468916918,0.012376078701114766,0.009878886935308822,0.0,-0.018914713280510226,-0.05676177723603806,-0.07584998327255227,0,0.3568145588197793,0.1317865755861308,35.824737548828125,0.0,0.0,-1,0.4,-0.07364649230662769,0.3568145588197793,0.004042344832749123,1.0
2020-03-09,250.60997009277344,-0.08131233773423219,0.012376078701114766,0.009878886935308822,0.0,-0.06578270276303938,-0.11948620840430675,-0.14304644011931528,0,0.44624506526903746,0.1481280219046681,37.122359139578684,0.0,0.0,-1,0.2,-0.1382104335748113,0.44624506526903746,-0.11966491256558598,1.0
2020-03-10,263.5777282714844,0.050450481876576525,0.012376078701114766,0.009878886935308822,0.0,-0.011695887715954997,-0.06735804078911797,-0.09520133571976036,0,0.49180534040554397,0.13898034524675473,36.63212367466518,0.0,0.0,-1,0.4,-0.0869807906322726,0.49180534040554397,-0.040164270348930664,1.0
2020-03-11,250.7287139892578,-0.04997677457061922,0.012376078701114766,0.009878886935308822,0.0,-0.04072901488986704,-0.10318662537311715,-0.13458103240973954,0,0.5128202719378547,0.14799397723681482,37.106339590890066,0.0,0.0,-1,0.2,-0.12303583098944507,0.5128202719378547,-0.13131452091151008,1.0
2020-03-12,226.7396697998047,-0.10056900356949239,0.012376078701114766,0.009878886935308822,0.0,-0.09242190176823974,-0.17412625673309215,-0.21065296254275875,0,0.6004540592557944,0.17036706315549718,38.62897164481027,0.0,0.0,-1,0.2,-0.19545774521239903,0.6004540592557944,-0.1980770124666842,1.0
2020-03-13,246.12283325195312,0.08202820318061832,0.012376078701114766,0.009878886935308822,0.0,-0.009940021729820808,-0.09459841282369351,-0.1383365370898876,0,0.6921551461049056,0.15132545011138743,37.24464852469308,0.0,0.0,-1,0.4,-0.11698214533746377,0.6921551461049056,-0.09937943081714895,1.0
2020-03-16,219.1911163330078,-0.11588670689973757,0.012376078701114766,0.009878886935308822,0.008679553929455491,-0.08208714071292764,-0.17851887321655746,-0.22555827693968913,0,0.7829754132549022,0.17136863071691266,37.56248147147043,0.0,0.0,-1,0.4,-0.2007984899845446,0.7829754132549022,-0.13395379998265433,1.0
2020-03-17,231.0257568359375,0.05258517918530181,0.012376078701114766,0.009878886935308822,0.008679553929455491,-0.021922274920899654,-0.12295867215634704,-0.1778200084484612,0,0.8201410001196263,0.15824109478528972,36.55776868547712,0.0,0.0,-1,0.4,-0.14570198468323153,0.8201410001196263,-0.13181910267392905,1.0
2020-03-18,219.32823181152344,-0.05195982259128318,0.012376078701114766,0.009878886935308822,0.008679553929455491,-0.048792173690883296,-0.15387906045791297,-0.21267382122026102,0,0.8273047222802872,0.16362476161446982,35.88752964564732,0.0,0.0,-1,0.4,-0.1752534711918557,0.8273047222802872,-0.133802150694593,1.0
2020-03-19,219.79429626464844,0.002122708803703688,0.012376078701114766,0.009878886935308822,0.008679553929455491,-0.03167440805634683,-0.13961940698569528,-0.2044177040458059,0,0.8289053811318335,0.15929944036127555,35.01310838971819,0.0,0.0,-1,0.6,-0.15957461208464666,0.8289053811318335,-0.031110438321396927,1.0
2020-03-20,210.3224334716797,-0.044050341288146555,0.012376078701114766,0.009878886935308822,0.008679553929455491,-0.05016314575950741,-0.16260492342008806,-0.2315089386293009,0,0.8340120810631461,0.17100393708479258,35.96596418108259,0.0,0.0,-1,0.4,-0.18100568428535138,0.8340120810631461,-0.1571889827901618,1.0
2020-03-23,204.94485473632812,-0.025900809019098858,0.012376078701114766,0.009878886935308822,0.008679553929455491,-0.05089558664141911,-0.16946019888079347,-0.24370895801674264,0,0.8325835918330718,0.17714460317461336,36.30487496512277,0.0,0.0,-1,0.4,-0.187759846804762,0.8325835918330718,-0.06720308490952309,0.9982872079883384
2020-03-24,223.51356506347656,0.08673116434287209,0.012376078701114766,0.009878886935308822,0.008679553929455491,0.023127135793565932,-0.08600972348928838,-0.16948066969202827,0,0.9098513391669516,0.16239762810132158,36.298072814941406,0.0,0.0,-1,0.4,-0.1031121346460788,0.9098513391669516,-0.03305709975195281,1.0
2020-03-25,226.85963439941406,0.01485936955219902,0.012376078701114766,0.009878886935308822,0.008679553929455491,0.025304846393594448,-0.06589259917216464,-0.1518238453893172,0,0.9145431374147016,0.15387797048082663,34.908700125558035,0.0,0.0,-1,0.6,-0.079003096769503,0.9145431374147016,0.033762092391529386,1.0
2020-03-26,240.1059112548828,0.05674864733384499,0.012376078701114766,0.009878886935308822,0.008679553929455491,0.055213864291883366,-0.010280435218034685,-0.09868321615880457,0,0.9354261956718067,0.14109286100385465,33.87722996303013,0.0,0.0,-1,0.6,-0.01889746939316365,0.9354261956718067,0.08838803092167069,1.0
2020-03-27,232.9541473388672,-0.03023848123191275,0.012376078701114766,0.009878886935308822,0.008679553929455491,0.015730888200836967,-0.036110157099678325,-0.12120364152709252,0,0.939241306122536,0.13980587916936535,32.568359375,0.0,0.0,-1,0.6,-0.040714419697276176,0.939241306122536,0.1021998909779045,1.0
2020-03-30,240.51953125,0.03195965560449743,0.012376078701114766,0.009878886935308822,0.008679553929455491,0.03195941258900602,-0.004351196334487116,-0.08935480604904292,0,0.9325933851661536,0.13472112116862117,32.40306091308594,0.0,0.0,-1,0.8,-0.0009319886121700301,0.9325933851661536,0.16006035560150078,0.9929220308848778
2020-03-31,236.9344940185547,-0.015017590882644427,0.012376078701114766,0.009878886935308822,0.008679553929455491,0.010991035380372842,-0.017395741203343383,-0.09929270771345051,0,0.9297258448300515,0.1330527718347787,31.524791172572545,0.0,0.0,-1,0.6,-0.0081095941317497,0.9297258448300515,0.05831160037598426,0.9898689918869017
2020-04-01,226.27130126953125,-0.04604897897831517,0.012376078701114766,0.009878886935308822,0.008679553929455491,-0.023273327150912192,-0.05607840154405366,-0.13508612917565727,0,0.9208750978229255,0.13359608156252392,30.228959219796316,0.0,0.0,-1,0.4,-0.04077450746217344,0.9208750978229255,-0.0025967481545299265,0.9804456978415573
2020-04-02,231.4925537109375,0.022812980207484124,0.012376078701114766,0.009878886935308822,0.008679553929455491,-0.0004902382483323858,-0.03113252282910412,-0.11111491834840594,0,0.9247691814043035,0.1319365315271645,30.54232461111886,0.0,0.0,-1,0.4,-0.009207332088377033,0.9247691814043035,-0.036532415280890795,0.9845916862643344
2020-04-03,228.14657592773438,-0.014559408339737345,0.012376078701114766,0.009878886935308822,0.008679553929455491,-0.0100078862427056,-0.041014064475320675,-0.11968333200833624,0,0.9245633638916093,0.125181762464623,28.559790475027903,0.0,0.0,-1,0.4,-0.01431176861447372,0.9245633638916093,-0.02085334238871539,0.9843725545977939
2020-04-06,243.4702606201172,0.0650065028129454,0.012376078701114766,0.009878886935308822,0.008679553929455491,0.03696132777051363,0.021121784590349073,-0.05831976336955154,0,0.9181395560318956,0.11558649939009742,28.14187513078962,0.0,0.0,-1,0.4,0.05351779941395134,0.9181395560318956,0.012193504819732581,0.9775331962584198
2020-04-07,243.71852111816406,0.0010191553206491122,0.012376078701114766,0.009878886935308822,0.008679553929455491,0.02502860910836226,0.020009998843406245,-0.05523440534536829,0,0.8976194231235526,0.11149453046717005,27.173282078334264,0.0,0.0,-1,0.6,0.059142788748413194,0.8976194231235526,0.02823025102302612,0.955685634003033
2020-04-08,251.89967346191406,0.03301692964960434,0.012376078701114766,0.009878886935308822,0.008679553929455491,0.038854737760618034,0.048830799874748546,-0.022618970249908422,0,0.8894418772164541,0.10632934317704239,26.784326825823104,0.0,0.0,-1,0.8,0.09441767431026442,0.8894418772164541,0.10729615965094563,0.9469790898446869
2020-04-09,255.7330780029297,0.01510334941888214,0.012376078701114766,0.009878886935308822,0.008679553929455491,0.03579052206282873,0.05826171849220858,-0.007443731358383667,0,0.8064732816169226,0.10096837093099997,25.82095227922712,0.0,0.0,-1,0.8,0.10411841030272138,0.8064732816169226,0.09958652886234365,0.8586433287802058
2020-04-13,253.3981475830078,-0.00917227886443861,0.012376078701114766,0.009878886935308822,0.008679553929455491,0.017402841686544615,0.0437683279285845,-0.015869083003708883,0,0.7558516573468145,0.09859415012181588,24.983575003487722,0.0,0.0,-1,0.8,0.09232189060729458,0.7558516573468145,0.10497365833764238,0.8047470361660223
2020-04-14,260.87158203125,0.029066305759104516,0.012376078701114766,0.009878886935308822,0.008679553929455491,0.031114271415323122,0.06697629590710605,0.012633316691576527,0,0.6203725137798539,0.09392326874936421,24.50191170828683,0.0,0.0,-1,0.8,0.11452514672053091,0.6203725137798539,0.0690334612838015,0.6605038659776729
2020-04-15,255.3285369873047,-0.021477167119837937,0.012376078701114766,0.009878886935308822,0.008679553929455491,0.006117878272409748,0.03991704238203017,-0.00853790315486382,0,0.6064382637348469,0.09941193337825849,25.382703508649552,0.0,0.0,-1,0.6,0.08520970435386156,0.6064382637348469,0.04653713884331445,0.6456682215546953
2020-04-16,256.56024169921875,0.004812401210189776,0.012376078701114766,0.009878886935308822,0.008679553929455491,0.007287608483654905,0.040480977040927485,-0.0036083634919047806,0,0.5679766707314187,0.10037944383565751,25.753374372209823,0.0,0.0,-1,0.6,0.08188459821529272,0.5679766707314187,0.018332610403899885,0.6047185819331065
2020-04-17,263.4914245605469,0.026657325628248074,0.012376078701114766,0.009878886935308822,0.008679553929455491,0.022738702380564323,0.061655235614880746,0.0223753941533371,0,0.5713679551280241,0.09665295655592984,25.467225211007253,0.0,0.0,-1,0.6,0.10096904638311906,0.5713679551280241,0.02988658661326582,0.6083292455341416
2020-04-20,258.8490905761719,-0.017775593071434947,0.012376078701114766,0.009878886935308822,0.008679553929455491,0.0031414183115964435,0.03870159544397293,0.004190832586986113,0,0.546021048276681,0.10055947433582892,26.029728480747767,0.0,0.0,-1,0.6,0.07071648849848466,0.546021048276681,0.021283272406269482,0.5813426695753152
2020-04-21,250.98971557617188,-0.030833265525740394,0.012376078701114766,0.009878886935308822,0.008679553929455491,-0.018378501732278178,0.0064770594744907005,-0.025293927353028572,0,0.5506292149078901,0.10664096397629279,26.765785217285156,0.0,0.0,-1,0.4,0.02841287786659561,0.5506292149078901,-0.03861629887857543,0.5862489344522647
2020-04-22,256.56024169921875,0.021951532968927268,0.012376078701114766,0.009878886935308822,0.008679553929455491,0.002269316795115306,0.025999412687344087,-0.0035180001670539213,0,0.473755766140945,0.10122451259003175,25.97018541608538,0.0,0.0,-1,0.6,0.04416836379367298,0.473755766140945,0.004812401210189776,0.5044026099072964
2020-04-23,256.54193115234375,-7.137193273187847e-05,0.012376078701114766,0.009878886935308822,0.008679553929455491,0.0014641176941806516,0.023399250491734507,-0.0034488541565673666,0,0.47339084000176046,0.10075579711132678,25.848086765834264,0.0,0.0,-1,0.4,0.03782520838093059,0.47339084000176046,-7.137193273187847e-05,0.5040140770171798
2020-04-24,260.11767578125,0.013842002253518615,0.012376078701114766,0.009878886935308822,0.008679553929455491,0.010229259657058513,0.03395483143541277,0.01002775161381156,0,0.4355500936352755,0.09917547717247281,25.79729461669922,0.0,0.0,-1,0.4,0.04804836015410686,0.4355500936352755,-0.012886695307461338,0.39966583356660307
2020-04-27,263.86822509765625,0.014315703391311274,0.012376078701114766,0.009878886935308822,0.008679553929455491,0.01639477208111417,0.0440046707073688,0.023603886689464827,0,0.417429762634132,0.09897825260311768,26.117215837751115,0.0,0.0,-1,0.6,0.05657960368163901,0.417429762634132,0.019204601155284884,0.36278015001644637
2020-04-28,262.6548156738281,-0.004609148994542345,0.012376078701114766,0.009878886935308822,0.008679553929455491,0.007783481591247644,0.03533813603520347,0.01814230467517072,0,0.40760154149878625,0.10007015569658312,26.28390829903739,0.0,0.0,-1,0.6,0.04708053120734174,0.40760154149878625,0.04542871768648293,0.35076455081126523
2020-04-29,269.53082275390625,0.025842071774670572,0.012376078701114766,0.009878886935308822,0.008679553929455491,0.022520927406619633,0.05616126925275986,0.04296393692670669,0,0.4075866231461151,0.09874290205715826,26.61425563267299,0.0,0.0,-1,0.6,0.06755568216118892,0.4075866231461151,0.04931925649222624,0.3421892271053545
2020-04-30,267.02130126953125,-0.00935431869992609,0.012376078701114766,0.009878886935308822,0.008679553929455491,0.008629629105961501,0.04173138112054779,0.03190755291298296,0,0.3633132198486416,0.10081805483538452,26.920568193708146,0.0,0.0,-1,0.6,0.0491492332578925,0.3633132198486416,0.04003630972503203,0.2849475802704784
2020-05-01,259.95233154296875,-0.02683016126628246,0.012376078701114766,0.009878886935308822,0.008679553929455491,-0.012121190268856961,0.012788019333193698,0.004408649815632048,0,0.37935510330573463,0.10508898293489402,27.318126133510045,0.0,0.0,-1,0.4,0.015695854793072214,0.37935510330573463,-0.0006358537947690479,0.30486462869439945
2020-05-04,260.6693115234375,0.002754324347761461,0.012376078701114766,0.009878886935308822,0.008679553929455491,-0.006284016585429218,0.01407657844270234,0.006895462450597316,0,0.37193818939749757,0.10695888802079358,27.880899701799667,0.0,0.0,-1,0.4,0.01206689253216934,0.37193818939749757,-0.012197232838318861,0.2956560445614001
2020-05-05,263.0777587890625,0.009197050938527518,0.012376078701114766,0.009878886935308822,0.008679553929455491,0.0019297337155864977,0.02116588665868683,0.01555352537847943,0,0.3020110137184433,0.1042065120140099,27.414415631975448,0.0,0.0,-1,0.6,0.017544701959400742,0.3020110137184433,0.0016089670947510015,0.20883687847825858
2020-05-06,261.29437255859375,-0.006802013302745991,0.012376078701114766,0.009878886935308822,0.008679553929455491,-0.0032467821150746496,0.012869493640787372,0.008326359482230143,0,0.3042588166304692,0.10507516368869409,27.455548967633927,0.0,0.0,-1,0.4,0.007223247746620109,0.3042588166304692,-0.03103511798266556,0.21162767293615348
2020-05-07,264.44732666015625,0.011994452434037406,0.012376078701114766,0.009878886935308822,0.008679553929455491,0.005836726036178685,0.0226476768067744,0.01967402705632154,0,0.2857824914593418,0.10382126012628182,27.455254690987722,0.0,0.0,-1,0.6,0.016917768388590222,0.2857824914593418,-0.009686346848702065,0.18868810576414877
2020-05-08,268.82293701171875,0.016410847748274726,0.012376078701114766,0.009878886935308822,0.008679553929455491,0.014874904491403648,0.035665808156366836,0.035062384607523804,0,0.286588039825223,0.10132408326515348,27.238237653459823,0.0,0.0,-1,0.8,0.031148726715061803,0.286588039825223,0.03355466216585512,0.18968824679210097
2020-05-11,268.8780517578125,0.00020500146898605465,0.012376078701114766,0.009878886935308822,0.008679553929455491,0.010005015968860342,0.03235063591581333,0.03384446055694031,1,0.28344004462014233,0.09818763355229931,26.400499616350448,0.0,0.0,-1,0.8,0.028307210343967076,0.28344004462014233,0.031005339287079714,0.18577980467521593
2020-05-12,263.51898193359375,-0.02013253453672359,0.012376078701114766,0.009878886935308822,0.008679553929455491,-0.0067732775886619545,0.01064129432227122,0.012712906994334887,1,0.27707895791919485,0.10142064851389085,26.726266043526785,0.0,0.0,-1,0.6,0.007301847391658106,0.27707895791919485,0.0016757538118286064,0.17754098330188378
2020-05-13,258.85845947265625,-0.017843979287708756,0.012376078701114766,0.009878886935308822,0.008679553929455491,-0.01635885755402862,-0.006548312227927337,-0.004994836875946531,1,0.2735334533425513,0.10626082446381084,27.506513323102677,0.0,0.0,-1,0.6,-0.01118012329675342,0.2735334533425513,-0.009366212173134159,0.17278097133812975
2020-05-14,261.9561462402344,0.011895685191166905,0.012376078701114766,0.009878886935308822,0.008679553929455491,-0.00306328413351292,0.004829014448315358,0.006639248699346691,1,0.27609410611547386,0.10538915485618408,27.607336861746653,0.0,0.0,-1,0.6,-0.0003774010185533384,0.27609410611547386,-0.00946497941600466,0.17470718395777438
2020-05-15,263.1603698730469,0.004586508734216288,0.012376078701114766,0.009878886935308822,0.008679553929455491,0.0010126048441588841,0.008540737301249525,0.010820195941347558,1,0.25955389343184726,0.10421402312611464,27.425000871930802,0.0,0.0,-1,0.6,0.004281342452951336,0.25955389343184726,-0.021289318430063098,0.1481071838489604
2020-05-18,271.1761474609375,0.030004982634793897,0.012376078701114766,0.009878886935308822,0.008679553929455491,0.02078382609752108,0.03538912981443052,0.03991257391039441,1,0.27144786202978155,0.1021672457002758,27.70532008579799,0.0,0.0,-1,0.6,0.03244296228705037,0.27144786202978155,0.008510662735744745,0.11601151083264441
2020-05-19,268.39093017578125,-0.010323988023029251,0.012376078701114766,0.009878886935308822,0.008679553929455491,0.006842827054860642,0.022344496943396415,0.028053256004546858,1,0.24686833330318436,0.103388197523566,27.74845450265067,0.0,0.0,-1,0.6,0.018465136032958206,0.24686833330318436,0.018319209249439083,0.062359857668406356
2020-05-20,272.9503479003906,0.016845290485757225,0.012376078701114766,0.009878886935308822,0.008679553929455491,0.01583827024250628,0.03579457770941302,0.04365486032701074,1,0.24239049061052406,0.1014833282614794,27.69990975516183,0.0,0.0,-1,0.8,0.03255576918107087,0.24239049061052406,0.053008479022905064,0.056295777722322214
2020-05-21,271.0659484863281,-0.006927759198380734,0.012376078701114766,0.009878886935308822,0.008679553929455491,0.005866148947097079,0.025845170341446354,0.03497027275591007,1,0.2447888877609717,0.10045923972938825,27.2310791015625,0.0,0.0,-1,0.6,0.02261788026249883,0.2447888877609717,0.034185034633357425,0.00344176557888567
2020-05-22,271.5807189941406,0.0018972590935248945,0.012376078701114766,0.009878886935308822,0.008679553929455491,0.005170829371419417,0.025079943652449747,0.03543595532217346,1,0.2412590649068903,0.09924271478711388,26.952407836914062,0.0,0.0,-1,0.6,0.022349305768744266,0.2412590649068903,0.03149578499266603,0.0
2020-05-26,274.9267578125,0.012245324249801293,0.012376078701114766,0.009878886935308822,0.008679553929455491,0.011635341519574861,0.03399607032469316,0.04621588070332629,1,0.23998365610529573,0.09825274017750046,27.01230730329241,0.0,0.0,-1,0.6,0.032795546239901746,0.23998365610529573,0.013736126607673427,0.0
2020-05-27,279.017333984375,0.014769181901868045,0.012376078701114766,0.009878886935308822,0.008679553929455491,0.01763462444668224,0.044468621803479984,0.059215996067720086,1,0.24269168119766404,0.09558785110187823,26.670667375837052,0.0,0.0,-1,0.8,0.04495074944795551,0.24269168119766404,0.03882929653257072,0.003872714288219147
2020-05-28,278.5025329589844,-0.0018467545363787252,0.012376078701114766,0.009878886935308822,0.008679553929455491,0.01044980556946394,0.038334635247030416,0.05489286776636078,1,0.22759199183783038,0.09556752919737181,26.615798950195312,0.0,0.0,-1,0.6,0.04127342096746666,0.22759199183783038,0.020137251510434773,0.0
2020-05-29,279.7435607910156,0.004446174869311648,0.012376078701114766,0.009878886935308822,0.008679553929455491,0.009918859232175043,0.038711565351759354,0.057123049639315866,1,0.22399573458966396,0.09557349112841146,26.736068725585938,0.0,0.0,-1,0.8,0.043431799711689485,0.22399573458966396,0.031511185578127154,0.0
2020-06-01,280.87420654296875,0.004033576353699608,0.012376078701114766,0.009878886935308822,0.008679553929455491,0.009290423066615844,0.03866509572800515,0.05884629226722,1,0.19571732209374415,0.09519228026029332,26.737056187220983,0.0,0.0,-1,0.8,0.043577142107267014,0.19571732209374415,0.03364750283830187,0.0
2020-06-02,283.19989013671875,0.00824606832979402,0.012376078701114766,0.009878886935308822,0.008679553929455491,0.011696203748820449,0.04257230429235683,0.064790398882532,1,0.19627197202104005,0.0928328568651247,26.290254865373885,0.0,0.0,-1,0.8,0.04783234856744844,0.19627197202104005,0.029648246918294596,0.0007459744933721185
2020-06-03,286.96881103515625,0.013220563618761005,0.012376078701114766,0.009878886935308822,0.008679553929455491,0.01663396369706987,0.050798200393338266,0.07563029384784847,1,0.198156156158731,0.08946272104335763,25.673010689871653,0.0,0.0,-1,0.8,0.05710505165471103,0.198156156158731,0.028099628635187557,0.0032801014054341655
2020-06-04,286.21502685546875,-0.002630167022858565,0.012376078701114766,0.009878886935308822,0.008679553929455491,0.009265911572767703,0.04326506401568527,0.06975068386554348,1,0.1955797903029665,0.09014033754104667,25.79951913016183,0.0,0.0,-1,0.8,0.04951108381785209,0.1955797903029665,0.027316216148707717,0.0
2020-06-05,293.5505065917969,0.02530633777129765,0.012376078701114766,0.009878886935308822,0.008679553929455491,0.023150653012404068,0.0629167438003694,0.09300272315337745,1,0.2076326401151707,0.09007664557020542,26.442044939313615,0.0,0.0,-1,0.8,0.0706961846062796,0.2076326401151707,0.04817637905069372,0.01620744055704039
2020-06-08,297.0987854003906,0.012014986024184715,0.012376078701114766,0.009878886935308822,0.008679553929455491,0.02340156909959983,0.06805793240824333,0.10162577829506972,1,0.2050607589385113,0.08816896291917546,26.194891793387278,0.0,0.0,-1,0.8,0.07807888396013321,0.2050607589385113,0.056157788721178825,0.01274903761168291
2020-06-09,294.8834533691406,-0.007484489322853172,0.012376078701114766,0.009878886935308822,0.008679553929455491,0.010458702821754201,0.05406127067846467,0.08942069081166656,1,0.2092202316283835,0.08887190645830227,26.206854684012278,0.0,0.0,-1,0.6,0.06501510062792827,0.2092202316283835,0.04042723106853163,0.018342271363046447
2020-06-10,293.2380676269531,-0.005595408351273257,0.012376078701114766,0.009878886935308822,0.008679553929455491,0.003208552535373703,0.04339217394712521,0.07981279426901533,1,0.19207382458846398,0.09006792490949489,26.411344255719865,0.0,0.0,-1,0.4,0.053419117422971105,0.19207382458846398,0.02161125909849737,0.0
2020-06-11,276.33319091796875,-0.059377445509556814,0.012376078701114766,0.009878886935308822,0.008679553929455491,-0.037092328711944046,-0.015186532166100854,0.016862337287530303,1,0.29012664608689626,0.1005544883246607,27.786542619977677,0.0,0.0,-1,0.4,-0.010415516018840458,0.29012664608689626,-0.03513601938820088,0.1312327208045937
2020-06-12,279.6424560546875,0.011904493429588214,0.012376078701114766,0.009878886935308822,0.008679553929455491,-0.01718703800293947,-0.0030706381466804097,0.02786935028571068,1,0.2901301225396723,0.10100393543990979,28.244988577706472,0.0,0.0,-1,0.4,-0.001725995360444322,0.2901301225396723,-0.04853786372991031,0.1312373736473123
2020-06-15,282.2530822753906,0.009292278822086608,0.012376078701114766,0.009878886935308822,0.008679553929455491,-0.005355571435381097,0.00563900095459898,0.03594308466216835,1,0.2908938787067758,0.10081567038825234,28.455533708844865,0.0,0.0,-1,0.4,0.0041713820087683744,0.2908938787067758,-0.05126057093200842,0.1322595757452079
2020-06-16,287.6857604980469,0.019064651717366488,0.012376078701114766,0.009878886935308822,0.008679553929455491,0.00915053447466484,0.0225608907677702,0.05357357015726858,1,0.280064310808343,0.09946908090772981,28.615838187081472,0.0,0.0,-1,0.6,0.020502191066695534,0.280064310808343,-0.02471142989178876,0.11776541189830478
2020-06-17,286.49078369140625,-0.004162408039968035,0.012376078701114766,0.009878886935308822,0.008679553929455491,0.003300390143119955,0.01654043697672153,0.047176957429560296,1,0.2770270843800574,0.10090164806275023,28.907392229352677,0.0,0.0,-1,0.6,0.013011240016352383,0.2770270843800574,-0.02327842958048354,0.1137004244579392
2020-06-18,286.6011047363281,0.0003850029934531207,0.012376078701114766,0.009878886935308822,0.008679553929455491,0.002454808697334887,0.015294659548565312,0.045629172038239955,1,0.272447160115053,0.10103539102039204,28.956854684012278,0.0,0.0,-1,0.8,0.010961467242893982,0.272447160115053,0.036484018922526396,0.10757070872726929
2020-06-19,284.9632263183594,-0.005731228532816601,0.012376078701114766,0.009878886935308822,0.008679553929455491,-0.0021850890389653902,0.00858061979220247,0.038039377525712945,1,0.27193411610386226,0.10243099670308731,29.18906729561942,0.0,0.0,-1,0.6,0.0027262313221749603,0.27193411610386226,0.01884829696012158,0.106884056773229
2020-06-22,286.7912902832031,0.00639459817462118,0.012376078701114766,0.009878886935308822,0.008679553929455491,0.002806709450104379,0.01359785625076332,0.04287046187008233,1,0.27227030337246494,0.10261565294933338,29.429275512695312,0.0,0.0,-1,0.6,0.006465363783674661,0.27227030337246494,0.015950616312656152,0.10733400578320522
2020-06-23,288.1116027832031,0.004593175081099687,0.012376078701114766,0.009878886935308822,0.008679553929455491,0.0049366981460399325,0.01649605575732987,0.045716627011162324,1,0.27006740190734396,0.10166904470808842,29.29203142438616,0.0,0.0,-1,0.6,0.008765045421446307,0.27006740190734396,0.0014791396763893516,0.10532277804793719
2020-06-24,280.76220703125,-0.02583984198826439,0.012376078701114766,0.009878886935308822,0.008679553929455491,-0.013894584865308745,-0.00854282803634885,0.01828121763324464,1,0.2834228036760989,0.1060432860734105,29.77294703892299,0.0,0.0,-1,0.6,-0.017267582638565995,0.2834228036760989,-0.020198294271907002,0.12383749597502267
2020-06-25,283.7721862792969,0.010663682520482887,0.012376078701114766,0.009878886935308822,0.008679553929455491,-0.0022176582158605945,0.0018872557628674528,0.028020846146832742,1,0.2856295263171981,0.10385949544174357,29.472436087472097,0.0,0.0,-1,0.6,-0.007647159165537854,0.2856295263171981,-0.009919614744877236,0.12768704053934526
2020-06-26,277.0321350097656,-0.024038244945268517,0.012376078701114766,0.009878886935308822,0.008679553929455491,-0.01742830268758095,-0.019864055092273583,0.0034618679881254595,0,0.2985901498405591,0.10755391932008569,29.795891898018972,0.0,0.0,-1,0.6,-0.030757642693023248,0.2985901498405591,-0.02822663115732915,0.1453760069055107
2020-06-29,281.1038818359375,0.014590776941278527,0.012376078701114766,0.009878886935308822,0.008679553929455491,-0.001993129274432744,-0.004941003196688067,0.017483868758364836,0,0.30302864582243816,0.10517262626670745,29.56443350655692,0.0,0.0,-1,0.6,-0.01655148149083876,0.30302864582243816,-0.020030452390671805,0.1514763218864957
2020-06-30,284.7047119140625,0.012728257334808646,0.012376078701114766,0.009878886935308822,0.008679553929455491,0.007168180121198305,0.007056702245309906,0.029285626463276367,0,0.30504927383687147,0.10200449960263955,29.041161673409597,0.0,0.0,-1,0.6,-0.004216015993491082,0.30504927383687147,-0.011895370136962846,0.15559947860892745
2020-07-01,286.6989440917969,0.006980145309698926,0.012376078701114766,0.009878886935308822,0.008679553929455491,0.009437227184028753,0.01274968499328908,0.03501402197564921,1,0.3023262017397229,0.09589071519038772,27.491766793387278,0.0,0.0,-1,0.8,0.0028063427719826886,0.3023262017397229,0.02092461716100047,0.15626541697683882
2020-07-02,288.27777099609375,0.005491808036645729,0.012376078701114766,0.009878886935308822,0.008679553929455491,0.009947683044779027,0.016552510487160506,0.039054783414712184,1,0.3027800948308852,0.09345853718863785,26.94201878138951,0.0,0.0,-1,0.8,0.007965089312167752,0.3027800948308852,0.01575274267716331,0.1587486978005821
2020-07-06,292.72802734375,0.015319445672333565,0.012376078701114766,0.009878886935308822,0.008679553929455491,0.01688204464892318,0.029085114611660124,0.05282036274593356,1,0.2938087208247741,0.09214881829061902,26.974541800362722,0.0,0.0,-1,1.0,0.0236726334849445,0.2938087208247741,0.05511043329476539,0.1655842873435317
2020-07-07,289.7088928222656,-0.010367342655400513,0.012376078701114766,0.009878886935308822,0.008679553929455491,0.004253693656924596,0.01668282572542465,0.0402500032599211,1,0.2922651725638357,0.09373886371669606,27.156982421875,0.0,0.0,-1,0.8,0.014425457654670504,0.2922651725638357,0.030152313698086353,0.1777142380451065
2020-07-08,291.9247741699219,0.007619545408378059,0.012376078701114766,0.009878886935308822,0.008679553929455491,0.007925056261095369,0.022078209336762755,0.046228664990809284,1,0.2929151499458275,0.09215772866306107,26.903124128069198,0.0,0.0,-1,0.8,0.02271420252617588,0.2929151499458275,0.025043601771655766,0.23544626192470436
2020-07-09,290.2628479003906,-0.005709261828388712,0.012376078701114766,0.009878886935308822,0.008679553929455491,0.0014569006070864108,0.01468825207396633,0.03863216482329019,1,0.29294167408184224,0.09225430636992792,26.777997698102677,0.0,0.0,-1,0.6,0.0174221370383405,0.29294167408184224,0.012354194633568127,0.24342786195932367
2020-07-10,293.2265625,0.010158676522160626,0.012376078701114766,0.009878886935308822,0.008679553929455491,0.0077579414998371786,0.022609152405497483,0.04721503641915531,1,0.19533528437137718,0.0904782214267404,26.53061785016741,0.0,0.0,-1,0.6,0.024776408810066812,0.19533528437137718,0.017021063119083024,0.008598761542325088
2020-07-13,290.68756103515625,-0.008696544113282023,0.012376078701114766,0.009878886935308822,0.008679553929455491,-0.0006455895380174919,0.012428307652942268,0.0365966474916699,1,0.1965177608479447,0.0911711278665965,26.502312796456472,0.0,0.0,-1,0.4,0.013946081753135185,0.1965177608479447,-0.006994926666532564,0.011716332792071047
2020-07-14,294.4546203613281,0.012875883811968691,0.012376078701114766,0.009878886935308822,0.008679553929455491,0.008169941874533859,0.023059204523518704,0.04797395772715279,1,0.19869636989674122,0.09083841042296989,26.747789655412948,0.0,0.0,-1,0.6,0.024904941224941274,0.19869636989674122,0.01624829980083664,0.018470075996842274
2020-07-15,297.1597900390625,0.009145106960185778,0.012376078701114766,0.009878886935308822,0.008679553929455491,0.011554229205891116,0.029276353574506912,0.05521812428057269,1,0.19042159303585135,0.087866779113326,26.1104736328125,0.0,0.0,-1,0.6,0.03261820677332261,0.19042159303585135,0.01777386135264436,0.0
2020-07-16,296.18115234375,-0.0032987394357588684,0.012376078701114766,0.009878886935308822,0.008679553929455491,0.005466930732547168,0.023363638862507283,0.049613161688261624,1,0.1900981474427221,0.08818629619054114,26.11911882672991,0.0,0.0,-1,0.6,0.027487518390888307,0.1900981474427221,0.020184383745274204,0.0
2020-07-17,297.03985595703125,0.002895056651806449,0.012376078701114766,0.009878886935308822,0.008679553929455491,0.005572451919231593,0.023763357641520003,0.050487049659238996,1,0.19008309181318025,0.08640012431977141,25.664280482700892,0.0,0.0,-1,0.6,0.028604007511475304,0.19008309181318025,0.012920763874920027,0.0
2020-07-20,299.4403076171875,0.008048765963030391,0.012376078701114766,0.009878886935308822,0.008679553929455491,0.009090974152842126,0.028897361988452597,0.056532747730158,1,0.18914380270349723,0.08530055287618989,25.542423793247767,0.0,0.0,-1,0.8,0.03432377504142293,0.18914380270349723,0.02966607395123244,0.0
2020-07-21,300.077392578125,0.0021253257428011096,0.012376078701114766,0.009878886935308822,0.008679553929455491,0.00746397474766088,0.028042793286681567,0.056345606320576405,1,0.18857746042656892,0.08567561683916683,25.709315708705358,0.0,0.0,-1,0.8,0.034151386444861785,0.18857746042656892,0.01891551588206486,0.0
2020-07-22,301.78546142578125,0.005675955649856235,0.012376078701114766,0.009878886935308822,0.008679553929455491,0.008760494579089114,0.030567787054586504,0.05976684126297623,1,0.1887938606677377,0.08537513798623597,25.76497541155134,0.0,0.0,-1,0.8,0.037593098149110424,0.1887938606677377,0.015446364571735316,0.0009880203131519254
2020-07-23,298.1846923828125,-0.012003304674492732,0.012376078701114766,0.009878886935308822,0.008679553929455491,-0.002186109668021379,0.01650265237582082,0.04519073988314225,1,0.16649442785145,0.08741320378004551,26.065279279436385,0.0,0.0,-1,0.8,0.02215157286552404,0.16649442785145,0.0067417993330014525,0.0
2020-07-24,296.26422119140625,-0.0064613723032325154,0.012376078701114766,0.009878886935308822,0.008679553929455491,-0.005758246077251227,0.008999117393813089,0.03689529718112246,1,0.16714927869328194,0.0888679396821135,26.32839093889509,0.0,0.0,-1,0.6,0.013398593457465089,0.16714927869328194,-0.002614629622037512,0.0030764294082708103
2020-07-27,298.42474365234375,0.007266090659951097,0.012376078701114766,0.009878886935308822,0.008679553929455491,0.0009943815962412713,0.014776439606859166,0.0426391650910087,1,0.1361493805681101,0.08739512314928316,26.080867222377233,0.0,0.0,-1,0.6,0.017067641877917324,0.1361493805681101,-0.0033973049251168064,0.0
2020-07-28,296.531982421875,-0.006362706842558907,0.012376078701114766,0.009878886935308822,0.008679553929455491,-0.003576004467529268,0.00753991731006089,0.03456459269256412,1,0.13426111241721914,0.08826196768675619,26.172496250697545,0.0,0.0,-1,0.4,0.007966895545368679,0.13426111241721914,-0.011885337510476823,0.0
2020-07-29,300.1789855957031,0.012223836266148425,0.012376078701114766,0.009878886935308822,0.008679553929455491,0.005769221553019522,0.017999097451214363,0.0453499978432871,1,0.13377103208751298,0.08707324375635943,26.137557983398438,0.0,0.0,-1,0.4,0.017687219114686716,0.13377103208751298,-0.005337456894184633,0.0
2020-07-30,299.1078796386719,-0.00357460561776346,0.012376078701114766,0.009878886935308822,0.008679553929455491,0.0014525518501202507,0.012980635309656353,0.03992263953749643,1,0.13448042570075394,0.08804145465505435,26.333892822265625,0.0,0.0,-1,0.4,0.011927313077863235,0.13448042570075394,0.0030912421625446385,0.004141761416952528
2020-07-31,301.4715576171875,0.007871365671248576,0.012376078701114766,0.009878886935308822,0.008679553929455491,0.0062248695740296294,0.018949135386972522,0.0461655325180802,1,0.13553320967721533,0.08634325586801446,26.030035836356028,0.0,0.0,-1,0.6,0.017652767104149016,0.13553320967721533,0.01742398013702573,0.010288391401641337
2020-08-03,303.5673828125,0.006927929552596801,0.012376078701114766,0.009878886935308822,0.008679553929455491,0.008774750846585539,0.023495281027352048,0.05123546154833134,1,0.12784575161294748,0.08527727391559388,25.887398856026785,0.0,0.0,-1,0.6,0.022856181096203063,0.12784575161294748,0.017085819029671434,0.0
2020-08-04,304.7400207519531,0.0038554171299205464,0.012376078701114766,0.009878886935308822,0.008679553929455491,0.008412138700857203,0.02476996478715499,0.05301279869676986,1,0.11956631161632628,0.08496427048154219,25.892013549804688,0.0,0.0,-1,0.8,0.024213678646021773,0.11956631161632628,0.027303943002150888,0.0
2020-08-05,306.63275146484375,0.0061917600712249055,0.012376078701114766,0.009878886935308822,0.008679553929455491,0.009735943771806121,0.02808627994950568,0.05708429989122313,1,0.11886544797661563,0.08434224041837537,25.862093244280135,0.0,0.0,-1,0.8,0.028034114358592776,0.11886544797661563,0.02127186680722737,0.0
2020-08-06,308.682373046875,0.006662047074885713,0.012376078701114766,0.009878886935308822,0.008679553929455491,0.010930144061111325,0.03152398748282807,0.06147979901697065,1,0.11566024478905435,0.08384171091886881,25.880458286830358,0.0,0.0,-1,1.0,0.03172013103357213,0.11566024478905435,0.03150851949987654,0.0
2020-08-07,308.9040222167969,0.0007177916519456318,0.012376078701114766,0.009878886935308822,0.008679553929455491,0.0077406195183300115,0.029102419954612293,0.05965552044343425,1,0.11281258990196424,0.08423842726252868,26.021589006696427,0.0,0.0,-1,1.0,0.02976301217284267,0.11281258990196424,0.024354945480573598,0.0
2020-08-10,309.8272705078125,0.0029843293432536555,0.012376078701114766,0.009878886935308822,0.008679553929455491,0.007142760037282128,0.029024649829627252,0.06021063657558298,1,0.10461501668630518,0.08398743494486657,26.021597726004465,0.0,0.0,-1,1.0,0.029556255222038093,0.10461501668630518,0.020411345271230452,0.0
2020-08-11,307.26983642578125,-0.008288642727122486,0.012376078701114766,0.009878886935308822,0.008679553929455491,-0.0007806950932106582,0.01853912979506537,0.04934166637201375,1,0.1055913582903042,0.08546652437419765,26.261284964425222,0.0,0.0,-1,0.8,0.018888433018995843,0.1055913582903042,0.00826728541418742,0.004871131401782186
2020-08-12,311.5538024902344,0.01384573643521314,0.012376078701114766,0.009878886935308822,0.008679553929455491,0.00872870651264836,0.029529500213822446,0.061309125336561916,1,0.11091731650487047,0.08409068949183275,26.198774065290177,0.0,0.0,-1,0.8,0.030634216354860282,0.11091731650487047,0.015921261778175655,0.031443226862317215
2020-08-13,310.9906311035156,-0.0018092573315300342,0.012376078701114766,0.009878886935308822,0.008679553929455491,0.004592965855364618,0.024967613119549686,0.056929043372569585,1,0.11003101323380511,0.08339856539483696,25.936172485351562,0.0,0.0,-1,0.6,0.026257380025163056,0.11003101323380511,0.007449957371759908,0.027021311748277783
2020-08-14,310.9998474121094,2.9634886426599394e-05,0.012376078701114766,0.009878886935308822,0.008679553929455491,0.003077083347314392,0.02256350925316963,0.05460465338373061,1,0.11034336087149206,0.08402640768469058,26.13219996861049,0.0,0.0,-1,0.6,0.02392930307799346,0.11034336087149206,0.006761800606240875,0.02857966630366855
2020-08-17,311.9877624511719,0.003171542584513354,0.012376078701114766,0.009878886935308822,0.008679553929455491,0.00416692370587939,0.023296229996173246,0.055555690484702804,1,0.10831045215511138,0.08352501075781013,26.058781215122767,0.0,0.0,-1,0.6,0.025064572796721897,0.10831045215511138,0.006949013847500574,0.018437145033696443
2020-08-18,312.6617431640625,0.0021579492767580533,0.012376078701114766,0.009878886935308822,0.008679553929455491,0.004215233638897735,0.023021688436712446,0.05544216061444958,1,0.10831080521819964,0.0833747181631839,26.068084716796875,0.0,0.0,-1,0.8,0.025159632543032915,0.10831080521819964,0.017395605851381113,0.01843890652443795
2020-08-19,311.3599548339844,-0.004172259466885819,0.012376078701114766,0.009878886935308822,0.008679553929455491,2.274343713451117e-05,0.016945106771607262,0.04894789550791957,1,0.10957692383793938,0.08397976597101552,26.147936139787948,0.0,0.0,-1,0.6,0.019291381280048,0.10957692383793938,-0.000622390050717847,0.024755783877337928
2020-08-20,312.3294372558594,0.003108865454530374,0.012376078701114766,0.009878886935308822,0.008679553929455491,0.0020888276133664255,0.018161397880484462,0.05006388833413324,1,0.09719500698246493,0.08471211205274008,26.458086286272323,0.0,0.0,-1,0.8,0.020103342266106196,0.09719500698246493,0.004295732735342561,0.0
2020-08-21,313.4373474121094,0.003540971943597704,0.012376078701114766,0.009878886935308822,0.008679553929455491,0.00375525961205121,0.019658679059870954,0.05157058316100253,1,0.09153285335040459,0.08420853437565913,26.394099644252233,0.0,0.0,-1,0.8,0.020858935341543768,0.09153285335040459,0.007807069792513666,0.0
2020-08-24,316.6134338378906,0.01008208679027156,0.012376078701114766,0.009878886935308822,0.008679553929455491,0.009241363197689808,0.027057398449033456,0.059640452614673906,1,0.09386420096005772,0.08361933914966946,26.475006103515625,0.0,0.0,-1,0.8,0.028157969422829998,0.09386420096005772,0.014717613998271872,0.010918821158304762
2020-08-25,317.72137451171875,0.003493239803014525,0.012376078701114766,0.009878886935308822,0.008679553929455491,0.008479264789634698,0.027651526289575915,0.06071342094006916,1,0.0871640686927254,0.08315162240780195,26.41904776436942,0.0,0.0,-1,0.8,0.028218288011077536,0.0871640686927254,0.016052904524528344,0.0
2020-08-26,320.90667724609375,0.009975537842525029,0.012376078701114766,0.009878886935308822,0.008679553929455491,0.012316832919118479,0.03421583921887309,0.06835835390155506,1,0.08448704822766054,0.08276061025165803,26.55843244280134,0.0,0.0,-1,1.0,0.035055099652560436,0.08448704822766054,0.030200701833939192,0.0
2020-08-27,321.6083984375,0.0021842957370568072,0.012376078701114766,0.009878886935308822,0.008679553929455491,0.009640273484501369,0.03288905130923692,0.06773439871120629,1,0.08062174500162146,0.08273452916289757,26.608119419642858,0.0,0.0,-1,1.0,0.03356796195716431,0.08062174500162146,0.029276132116465625,0.0
2020-08-28,323.68572998046875,0.006438424363390816,0.012376078701114766,0.009878886935308822,0.008679553929455491,0.010716757836351122,0.03565864900681578,0.07149514848649031,1,0.07977711538881978,0.08253211113587515,26.714466639927455,0.0,0.0,-1,1.0,0.03654399816355492,0.07977711538881978,0.03217358453625874,0.0
2020-08-31,322.5132751464844,-0.0036287772381404793,0.012376078701114766,0.009878886935308822,0.008679553929455491,0.004692788570938991,0.028781036475102995,0.06479065469386049,1,0.08260764854668337,0.08276715924648294,26.693507603236608,0.0,0.0,-1,0.8,0.029665897950943525,0.08260764854668337,0.018462720507846697,0.012564948892769282
2020-09-01,325.55084228515625,0.009374348314119096,0.012376078701114766,0.009878886935308822,0.008679553929455491,0.009392622776338436,0.034679612049374524,0.07167491466221916,1,0.08561001464903317,0.0816847732561431,26.592546735491073,0.0,0.0,-1,0.8,0.03592232910702934,0.08561001464903317,0.02434382901895127,0.025892677108425164
2020-09-02,330.2596740722656,0.014360589204349239,0.012376078701114766,0.009878886935308822,0.008679553929455491,0.015868211283488767,0.044705911552928274,0.08347181078638355,1,0.09378611906338498,0.08064767261399562,26.634674072265625,0.0,0.0,-1,0.8,0.046970433060430875,0.09378611906338498,0.02872888038077548,0.062187017566113084
2020-09-03,318.8940124511719,-0.03502043794356258,0.012376078701114766,0.009878886935308822,0.008679553929455491,-0.0128096554544902,0.007912847519252067,0.044293472462292954,1,0.16560493363402407,0.0863455874992933,27.535090855189733,0.0,0.0,-1,0.6,0.009305978343266047,0.16560493363402407,-0.008475853299843905,0.38099611970023534
2020-09-04,316.29034423828125,-0.008198195589190327,0.012376078701114766,0.009878886935308822,0.008679553929455491,-0.014010633288475512,-0.00028631184272971596,0.03431638174794682,1,0.16923869174136313,0.09027211439611757,28.552198137555802,0.0,0.0,-1,0.4,-0.00010345601706106675,0.16923869174136313,-0.023112473252425048,0.39712664436148426
2020-09-08,307.6483154296875,-0.027703305054025407,0.012376078701114766,0.009878886935308822,0.008679553929455491,-0.027678423658690852,-0.025038674724619896,0.005816806159172244,1,0.19758539035831169,0.09617525947598188,29.58815656389509,0.0,0.0,-1,0.4,-0.027088627557599828,0.19758539035831169,-0.047187001068309975,0.5229597646735328
2020-09-09,313.7235412597656,0.019554858678639597,0.012376078701114766,0.009878886935308822,0.008679553929455491,-0.005667810434996522,-0.005237670038897635,0.02464714078649448,1,0.20723665759149387,0.09459097305801616,29.6754150390625,0.0,0.0,-1,0.4,-0.008887642532425775,0.20723665759149387,-0.037006490703789474,0.565802463476935
2020-09-10,308.27618408203125,-0.017516073501803398,0.012376078701114766,0.009878886935308822,0.008679553929455491,-0.015406408794932673,-0.02041020385773471,0.006585001635837158,0,0.2113908153991294,0.09786193856389049,30.168504987444198,0.0,0.0,-1,0.2,-0.025592399268860314,0.2113908153991294,-0.06888315340994211,0.5842430814221549
2020-09-11,308.4330749511719,0.0005088001200777015,0.012376078701114766,0.009878886935308822,0.008679553929455491,-0.009986497306841898,-0.018049541130767784,0.00681706035712426,0,0.21136472440444118,0.09983489086347018,30.792382376534597,0.0,0.0,-1,0.4,-0.02470227947675122,0.21136472440444118,-0.03335391534630183,0.5841272615406924
2020-09-14,312.49560546875,0.013085523715517411,0.012376078701114766,0.009878886935308822,0.008679553929455491,0.002033583000506918,-0.004630807356882504,0.019275800825490234,0,0.21673960026891234,0.09848541117845812,30.776258196149552,0.0,0.0,-1,0.6,-0.012089760162469161,0.21673960026891234,-0.012070196041594095,0.6079867384574131
2020-09-15,314.074462890625,0.005039694180484666,0.012376078701114766,0.009878886935308822,0.008679553929455491,0.004719684148643792,0.0003602721928417465,0.023445280647603883,0,0.21717574983000598,0.09813791963072505,30.822614397321427,0.0,0.0,-1,0.8,-0.007425818787391375,0.21717574983000598,0.02067280319291598,0.6099228390572317
2020-09-16,312.8280029296875,-0.003976572661389177,0.012376078701114766,0.009878886935308822,0.008679553929455491,0.0004880653220527932,-0.0032671636764502444,0.01860927219877473,0,0.21758344787832315,0.09915534247531785,31.018567766462052,0.0,0.0,-1,0.6,-0.01139099708034211,0.21758344787832315,-0.002858628147112796,0.6117326412588258
2020-09-17,310.0765380859375,-0.008834364040106735,0.012376078701114766,0.009878886935308822,0.008679553929455491,-0.005556516763620211,-0.01090029172807346,0.009268195194030833,0,0.2193984608980224,0.10158593746144697,31.499415806361608,0.0,0.0,-1,0.6,-0.0198875021366951,0.2193984608980224,0.005823081314583867,0.6197896201247597
2020-09-18,306.5068054199219,-0.011579205272830961,0.012376078701114766,0.009878886935308822,0.008679553929455491,-0.011401274160226085,-0.020207526512426337,-0.0022589434678597325,0,0.22262582462889438,0.10385307339149127,31.831673758370535,0.0,0.0,-1,0.4,-0.030278606402776617,0.22262582462889438,-0.006264924078324796,0.634116129681493
2020-09-21,303.0954895019531,-0.011192056051480215,0.012376078701114766,0.009878886935308822,0.008679553929455491,-0.015048408296312814,-0.028232863282781847,-0.012846135044008725,0,0.22482361055369485,0.10600883758568008,32.13080051967076,0.0,0.0,-1,0.2,-0.03949992422818099,0.22482361055369485,-0.030542503845322422,0.643872266169648
2020-09-22,306.1823425292969,0.010132912366492164,0.012376078701114766,0.009878886935308822,0.008679553929455491,-0.0033504323150785925,-0.01661871226049419,-0.0026833237964202948,0,0.22485894016684846,0.10401574629223492,31.847784859793528,0.0,0.0,-1,0.2,-0.028111456363072808,0.22485894016684846,-0.025449285659314924,0.6440290969710972
2020-09-23,299.0816955566406,-0.02346404974181837,0.012376078701114766,0.009878886935308822,0.008679553929455491,-0.0177994407879923,-0.03580396383931329,-0.024824897672040065,0,0.23669006336540205,0.1074260078355745,32.12915257045201,0.0,0.0,-1,0.2,-0.04783362528684814,0.23669006336540205,-0.04493676273974412,0.6965483398285403
2020-09-24,299.87884521484375,0.0026617784464679772,0.012376078701114766,0.009878886935308822,0.008679553929455491,-0.010172516846619366,-0.030164394281386335,-0.02137277075841499,0,0.23275391303262846,0.10510752269972616,31.519522530691965,0.0,0.0,-1,0.4,-0.04208943185580925,0.23275391303262846,-0.033440620253169406,0.6859854430041413
2020-09-25,304.7270202636719,0.01603781650960645,0.012376078701114766,0.009878886935308822,0.008679553929455491,0.0038792182115600267,-0.013123537719767051,-0.005334661610349887,0,0.24215804086416642,0.09921212714693019,30.232615879603795,0.0,0.0,-1,0.6,-0.0239711850789411,0.24215804086416642,-0.005823598470731994,0.7281558563998113
2020-09-28,309.788330078125,0.016472897748298188,0.012376078701114766,0.009878886935308822,0.008679553929455491,0.01360874885859975,0.002955673030662712,0.010742675886588483,0,0.24968094745846306,0.09464940249912845,29.321280343191965,0.0,0.0,-1,0.8,-0.0055467096195771235,0.24968094745846306,0.021841355329046408,0.793825901196094
2020-09-29,308.1012878417969,-0.005460672519960852,0.012376078701114766,0.009878886935308822,0.008679553929455491,0.005378064762476998,-0.0022680674905878754,0.005031922887740881,0,0.24990512317082247,0.09468012505968722,29.171068464006698,0.0,0.0,-1,0.6,-0.008669146879954057,0.24990512317082247,0.006247770442593392,0.7981064433276802
2020-09-30,310.4371643066406,0.007552925969966928,0.012376078701114766,0.009878886935308822,0.008679553929455491,0.008629511041804153,0.004789436992490954,0.012149425021160244,0,0.24885940897409914,0.09180368710361783,28.499276297433035,0.0,0.0,-1,0.8,0.0012812139045352542,0.24885940897409914,0.03726474615437869,0.7932007770052159
2020-10-01,312.43017578125,0.006399495199270966,0.012376078701114766,0.009878886935308822,0.008679553929455491,0.010019504273468196,0.010158830660766222,0.017903076052276295,1,0.24330021050255382,0.08933488124215239,27.910912649972097,0.0,0.0,-1,0.8,0.010615332991982076,0.24330021050255382,0.04100246290718168,0.7671214019644939
2020-10-02,309.4638366699219,-0.009539765774857933,0.012376078701114766,0.009878886935308822,0.008679553929455491,0.00028660456546067143,0.0005138516597802637,0.007913047914326673,1,0.21349638468155213,0.09099655544238251,28.160143171037948,0.0,0.0,-1,0.6,0.0025492137879197696,0.21349638468155213,0.015424880622717296,0.7859920952232422
2020-10-05,314.95159912109375,0.01757773250013628,0.012376078701114766,0.009878886935308822,0.008679553929455491,0.011944777178004603,0.01648874968084665,0.024750237389143632,1,0.22220013551719106,0.08946559149261585,28.177331107003347,0.0,0.0,-1,0.6,0.02054885754136245,0.22220013551719106,0.016529715374555387,0.8371521067293526
2020-10-06,310.47430419921875,-0.014317831688980931,0.012376078701114766,0.009878886935308822,0.008679553929455491,-0.0016285560827046424,0.001844025928623561,0.009779351844633652,1,0.20461969399981117,0.09082332863190103,28.198309762137278,0.0,0.0,-1,0.6,0.005580507049433405,0.20461969399981117,0.007672556205535308,0.7338155559369225
2020-10-07,315.87860107421875,0.01725682421057151,0.012376078701114766,0.009878886935308822,0.008679553929455491,0.01044495161063784,0.017414278776943244,0.026255203427540185,1,0.20191977698227562,0.08805565718928325,27.814897809709823,0.0,0.0,-1,0.6,0.02272730023609261,0.20191977698227562,0.01737645444613989,0.7179456409668068
2020-10-08,318.677978515625,0.00882315522973176,0.012376078701114766,0.009878886935308822,0.008679553929455491,0.01285004481064565,0.023853537715912566,0.03391678056324732,1,0.19244630162860277,0.08611396652205872,27.44262477329799,0.0,0.0,-1,0.6,0.0300563895612312,0.19244630162860277,0.019800114476600683,0.6622612449806274
2020-10-09,321.5238037109375,0.008890459285965768,0.012376078701114766,0.009878886935308822,0.008679553929455491,0.014490837386300923,0.029760587146375025,0.041387576263685666,1,0.1940746549435135,0.08397829288941597,27.001020159040177,0.0,0.0,-1,0.8,0.03706084034827029,0.1940746549435135,0.038230339537424385,0.6718325867963575
2020-10-12,326.6965026855469,0.01596003310413252,0.012376078701114766,0.009878886935308822,0.008679553929455491,0.020332532235193882,0.041731190295820654,0.055734361053691776,1,0.1964901594380383,0.08369191437767771,27.34185573032924,0.0,0.0,-1,0.8,0.05133736049394417,0.1964901594380383,0.03661264014142063,0.6860307457357131
2020-10-13,324.5643615722656,-0.006547756353596945,0.012376078701114766,0.009878886935308822,0.008679553929455491,0.009074286457788275,0.03150076879983313,0.0468390724191708,1,0.19858023437993103,0.08372174132606998,27.17309352329799,0.0,0.0,-1,0.8,0.042715978876563046,0.19858023437993103,0.04438271547680461,0.6983160535409446
2020-10-14,322.5250549316406,-0.0063030342951293505,0.012376078701114766,0.009878886935308822,0.008679553929455491,0.0018210463507184911,0.02258299769357565,0.03862169681777431,1,0.19962235443623108,0.08394632178314929,27.074792044503347,0.0,0.0,-1,0.6,0.0345528834608045,0.19962235443623108,0.020822856971103754,0.704441559093419
2020-10-15,322.1264343261719,-0.0012367012654594944,0.012376078701114766,0.009878886935308822,0.008679553929455491,0.0003884970448987256,0.019249670024319418,0.03582133875562004,1,0.1961844342855357,0.08576438987629746,27.626977103097097,0.0,0.0,-1,0.4,0.03128118476070497,0.1961844342855357,0.010763000475912499,0.6842337156259245
2020-10-16,321.93170166015625,-0.0006047052620514748,0.012376078701114766,0.009878886935308822,0.008679553929455491,-0.00014418391039400862,0.016829025508480512,0.0337683519149648,1,0.1899475728054324,0.08552013432289925,27.531642368861608,0.0,0.0,-1,0.2,0.028119197841142734,0.1899475728054324,0.0012678359278952556,0.6475738995179557
2020-10-19,317.037353515625,-0.015319815031589634,0.012376078701114766,0.009878886935308822,0.008679553929455491,-0.010282632858763288,0.0012394608167199902,0.017331718572002604,1,0.1943940205313285,0.08838456858783829,28.021209716796875,0.0,0.0,-1,0.0,0.010239607743030812,0.1943940205313285,-0.0300120122078269,0.6737097943883269
2020-10-20,318.30731201171875,0.00399770473045713,0.012376078701114766,0.009878886935308822,0.008679553929455491,-0.00422096675505321,0.004747745445151011,0.020550114720792684,1,0.19230230987160638,0.08943309062702336,28.467206682477677,0.0,0.0,-1,0.2,0.012330699317561878,0.19230230987160638,-0.019466551123772824,0.6614148719532016
2020-10-21,317.70477294921875,-0.0018947414900054582,0.012376078701114766,0.009878886935308822,0.008679553929455491,-0.004078918046036745,0.002574083376521271,0.01787508761499786,1,0.16824404997889372,0.09034809468663006,28.70402090890067,0.0,0.0,-1,0.2,0.007431002992710916,0.16824404997889372,-0.015058258318648932,0.5200021780272241
2020-10-22,319.4474182128906,0.005470120430107528,0.012376078701114766,0.009878886935308822,0.008679553929455491,0.0009221196518090433,0.007298812603124542,0.022517597525104124,1,0.16845986625058962,0.08917245209708076,28.485909598214285,0.0,0.0,-1,0.4,0.009823828762899754,0.16845986625058962,-0.00835143662308191,0.5212707303044744
2020-10-23,320.531982421875,0.003389375489843971,0.012376078701114766,0.009878886935308822,0.008679553929455491,0.0028761088971378814,0.009687998733237656,0.024944567160937722,1,0.16147454870501782,0.08846110102229207,28.35461207798549,0.0,0.0,-1,0.6,0.010727410385842897,0.16147454870501782,-0.0043573558711864635,0.4802115441267193
2020-10-26,314.6086120605469,-0.018652695644182593,0.012376078701114766,0.009878886935308822,0.008679553929455491,-0.010492661856936395,-0.008123418602752152,0.005766985207368023,1,0.1691953695243988,0.0905570206277526,28.490018572126115,0.0,0.0,-1,0.6,-0.008704011096692785,0.1691953695243988,-0.007690236483779422,0.5255939648112324
2020-10-27,313.5240478515625,-0.003453300094102829,0.012376078701114766,0.009878886935308822,0.008679553929455491,-0.009312382172900866,-0.010454941566643967,0.0022093741855241534,0,0.16836260415619925,0.09128954125355651,28.621466500418528,0.0,0.0,-1,0.4,-0.012964598734570077,0.16836260415619925,-0.015141241308339382,0.5206990308197251
2020-10-28,302.8080749511719,-0.034776875977499344,0.012376078701114766,0.009878886935308822,0.008679553929455491,-0.02920238901056867,-0.04022952234002849,-0.030827313679325622,0,0.2083783022653469,0.09719288528588635,29.430790492466517,0.0,0.0,-1,0.4,-0.04555440249423923,0.2083783022653469,-0.04802337579583327,0.7559083807136159
2020-10-29,305.88568115234375,0.010112252330461757,0.012376078701114766,0.009878886935308822,0.008679553929455491,-0.012974043881630471,-0.027652735656384975,-0.02017103773513639,0,0.2105896229966434,0.09765164274831888,29.8702392578125,0.0,0.0,-1,0.4,-0.03485838989727936,0.2105896229966434,-0.04338124389547904,0.76890636241061
2020-10-30,302.69683837890625,-0.010479669905671507,0.012376078701114766,0.009878886935308822,0.008679553929455491,-0.015630366668109835,-0.034313911107355786,-0.029228937980910235,0,0.21111744955463074,0.0994277012166571,30.096450805664062,0.0,0.0,-1,0.2,-0.04389923416601746,0.21111744955463074,-0.057250289290994516,0.7720088883548606
2020-11-02,306.0896911621094,0.01114639613862689,0.012376078701114766,0.009878886935308822,0.008679553929455491,-0.0030692461549510224,-0.021300308073043655,-0.01764098028037751,0,0.20470562091073413,0.09717922736748416,29.745559692382812,0.0,0.0,-1,0.4,-0.03182752083125863,0.20470562091073413,-0.027451197508185032,0.7343206280414114
2020-11-03,311.4939270019531,0.01750167467909325,0.012376078701114766,0.009878886935308822,0.008679553929455491,0.009641489339315721,-0.003639128144337071,-0.0002850855146632236,0,0.20923939419435233,0.09417592611988222,29.335229056222097,0.0,0.0,-1,0.6,-0.014892586071456439,0.20923939419435233,-0.0064962227349889545,0.7609698161599702
2020-11-04,318.4556884765625,0.022103497614421208,0.012376078701114766,0.009878886935308822,0.008679553929455491,0.02124298707646061,0.01682507475862944,0.02117479114905224,0,0.21511540624829326,0.09173416149325221,29.213265555245535,0.0,0.0,-1,0.8,0.006713919320391606,0.21511540624829326,0.0503841508569316,0.7955085857050191
2020-11-05,324.6663513183594,0.019314704004144367,0.012376078701114766,0.009878886935308822,0.008679553929455491,0.027068434821150643,0.0330492552440918,0.03941529781474261,1,0.22361571996158697,0.09092889309184457,29.521551949637278,0.0,0.0,-1,0.8,0.025376743534692475,0.22361571996158697,0.05958660253061421,0.8454728086693285
2020-11-06,324.5921630859375,-0.0002285321827857345,0.012376078701114766,0.009878886935308822,0.008679553929455491,0.01773056977856273,0.029595642467760294,0.037583658457487096,1,0.2216447139151216,0.08960407341710314,29.08478001185826,0.0,0.0,-1,0.8,0.02464596502574346,0.2216447139151216,0.06983774025349998,0.8338873791321122
2020-11-09,328.6709289550781,0.012487522781077232,0.012376078701114766,0.009878886935308822,0.008679553929455491,0.020141226279522365,0.03832730174271528,0.048540218408239286,1,0.2187508473583576,0.08815419148145061,28.973720005580358,0.0,0.0,-1,0.8,0.03719825152948407,0.2187508473583576,0.07117886689595032,0.8168774429405821
2020-11-10,328.1888732910156,-0.001467758413451925,0.012376078701114766,0.009878886935308822,0.008679553929455491,0.012353227162486427,0.033182912349048695,0.04507602896064183,1,0.21738022517398428,0.08981064897110604,29.47485569545201,0.0,0.0,-1,0.6,0.03508504674718478,0.21738022517398428,0.05220943380340515,0.808821025880026
2020-11-11,330.6268310546875,0.007401064898693299,0.012376078701114766,0.009878886935308822,0.008679553929455491,0.013161818694399476,0.03682341264185846,0.050662285389524234,1,0.2170883360610566,0.08928851631598676,29.52117919921875,0.0,0.0,-1,0.6,0.0414436257876435,0.2170883360610566,0.03750700108767724,0.8071053229999825
2020-11-12,327.4194641113281,-0.009748227035061063,0.012376078701114766,0.009878886935308822,0.008679553929455491,0.0022197140667892124,0.024154675637375764,0.038821281753216114,1,0.22045285611712442,0.09134831622074296,29.909216744559153,0.0,0.0,-1,0.4,0.030481681765046117,0.22045285611712442,0.008444070048471808,0.826881726073949
2020-11-13,331.9523620605469,0.013749357127891493,0.012376078701114766,0.009878886935308822,0.008679553929455491,0.010672581608083771,0.03455643667020059,0.05101022845732161,1,0.2250667128096329,0.08922067289989047,29.617013113839285,0.0,0.0,-1,0.6,0.04310313231417006,0.2250667128096329,0.022421959359149035,0.8540016386189812
2020-11-16,336.0960388183594,0.012405478086455979,0.012376078701114766,0.009878886935308822,0.008679553929455491,0.015406104678006809,0.04275623605316426,0.06146026445188781,1,0.2189667423574486,0.08773424579697194,29.487132481166295,0.0,0.0,-1,0.6,0.052970873450957336,0.2189667423574486,0.022339914664527782,0.8181464579717086
2020-11-17,334.28851318359375,-0.0053925169053572475,0.012376078701114766,0.009878886935308822,0.008679553929455491,0.006608257886540669,0.033491865200327965,0.05344852852207263,1,0.220881709842464,0.08632393965776153,28.857101440429688,0.0,0.0,-1,0.6,0.04469269595155525,0.220881709842464,0.01841515617262246,0.829402496938962
2020-11-18,330.26531982421875,-0.012108101139361338,0.012376078701114766,0.009878886935308822,0.008679553929455491,-0.0036776609525681486,0.01901046254698927,0.039108818604918216,1,0.22645084479054012,0.08722203693150661,28.806413922991073,0.0,0.0,-1,0.4,0.030097987309783383,0.22645084479054012,-0.0010940098654321773,0.8621374652765228
2020-11-19,331.65582275390625,0.004201421848198272,0.012376078701114766,0.009878886935308822,0.008679553929455491,0.0003446841411319725,0.021034962460608084,0.041707371240170606,1,0.22623310888672787,0.0866713513225829,28.74505833217076,0.0,0.0,-1,0.6,0.032469248082419716,0.22623310888672787,0.012855639017827158,0.8608576295419431
2020-11-20,329.3846740722656,-0.006871462879910695,0.012376078701114766,0.009878886935308822,0.008679553929455491,-0.004346481858693097,0.012688609094618348,0.03317303993725757,1,0.2282452429804427,0.08819106295758755,29.048784528459823,0.0,0.0,-1,0.4,0.023987984554545132,0.2282452429804427,-0.007765180989975029,0.8726848067360304
2020-11-23,331.3591613769531,0.005976576930572186,0.012376078701114766,0.009878886935308822,0.008679553929455491,0.0010807061053953952,0.01694228903092122,0.03776428828472944,1,0.21601585123235906,0.08813128159771758,29.203107561383927,0.0,0.0,-1,0.4,0.027451080324952946,0.21601585123235906,-0.014194082145858822,0.7974310609613137
2020-11-24,336.6986083984375,0.015985326305377967,0.012376078701114766,0.009878886935308822,0.008679553929455491,0.011409139371111446,0.030059456790654433,0.052238240757994665,1,0.21978592662906796,0.0866986237832231,29.19130597795759,0.0,0.0,-1,0.6,0.04026962373868022,0.21978592662906796,0.007183761064876393,0.8166762430558909
2020-11-25,336.1794738769531,-0.001543027297692845,0.012376078701114766,0.009878886935308822,0.008679553929455491,0.006544985189164473,0.025690062900632978,0.04853458670178659,1,0.16858460466978964,0.08624315752190978,28.993179321289062,0.0,0.0,-1,0.6,0.03333858714087929,0.16858460466978964,0.017748834906544886,0.4791119827726422
2020-11-27,337.11578369140625,0.0027812773296540527,0.012376078701114766,0.009878886935308822,0.008679553929455491,0.006212881653579113,0.025757993687632354,0.04933751655012098,1,0.16777361762417023,0.08574993336650444,28.90765598842076,0.0,0.0,-1,0.6,0.03126680859344866,0.16777361762417023,0.016328690388000666,0.0712317991509623
2020-11-30,335.62335205078125,-0.004436887969373693,0.012376078701114766,0.009878886935308822,0.008679553929455491,0.00117152491811846,0.01915753384922331,0.042864282825407496,1,0.161706896812892,0.08593731794067247,28.84257071358817,0.0,0.0,-1,0.6,0.021556510019367633,0.161706896812892,0.018763265298537668,0.0026274635133578393
2020-12-01,339.2941589355469,0.010877901437608806,0.012376078701114766,0.009878886935308822,0.008679553929455491,0.008048558901762114,0.027339313136358956,0.05203139632178975,1,0.16157788592018005,0.08355823586140484,28.350821358816965,0.0,0.0,-1,0.6,0.02753708740209512,0.16157788592018005,0.023664589805574288,0.0011685688551326767
2020-12-02,340.0079650878906,0.0021015874669556567,0.012376078701114766,0.009878886935308822,0.008679553929455491,0.006756622510393548,0.02661626273716012,0.052006784738338335,1,0.15507962987538887,0.08355106837397877,28.408028738839285,0.0,0.0,-1,0.6,0.02527202678845184,0.15507962987538887,0.009780850967151977,0.0
2020-12-03,339.915283203125,-0.00027262455158627574,0.012376078701114766,0.009878886935308822,0.008679553929455491,0.00431214484604732,0.023768572543936974,0.04959120216857308,1,0.1408480953000993,0.08292330401283786,28.186898367745535,0.0,0.0,-1,0.6,0.02168688163870232,0.1408480953000993,0.011051253713258546,0.0
2020-12-04,342.8444519042969,0.008580431803173916,0.012376078701114766,0.009878886935308822,0.008679553929455491,0.0086072332141436,0.02939562299147404,0.05620720371126136,1,0.12930110038577486,0.08221778661038671,28.187911987304688,0.0,0.0,-1,0.6,0.027683580130139215,0.12930110038577486,0.01685040818677841,0.0
2020-12-07,342.1399841308594,-0.002056887674365626,0.012376078701114766,0.009878886935308822,0.008679553929455491,0.004347046722593889,0.024618348147851125,0.051808055110761364,1,0.13001572383300705,0.08240218578517372,28.193082536969865,0.0,0.0,-1,0.6,0.022881745499258158,0.13001572383300705,0.019230408481786476,0.005925369906656146
2020-12-08,343.14117431640625,0.002921985773428837,0.012376078701114766,0.009878886935308822,0.008679553929455491,0.004845582480822664,0.024920943920275534,0.05262026960927206,1,0.12472525646425346,0.08174280111298547,28.049320765904017,0.0,0.0,-1,0.6,0.023660728224144494,0.12472525646425346,0.011274492817606507,0.0
2020-12-09,340.0636291503906,-0.009009204754725886,0.012376078701114766,0.009878886935308822,0.008679553929455491,-0.002781609819590257,0.014209435021389319,0.04141614058442693,1,0.130374709588305,0.08228547608778015,27.98229762486049,0.0,0.0,-1,0.4,0.012686065656518562,0.130374709588305,0.0001637005959249649,0.04513068493110217
2020-12-10,339.9523620605469,-0.0003272484537850673,0.012376078701114766,0.009878886935308822,0.008679553929455491,-0.00207407840893579,0.012539342593743032,0.03940112740736689,1,0.12883013807368832,0.08257577470373903,28.071829659598215,0.0,0.0,-1,0.4,0.010950974614346484,0.12883013807368832,0.00010907669372617335,0.032791867553725755
2020-12-11,339.5537109375,-0.0011733557200575007,0.012376078701114766,0.009878886935308822,0.008679553929455491,-0.002165217422773507,0.010259738243432175,0.03663006424312865,1,0.12243362245340574,0.08256984691549486,28.036897931780135,0.0,0.0,-1,0.2,0.007946884744762054,0.12243362245340574,-0.009644710829505243,0.0
2020-12-14,338.03338623046875,-0.004487474052163876,0.012376078701114766,0.009878886935308822,0.008679553929455491,-0.004431760684842737,0.005187224831554423,0.030695672981324716,1,0.11579890593538078,0.08343688423526133,28.204452514648438,0.0,0.0,-1,0.2,0.0025290405862032355,0.11579890593538078,-0.012075297207303493,0.0
2020-12-15,342.60345458984375,0.013429002853976968,0.012376078701114766,0.009878886935308822,0.008679553929455491,0.00600054302062619,0.016958325470261583,0.042805119048677134,1,0.11719537577530591,0.0823146806239653,28.2012939453125,0.0,0.0,-1,0.2,0.01510326008229394,0.11719537577530591,-0.0015682801267553614,0.010413162556613122
2020-12-16,343.14117431640625,0.0015682801267553614,0.012376078701114766,0.009878886935308822,0.008679553929455491,0.0050402468357763795,0.01675774910761134,0.0426247094386166,1,0.11477159469257926,0.08193970525339694,28.116886683872767,0.0,0.0,-1,0.4,0.015364842629375671,0.11477159469257926,0.009009204754725886,0.0
2020-12-17,345.0599060058594,0.005576093138681237,0.012376078701114766,0.009878886935308822,0.008679553929455491,0.007081569063311523,0.020262371631056476,0.04646624155974482,1,0.10401926290702716,0.08179629670855176,28.224622453962052,0.0,0.0,-1,0.6,0.018812367372436026,0.10401926290702716,0.01491254634719219,0.0
2020-12-18,343.6821594238281,-0.004000767453829823,0.012376078701114766,0.009878886935308822,0.008679553929455491,0.0020382665523670253,0.014624365601412146,0.04056232023988579,1,0.10597304791859556,0.08217017108884773,28.240421840122767,0.0,0.0,-1,0.6,0.012946065944497202,0.10597304791859556,0.012085134613419868,0.013392559142027229
2020-12-21,342.4533386230469,-0.0035818642762661668,0.012376078701114766,0.009878886935308822,0.008679553929455491,-0.001030182521354457,0.009938913642237658,0.035345989434018024,1,0.10301270495696015,0.08233779110217247,28.196851457868302,0.0,0.0,-1,0.6,0.00738421375855655,0.10301270495696015,0.012990744389317577,0.0
2020-12-22,341.8760986328125,-0.0016870241018764887,0.012376078701114766,0.009878886935308822,0.008679553929455491,-0.0018110036638214018,0.007446283431780628,0.03224064671949228,1,0.10262626536210326,0.08433878055689253,28.83341326032366,0.0,0.0,-1,0.4,0.004132904807758247,0.10262626536210326,-0.00212528256653588,0.0
2020-12-23,342.1834411621094,0.0008985842082349649,0.012376078701114766,0.009878886935308822,0.008679553929455491,-0.0006092813410181537,0.007550534425582826,0.03182649090926742,1,0.08733837163620434,0.0840755434390245,28.769258771623885,0.0,0.0,-1,0.4,0.004226721720834577,0.08733837163620434,-0.0027949784850562764,0.0
2020-12-24,343.5146179199219,0.0038826956340445307,0.012376078701114766,0.009878886935308822,0.008679553929455491,0.002183341550453295,0.010366431336376634,0.0343867042059597,1,0.0875245930106843,0.08350035216485617,28.68359157017299,0.0,0.0,-1,0.4,0.007049475246507187,0.0875245930106843,-0.004488375989692983,0.0011940188435425056
2020-12-28,346.4656677246094,0.008554064110459336,0.012376078701114766,0.009878886935308822,0.008679553929455491,0.007169442263134142,0.017201112131386552,0.04150545771359386,1,0.09132955052062024,0.08275725146142493,28.67254638671875,0.0,0.0,-1,0.6,0.01431066856984647,0.09132955052062024,0.008066455574596176,0.028324941476170942
2020-12-29,345.8047180175781,-0.0019095137433984277,0.012376078701114766,0.009878886935308822,0.008679553929455491,0.003492605779606893,0.013787176729215752,0.037910086728928635,1,0.08962370799178178,0.08297872965400323,28.69443620954241,0.0,0.0,-1,0.6,0.010869132596798567,0.08962370799178178,0.009738806107463915,0.016218771545883793
2020-12-30,346.29815673828125,0.0014259117316388625,0.012376078701114766,0.009878886935308822,0.008679553929455491,0.0032776319515637462,0.013762974972119153,0.03778798814499066,1,0.08249460849184849,0.08223870772445845,28.479112897600448,0.0,0.0,-1,0.8,0.011276309887308386,0.08249460849184849,0.012851741940979267,0.0
2020-12-31,348.0576171875,0.005067904037277415,0.012376078701114766,0.009878886935308822,0.008679553929455491,0.005567824673431936,0.01708159810705145,0.04130234545588533,1,0.08367320308432503,0.08058032520217326,28.046595982142858,0.0,0.0,-1,0.8,0.015221130841615868,0.08367320308432503,0.017021061770021717,0.008086377096140714
2021-01-04,343.31915283203125,-0.01370754342891356,0.012376078701114766,0.009878886935308822,0.008679553929455491,-0.00542936488113928,0.0029260267694585515,0.02603457089326012,1,0.09894225899410401,0.0823238412631619,28.263351440429688,0.0,0.0,-1,0.6,0.000903015275089783,0.09894225899410401,-0.0005691772929363736,0.1128478826865254
2021-01-05,345.6836853027344,0.006863663319081503,0.012376078701114766,0.009878886935308822,0.008679553929455491,0.000946561028750114,0.00888860782413389,0.03176183644251352,1,0.09725556814981355,0.0819797032319147,28.339045933314733,0.0,0.0,-1,0.6,0.007379581566479816,0.09725556814981355,-0.0022595780843142066,0.10127544013621559
2021-01-06,347.7503967285156,0.0059608190561988295,0.012376078701114766,0.009878886935308822,0.008679553929455491,0.004609909981884007,0.013480226715232786,0.03638875685022241,1,0.09870895575542225,0.08084814010327955,28.114972795758927,0.0,0.0,-1,0.8,0.01257455824317074,0.09870895575542225,0.005610754715283051,0.11124718132765746
2021-01-07,352.9170227050781,0.014747994496217665,0.012376078701114766,0.009878886935308822,0.008679553929455491,0.012939528147925696,0.025749919043364027,0.04965498572976798,1,0.11030473988859786,0.08001079545989874,28.237171718052455,0.0,0.0,-1,0.8,0.026158176253494057,0.11030473988859786,0.018932837479861853,0.19080624584811443
2021-01-08,354.9278869628906,0.005681667381622013,0.012376078701114766,0.009878886935308822,0.008679553929455491,0.012396743890988172,0.028499723219132245,0.05333758472663609,1,0.10405913638038303,0.07896648303612923,28.02740696498326,0.0,0.0,-1,0.8,0.029779705174011056,0.10405913638038303,0.01954660082420645,0.14795495034515324
2021-01-11,352.5354309082031,-0.006763503108853541,0.012376078701114766,0.009878886935308822,0.008679553929455491,0.00370811170384025,0.019472942572599412,0.04434373528957618,1,0.10849581837006743,0.07953819073128507,28.040030343191965,0.0,0.0,-1,0.8,0.02097458879248718,0.10849581837006743,0.02649064114426647,0.17839517453526885
2021-01-12,352.60986328125,0.00021111216067559724,0.012376078701114766,0.009878886935308822,0.008679553929455491,0.0026099423569499276,0.01777978460154507,0.04274191877422797,1,0.10810024520097775,0.07937422663411724,27.988135201590403,0.0,0.0,-1,0.8,0.019263142910220233,0.10810024520097775,0.019838089985860563,0.17568113373210076
2021-01-13,353.559326171875,0.002689053776160577,0.012376078701114766,0.009878886935308822,0.008679553929455491,0.0035335078462244117,0.018529801791543992,0.04368538573244426,1,0.10545710441369743,0.07708357974273602,27.253618512834823,0.0,0.0,-1,0.8,0.019719450564432108,0.10545710441369743,0.01656632470582231,0.1575464559891565
2021-01-14,352.32122802734375,-0.003507957279195395,0.012376078701114766,0.009878886935308822,0.008679553929455491,1.2881638414376185e-05,0.01351877992970836,0.0384004867244518,1,0.09854490856716475,0.07783945050908046,27.424490792410715,0.0,0.0,-1,0.6,0.014726570065726783,0.09854490856716475,-0.001689627069590749,0.11012164805754092
2021-01-15,349.75189208984375,-0.007319315707479568,0.012376078701114766,0.009878886935308822,0.008679553929455491,-0.004865010145860663,0.005540783921439629,0.02958315326279136,1,0.10327794779679496,0.07948810397374882,27.801114763532365,0.0,0.0,-1,0.4,0.006368535445818474,0.10327794779679496,-0.01469061015869233,0.14259518922761794
2021-01-19,352.4981689453125,0.007821404391319398,0.012376078701114766,0.009878886935308822,0.008679553929455491,0.001963976783518719,0.012141172008445862,0.03613697636741986,1,0.10490539240750092,0.07875589545757479,27.761308942522323,0.0,0.0,-1,0.6,0.013186367074802372,0.10490539240750092,-0.00010570265851939098,0.153761141378813
2021-01-20,357.376220703125,0.01374363862766792,0.012376078701114766,0.009878886935308822,0.008679553929455491,0.010497722761481395,0.023598680051664222,0.04840033549840584,1,0.11219339403471953,0.07796203427992165,27.86177716936384,0.0,0.0,-1,0.6,0.025189745174989224,0.11219339403471953,0.013426823808472932,0.20376436539763496
2021-01-21,357.70208740234375,0.0009114154857767787,0.012376078701114766,0.009878886935308822,0.008679553929455491,0.007583883467451873,0.022143908626912963,0.04732915070266911,1,0.1103719825942866,0.07776841838235575,27.817925589425222,0.0,0.0,-1,0.6,0.023885132651249554,0.1103719825942866,0.011649185518089133,0.19126760031099327
2021-01-22,356.4360046386719,-0.003545768260399207,0.012376078701114766,0.009878886935308822,0.008679553929455491,0.0026747852676825183,0.01673213426244761,0.041839893718498646,1,0.11142749492474302,0.07874035727305183,28.06589835030692,0.0,0.0,-1,0.6,0.018139491699187927,0.11142749492474302,0.011611374536885322,0.19850950587222788
2021-01-25,357.8416748046875,0.003935925820249153,0.012376078701114766,0.009878886935308822,0.008679553929455491,0.004409599909957268,0.018729394260147848,0.04406726861178141,1,0.11152001087730565,0.07742251940310156,27.705004010881698,0.0,0.0,-1,0.8,0.019873921529431935,0.11152001087730565,0.022866616064614043,0.19914426093101198
2021-01-26,357.2832336425781,-0.001561800656150858,0.012376078701114766,0.009878886935308822,0.008679553929455491,0.001892964438062016,0.01548197065284826,0.04070594021653197,1,0.11212742733092654,0.0770877972411981,27.54217747279576,0.0,0.0,-1,0.6,0.016288289984652548,0.11212742733092654,0.013483411017143787,0.20331176562663253
2021-01-27,348.55096435546875,-0.024744380082334594,0.012376078701114766,0.009878886935308822,0.008679553929455491,-0.015177002304109413,-0.008455432704319393,0.01466269294985679,1,0.14395558365284739,0.0815908399160898,28.438565935407365,0.0,0.0,-1,0.4,-0.008844512540263697,0.14395558365284739,-0.025004607692858727,0.42168581547964756
2021-01-28,351.5486145019531,0.008563548832802859,0.012376078701114766,0.009878886935308822,0.008679553929455491,-0.004481491756985753,6.529510470544419e-05,0.022451304627954798,1,0.1465994629578819,0.0810194202236462,28.482264927455358,0.0,0.0,-1,0.4,-0.0011360098777643964,0.1465994629578819,-0.017352474345832647,0.43982556021771535
2021-01-29,344.5107421875,-0.02022273559081178,0.012376078701114766,0.009878886935308822,0.008679553929455491,-0.016407779949600375,-0.018089482218554703,0.0019043285906626653,0,0.16447108145945463,0.08525524174762139,29.371346609933035,0.0,0.0,-1,0.4,-0.020884266750027622,0.16447108145945463,-0.03402944167624522,0.5624433351885082
2021-02-01,350.2452697753906,0.0165084079108615,0.012376078701114766,0.009878886935308822,0.008679553929455491,-2.3646812655749247e-05,-0.0015792210296593715,0.017839767627948255,0,0.17411602546328256,0.08334343961022017,29.190645490373885,0.0,0.0,-1,0.4,-0.004895818235283334,0.17411602546328256,-0.021456959585632873,0.628617620039273
2021-02-02,355.1978454589844,0.01404126554216667,0.012376078701114766,0.009878886935308822,0.008679553929455491,0.009366808982996449,0.011331057064817346,0.03092922647839925,1,0.17233103106514322,0.08180021688159883,29.055260794503347,0.0,0.0,-1,0.6,0.007475180831163439,0.17233103106514322,-0.005853893387315345,0.6163707135033084
2021-02-03,355.4771423339844,0.0007860045567271712,0.012376078701114766,0.009878886935308822,0.008679553929455491,0.006750794724901838,0.01095874045081619,0.03045724954106639,1,0.17126308375525146,0.08202573832950968,29.158275059291295,0.0,0.0,-1,0.8,0.006868934898865938,0.17126308375525146,0.01967649125174642,0.6090434911303908
2021-02-04,359.5173034667969,0.011301358094327973,0.012376078701114766,0.009878886935308822,0.008679553929455491,0.012055544772297979,0.020267443640732803,0.04044830011165895,1,0.17417510807059175,0.08069747735858682,29.012139456612722,0.0,0.0,-1,0.8,0.01661831457357747,0.17417510807059175,0.022414300513271534,0.6290229877930155
2021-02-05,360.9324035644531,0.003928385017537117,0.012376078701114766,0.009878886935308822,0.008679553929455491,0.010635875331299347,0.021919937516737664,0.04272218423401946,1,0.16750155852999363,0.07943999383182794,28.672467912946427,0.0,0.0,-1,1.0,0.019464511704915626,0.16750155852999363,0.04656542112162043,0.5832355401842
2021-02-08,363.53900146484375,0.007195892425669648,0.012376078701114766,0.009878886935308822,0.008679553929455491,0.011885301595307774,0.02643583192496348,0.04818691218084774,1,0.1681332033409988,0.07895282679238996,28.70243181501116,0.0,0.0,-1,1.0,0.025579700845862127,0.1681332033409988,0.03725290563642858,0.5875692764538325
2021-02-09,363.2969665527344,-0.0006659959927830528,0.012376078701114766,0.009878886935308822,0.008679553929455491,0.007446580205163347,0.023242836645353915,0.04554192691825225,1,0.16567863996908216,0.0788228127849202,28.63608877999442,0.0,0.0,-1,0.8,0.023343493443505885,0.16567863996908216,0.022545644101478857,0.5707284346933206
2021-02-10,363.1387634277344,-0.0004355598739751443,0.012376078701114766,0.009878886935308822,0.008679553929455491,0.004661027004648297,0.020581397842958624,0.0432420703937119,1,0.16576142434967572,0.07898762783965252,28.68346949986049,0.0,0.0,-1,0.6,0.021383251099001473,0.16576142434967572,0.02132407967077654,0.5712964211098739
2021-02-11,363.7251892089844,0.001613578184357145,0.012376078701114766,0.009878886935308822,0.008679553929455491,0.004180201132585445,0.02006992839750051,0.04308903155130139,1,0.16570056852016288,0.0788682906203956,28.686383928571427,0.0,0.0,-1,0.6,0.021572170356363357,0.16570056852016288,0.011636299760805713,0.5708788872190173
2021-02-12,365.52191162109375,0.004927619309396114,0.012376078701114766,0.009878886935308822,0.008679553929455491,0.006075243081554792,0.02266333516368202,0.04626231157798992,1,0.16507927635073483,0.07845711706554459,28.67779541015625,0.0,0.0,-1,0.6,0.024718891640675582,0.16507927635073483,0.01263553405266471,0.5666161807710623
2021-02-16,365.20538330078125,-0.0008663378042905734,0.012376078701114766,0.009878886935308822,0.008679553929455491,0.0034633385768054305,0.019662893544865123,0.04350023664974801,1,0.1618893305499906,0.07856577017706332,28.692642211914062,0.0,0.0,-1,0.4,0.021618547335035404,0.1618893305499906,0.004573303822704489,0.5447298554597729
2021-02-17,365.2891845703125,0.00022943707888956055,0.012376078701114766,0.009878886935308822,0.008679553929455491,0.002459369818491872,0.017967880915067163,0.041952439876040845,1,0.1606070424307708,0.07690165074041794,28.091341291155135,0.0,0.0,-1,0.6,0.020028072724651586,0.1606070424307708,0.005468736894377102,0.5359320335928627
2021-02-18,363.7344665527344,-0.004265212444440003,0.012376078701114766,0.009878886935308822,0.008679553929455491,-0.0012055441784817936,0.01232068043631628,0.03599351429039233,1,0.1554572447268654,0.07726062328829562,28.102351597377233,0.0,0.0,-1,0.6,0.014785841878954561,0.1554572447268654,0.0016390843239122432,0.5005990985289785
2021-02-19,363.0921630859375,-0.0017674191005223605,0.012376078701114766,0.009878886935308822,0.008679553929455491,-0.001981476844646316,0.009520366263487286,0.032780410055822634,1,0.15574102426414305,0.07562847612145969,27.460106985909597,0.0,0.0,-1,0.4,0.01223278545490936,0.15574102426414305,-0.0017419129609672623,0.5335109077988929
2021-02-22,360.29931640625,-0.007721574376437168,0.012376078701114766,0.009878886935308822,0.008679553929455491,-0.006459512315933265,0.0015878608919787365,0.023839232318094126,1,0.15795749969403491,0.07733598643103526,27.864103044782365,0.0,0.0,-1,0.2,0.003906240284477266,0.15795749969403491,-0.014391106646800544,0.549655231125125
2021-02-23,360.7369384765625,0.0012138699575316991,0.012376078701114766,0.009878886935308822,0.008679553929455491,-0.003507976234608915,0.0025366336346634346,0.024075474032593424,1,0.15747588760737788,0.07779823542348602,28.064697265625,0.0,0.0,-1,0.4,0.004720332487630618,0.15747588760737788,-0.012310898884978272,0.8178541724800363
2021-02-24,364.71197509765625,0.010958942330992372,0.012376078701114766,0.009878886935308822,0.008679553929455491,0.004969342153336336,0.01227422280078506,0.033926268062557226,1,0.1616211755582984,0.0763216651526819,27.835425240652903,0.0,0.0,-1,0.4,0.014741785403242958,0.1616211755582984,-0.0015813936328754608,0.8630686725096768
2021-02-25,355.92401123046875,-0.024390676282097346,0.012376078701114766,0.009878886935308822,0.008679553929455491,-0.012913527813415695,-0.010975810758950067,0.00865664868401689,1,0.16087623652995262,0.08017543906473014,28.536363874162948,0.0,0.0,-1,0.4,-0.010723760281087074,0.16087623652995262,-0.021706857470532803,0.8549432910843063
2021-02-26,354.0899963378906,-0.005166148701398754,0.012376078701114766,0.009878886935308822,0.008679553929455491,-0.012072308932603235,-0.014563699271286418,0.0033231090619900033,0,0.1597456602448273,0.08284342476443564,29.334027971540177,0.0,0.0,-1,0.4,-0.01616880249848907,0.1597456602448273,-0.025105587071409197,0.8426115925189613
2021-03-01,362.6732177734375,0.023951094531311945,0.012376078701114766,0.009878886935308822,0.008679553929455491,0.00788563946532402,0.008428063076458143,0.026531052041573456,1,0.16120486056771555,0.08069814839359696,29.267057146344865,0.0,0.0,-1,0.6,0.005143308422575168,0.16120486056771555,0.006567081836339916,0.8585277396777685
2021-03-02,359.84326171875,-0.007833649769742657,0.012376078701114766,0.009878886935308822,0.008679553929455491,1.4040403802980848e-05,0.000505962782347821,0.017781754153429863,1,0.1563717103281732,0.08208981217773177,29.539465767996653,0.0,0.0,-1,0.4,-0.004024553393820654,0.1563717103281732,-0.0024804378909344393,0.8058104196178881
2021-03-03,355.07684326171875,-0.013334326584833356,0.012376078701114766,0.009878886935308822,0.008679553929455491,-0.008860389358058222,-0.011546616655647171,0.004131062090181718,0,0.1570988425214976,0.08464856502753593,30.056745256696427,0.0,0.0,-1,0.2,-0.01720060569686455,0.1570988425214976,-0.026773706806760167,0.8137415739709453
2021-03-04,350.6827697753906,-0.012452200955582526,0.012376078701114766,0.009878886935308822,0.008679553929455491,-0.014183703859736331,-0.02156291264886088,-0.00797235006129519,0,0.16311407365518227,0.08725567006929065,30.59906005859375,0.0,0.0,-1,0.2,-0.028718290984355035,0.16311407365518227,-0.014835231480245348,0.8793523762824907
2021-03-05,357.1341247558594,0.018229385830509592,0.012376078701114766,0.009878886935308822,0.008679553929455491,0.002631147429025313,-0.003224797717461185,0.009870522431429777,0,0.17150117035441642,0.08581902338237489,30.648901803152903,0.0,0.0,-1,0.4,-0.010523493352618736,0.17150117035441642,0.008560303051662999,0.97083417162361
2021-03-08,355.3560791015625,-0.004991084328533901,0.012376078701114766,0.009878886935308822,0.008679553929455491,-0.0015749737588258322,-0.007413421137673709,0.004651936522381691,0,0.17148448900748609,0.08659200701296828,30.77099609375,0.0,0.0,-1,0.2,-0.014688608140539084,0.17148448900748609,-0.020381875808182848,0.9706522207506655
2021-03-09,360.42974853515625,0.014176738943051603,0.012376078701114766,0.009878886935308822,0.008679553929455491,0.008417916053171822,0.006110843644398821,0.01823753147044154,0,0.17747570682774413,0.08558573612791147,30.847645350864955,0.0,0.0,-1,0.4,-0.00018964594112237727,0.17747570682774413,0.0016285129046114122,1.0
2021-03-10,362.6732177734375,0.006205136865131244,0.012376078701114766,0.009878886935308822,0.008679553929455491,0.009748742503089831,0.011181721748146151,0.023589000281913457,1,0.1790234456163438,0.08482286957510614,30.762983049665177,0.0,0.0,-1,0.6,0.006120643811822227,0.1790234456163438,0.021167976354576012,1.0
2021-03-11,366.35040283203125,0.010088057889638513,0.012376078701114766,0.009878886935308822,0.008679553929455491,0.013236283457847848,0.01935334818651711,0.032591821358639556,1,0.18261214975310902,0.08409605080137589,30.808622087751115,0.0,0.0,-1,0.8,0.015869262885937468,0.18261214975310902,0.04370823519979705,1.0
2021-03-12,366.84381103515625,0.0013459142701215399,0.012376078701114766,0.009878886935308822,0.008679553929455491,0.009686808376427495,0.018715364270140505,0.03260643567625877,1,0.18259181044582135,0.08334535818707497,30.57472882952009,0.0,0.0,-1,0.8,0.01679780494778022,0.18259181044582135,0.026824763639409,0.9997968457172295
2021-03-15,369.0315246582031,0.005945898611459555,0.012376078701114766,0.009878886935308822,0.008679553929455491,0.010417577767644995,0.02237674609954835,0.037187789908635825,1,0.18296011723189604,0.08213571128774726,30.31066676548549,0.0,0.0,-1,1.0,0.022364325568260898,0.18296011723189604,0.037761746579402455,1.0
2021-03-16,368.56610107421875,-0.0012619987633284424,0.012376078701114766,0.009878886935308822,0.008679553929455491,0.006076969817538209,0.019040765473675805,0.03442420283132805,1,0.18300405519359392,0.08293534327035894,30.567156110491073,0.0,0.0,-1,0.8,0.020599800742892877,0.18300405519359392,0.02232300887302241,1.0
2021-03-17,369.8227844238281,0.003403855577024828,0.012376078701114766,0.009878886935308822,0.008679553929455491,0.006318207181680557,0.020327436297145614,0.03640876256442663,1,0.18329813558103922,0.08105067106515935,29.97438485281808,0.0,0.0,-1,0.8,0.023437280948678963,0.18329813558103922,0.019521727584915993,1.0
2021-03-18,364.44207763671875,-0.014656300151692392,0.012376078701114766,0.009878886935308822,0.008679553929455491,-0.0055641961549576955,0.004957555649243164,0.02047603397372665,1,0.19053696000948112,0.08144137541660237,29.6806640625,0.0,0.0,-1,0.6,0.008448124411712723,0.19053696000948112,-0.005222630456414912,1.0
2021-03-19,363.7677001953125,-0.0018521520988024065,0.012376078701114766,0.009878886935308822,0.008679553929455491,-0.004948438556315157,0.002802075053022665,0.017845768446831896,1,0.1905481948439873,0.08286324068243145,30.142970493861608,0.0,0.0,-1,0.4,0.006487983387003635,0.1905481948439873,-0.008420696825338858,1.0
2021-03-22,366.6723327636719,0.00795314535818381,0.012376078701114766,0.009878886935308822,0.008679553929455491,0.001995942453471544,0.009769789657568084,0.024929174532432524,1,0.1901451500904752,0.08125727736364446,29.794795445033483,0.0,0.0,-1,0.4,0.01363097012073732,0.1901451500904752,-0.006413450078614602,0.9962699548703676
2021-03-23,363.78643798828125,-0.00790163635840102,0.012376078701114766,0.009878886935308822,0.008679553929455491,-0.003934569958993798,0.0016485483799919024,0.0161904893293715,1,0.19266709387257094,0.08097716887009286,29.45839582170759,0.0,0.0,-1,0.4,0.0052294801889464166,0.19266709387257094,-0.01305308767368718,1.0
2021-03-24,361.9370422363281,-0.005096706406036766,0.012376078701114766,0.009878886935308822,0.008679553929455491,-0.00601691927262221,-0.0031166354771336997,0.010587532519322443,1,0.18942165335031824,0.08047833627263519,29.12809099469866,0.0,0.0,-1,0.2,0.0005027377461313687,0.18942165335031824,-0.021553649656748775,0.9705421865446945
2021-03-25,363.97314453125,0.005609805928321165,0.012376078701114766,0.009878886935308822,0.008679553929455491,-0.00028350519592753963,0.0022535909177545253,0.01562454939748933,1,0.16767431211098965,0.0804031561718086,29.26458958217076,0.0,0.0,-1,0.4,0.005013048064790932,0.16767431211098965,-0.0012875435767352172,0.7731486071570967
2021-03-26,369.8386535644531,0.015986752929347148,0.012376078701114766,0.009878886935308822,0.008679553929455491,0.010496059640933702,0.016623124844010545,0.030698482589237318,1,0.1738571715936426,0.07853177200767746,29.044084821428573,0.0,0.0,-1,0.6,0.01899347992466819,0.1738571715936426,0.016551361451414337,0.8292684220209158
2021-03-29,369.6517333984375,-0.0005055377954636953,0.012376078701114766,0.009878886935308822,0.008679553929455491,0.006634812898071233,0.014552765852230413,0.028959851556431652,1,0.15374038685256586,0.07795398109238912,28.815824236188615,0.0,0.0,-1,0.4,0.017500272556338094,0.15374038685256586,0.008092678297766831,0.642854230283125
2021-03-30,368.67108154296875,-0.0026564326939269023,0.012376078701114766,0.009878886935308822,0.008679553929455491,0.002639381466233852,0.010719499032499143,0.025175587824985596,1,0.150887856589366,0.07822694868207926,28.840013776506698,0.0,0.0,-1,0.4,0.01356948279608046,0.150887856589366,0.01333788196224095,0.562115405170176
2021-03-31,370.16546630859375,0.004045243316150859,0.012376078701114766,0.009878886935308822,0.008679553929455491,0.0044590471599709565,0.013386412438971493,0.028148456286806633,1,0.14095022009785363,0.07744265218681587,28.666595458984375,0.0,0.0,-1,0.6,0.015571504112726108,0.14095022009785363,0.022479831684428575,0.45795989129244274
2021-04-01,374.1629943847656,0.010741404427428769,0.012376078701114766,0.009878886935308822,0.008679553929455491,0.010152534848356926,0.021962217361316292,0.0376544954487044,1,0.1330554674648223,0.07646413193135965,28.61004856654576,0.0,0.0,-1,0.6,0.02324312911095582,0.1330554674648223,0.02761143018353618,0.36665700850100574
2021-04-05,379.5333251953125,0.014250890068393751,0.012376078701114766,0.009878886935308822,0.008679553929455491,0.016300174824606,0.03302653534343575,0.05038333984321739,1,0.1277550129955163,0.07614078279579711,28.897964477539062,0.0,0.0,-1,0.6,0.03476037608161941,0.1277550129955163,0.025875567322582782,0.31034239519164447
2021-04-06,379.3091735839844,-0.0005907724414679905,0.012376078701114766,0.009878886935308822,0.008679553929455491,0.010412143293389886,0.029238884133943075,0.04771837403270149,1,0.12501084849555866,0.07609292635810479,28.862745012555802,0.0,0.0,-1,0.6,0.030783443785018384,0.12501084849555866,0.025790332676578487,0.2811870532172372
2021-04-07,379.74810791015625,0.0011565250365066504,0.012376078701114766,0.009878886935308822,0.008679553929455491,0.007691232444376656,0.027452267230783825,0.04692189682024329,1,0.11829571129851091,0.07590804497287183,28.825936453683035,0.0,0.0,-1,0.8,0.029274507847301907,0.11829571129851091,0.02960329040701204,0.20984216066869957
2021-04-08,381.5506896972656,0.004735552351879946,0.012376078701114766,0.009878886935308822,0.008679553929455491,0.008281911601811602,0.029160588253847434,0.04975520080743462,1,0.1178174896903419,0.07433333206483628,28.361934116908483,0.0,0.0,-1,0.8,0.031521321748801026,0.1178174896903419,0.030293599442741126,0.20476130107521187
2021-04-09,384.3246765136719,0.007243995744726561,0.012376078701114766,0.009878886935308822,0.008679553929455491,0.01035439461945205,0.03303779689014354,0.05501294760210513,1,0.11581542834641723,0.07263651961891719,27.916006905691965,0.0,0.0,-1,0.8,0.03650242904237545,0.11581542834641723,0.026796190760038918,0.18349042495362136
2021-04-12,384.4647216796875,0.0003643264797705825,0.012376078701114766,0.009878886935308822,0.008679553929455491,0.007122915065053507,0.030136018929224507,0.053109562555946274,1,0.11598563014637053,0.07279640373197158,27.98764910016741,0.0,0.0,-1,0.8,0.03442220031258801,0.11598563014637053,0.01290962717141575,0.1852987318836086
2021-04-13,385.60418701171875,0.002959387532166957,0.012376078701114766,0.009878886935308822,0.008679553929455491,0.006715903401747261,0.02993362257823677,0.05390673978572397,1,0.11523820751334704,0.07190919093030305,27.728485107421875,0.0,0.0,-1,1.0,0.03518007716087428,0.11523820751334704,0.016459787145050697,0.13379991018611212
2021-04-14,384.2873229980469,-0.0034209113382299705,0.012376078701114766,0.009878886935308822,0.008679553929455491,0.0021828825461397802,0.023840510632057502,0.04823956255380739,1,0.11634702954563557,0.0717317662684988,27.565608433314733,0.0,0.0,-1,0.8,0.029472441163188975,0.11634702954563557,0.011882350770314076,0.13037164215291025
2021-04-15,388.41546630859375,0.01068504642019974,0.012376078701114766,0.009878886935308822,0.008679553929455491,0.00859534537415236,0.031416713161746206,0.057033687278374885,1,0.12024424038859141,0.07108447665103923,27.61031014578683,0.0,0.0,-1,0.8,0.037946467981504806,0.12024424038859141,0.01783184483863387,0.11996165557054005
2021-04-16,389.71380615234375,0.0033370831674615076,0.012376078701114766,0.009878886935308822,0.008679553929455491,0.00794612633805382,0.03143957567130709,0.0580539244645106,1,0.10184320689307316,0.07103051678767222,27.681573050362722,0.0,0.0,-1,0.8,0.037911325597294744,0.10184320689307316,0.013924932261368816,0.0
2021-04-19,387.799072265625,-0.004925288855196719,0.012376078701114766,0.009878886935308822,0.008679553929455491,0.0019939474922095347,0.023800537983022448,0.05067770729170026,1,0.10447627960314779,0.07199875100878773,27.921048845563615,0.0,0.0,-1,0.6,0.029517326477411,0.10447627960314779,0.008635316926401515,0.02899097140236911
2021-04-20,384.95977783203125,-0.007348494838020692,0.012376078701114766,0.009878886935308822,0.008679553929455491,-0.0035678280183541475,0.014729018067859347,0.04122991538342256,1,0.1092501956041982,0.07321655042293636,28.18542698451451,0.0,0.0,-1,0.4,0.019504857899383235,0.1092501956041982,-0.0016725654437861337,0.08155331111073302
2021-04-21,388.60223388671875,0.009417429810749667,0.012376078701114766,0.009878886935308822,0.008679553929455491,0.003899267562895797,0.021962234782353346,0.048980610550350974,1,0.10472294420413306,0.07250249186544809,28.174630301339285,0.0,0.0,-1,0.6,0.02578057385293343,0.10472294420413306,0.011165775705193504,0.03170682743087128
2021-04-22,385.05316162109375,-0.009174878589243818,0.012376078701114766,0.009878886935308822,0.008679553929455491,-0.0035190221794635843,0.011412274793783981,0.03779684445028809,1,0.10993061555123493,0.0737685049402675,28.404796055385045,0.0,0.0,-1,0.4,0.01332062060174579,0.10993061555123493,-0.008694149304250054,0.08904495201782528
2021-04-23,389.2280578613281,0.01078403193873001,0.012376078701114766,0.009878886935308822,0.008679553929455491,0.004845042552282261,0.02020406365567893,0.047035078324076156,1,0.11299187522433793,0.07270562723874215,28.29907008579799,0.0,0.0,-1,0.4,0.020914845473253205,0.11299187522433793,-0.0012472005329815516,0.12275039862345268
2021-04-26,390.04058837890625,0.0020853676481262795,0.012376078701114766,0.009878886935308822,0.008679553929455491,0.004617780264512091,0.020163867912062237,0.047199476066316,1,0.10268317359681377,0.07266012376757117,28.340397426060267,0.0,0.0,-1,0.6,0.02034274849595941,0.10268317359681377,0.005763455970341447,0.009248301649214988
2021-04-27,389.95660400390625,-0.0002153453272519812,0.012376078701114766,0.009878886935308822,0.008679553929455491,0.0029300104297502755,0.018010545943107366,0.04504888820863349,1,0.10256965389481557,0.07281709128925466,28.39550563267299,0.0,0.0,-1,0.6,0.017420910323524642,0.10256965389481557,0.012896605481110157,0.007998413478013644
2021-04-28,389.844482421875,-0.00028756457192802287,0.012376078701114766,0.009878886935308822,0.008679553929455491,0.001759547136838598,0.016003426123072578,0.042918258013477366,1,0.1012734287597606,0.07304208001844988,28.475051879882812,0.0,0.0,-1,0.4,0.014326670315987966,0.1012734287597606,0.0031916110984324675,0.0
2021-04-29,392.32879638671875,0.006352357939481301,0.012376078701114766,0.009878886935308822,0.008679553929455491,0.0054141947570664145,0.020293781430456948,0.047528254823370385,1,0.10198069749197111,0.07257444399026249,28.47304425920759,0.0,0.0,-1,0.6,0.017855750514446312,0.10198069749197111,0.018718847627157587,0.007738706302428132
2021-04-30,389.75103759765625,-0.006592084367523121,0.012376078701114766,0.009878886935308822,0.008679553929455491,-0.0007948377151692569,0.012279855737773303,0.03898947973594083,1,0.10287737723179162,0.07374419871118215,28.741877964564733,0.0,0.0,-1,0.4,0.00912749344206822,0.10287737723179162,0.0013427313209044556,0.017549886745992848
2021-05-03,390.5917053222656,0.002154612335304229,0.012376078701114766,0.009878886935308822,0.008679553929455491,0.0009065109671743334,0.01306782240759685,0.03954968264241,1,0.09224721506077294,0.07382193948811315,28.834237234933035,0.0,0.0,-1,0.4,0.009858407439497013,0.09224721506077294,0.001411976008082405,0.0
2021-05-04,388.1820373535156,-0.006188384447924022,0.012376078701114766,0.009878886935308822,0.008679553929455491,-0.0035184170150084505,0.00616459830016261,0.03179562931686415,1,0.09594422277590296,0.07472462574881236,29.006757463727677,0.0,0.0,-1,0.4,0.0024784487548395024,0.09594422277590296,-0.004561063112589636,0.036815496681277385
2021-05-05,388.3034973144531,0.0003128453950651533,0.012376078701114766,0.009878886935308822,0.008679553929455491,-0.002140036478122036,0.005858718398600318,0.03082010499157472,1,0.09599090502808778,0.07449777165059755,28.927745274135045,0.0,0.0,-1,0.6,0.0016855437173956252,0.09599090502808778,-0.00396065314559646,0.03728036730985393
2021-05-06,391.4041748046875,0.007953477812919552,0.012376078701114766,0.009878886935308822,0.008679553929455491,0.0038778436643377343,0.012551164835873686,0.0374626014331792,1,0.09825408877555962,0.07370892239438703,28.849979945591517,0.0,0.0,-1,0.6,0.008402589633952615,0.09825408877555962,-0.0023595332721582096,0.05981757582126215
2021-05-07,394.2528076171875,0.007251625987980681,0.012376078701114766,0.009878886935308822,0.008679553929455491,0.007428339855291516,0.017989175840298317,0.04317180339968268,1,0.09826024049979418,0.07274966159133917,28.681758335658483,0.0,0.0,-1,0.8,0.014444325249043186,0.09826024049979418,0.011484177083345593,0.05987883584574482
2021-05-10,390.34893798828125,-0.009951295333799237,0.012376078701114766,0.009878886935308822,0.008679553929455491,-0.0016995498001867839,0.007150469001478332,0.031513849500108965,1,0.10604302321321266,0.07360364654117632,28.731105259486608,0.0,0.0,-1,0.6,0.0036395698504977513,0.10604302321321266,-0.0006217305857578737,0.13738124677779331
2021-05-11,386.8650817871094,-0.008965045524675475,0.012376078701114766,0.009878886935308822,0.008679553929455491,-0.007098008897877676,-0.0016635404947371168,0.0214140682922951,1,0.111089506790868,0.07599966260041695,29.401615687779017,0.0,0.0,-1,0.6,-0.005479100911880665,0.111089506790868,-0.003398391662509326,0.18763507736758336
2021-05-12,378.64605712890625,-0.021474123836888737,0.012376078701114766,0.009878886935308822,0.008679553929455491,-0.018973238246024045,-0.020740156890175346,-0.0002748587208157885,0,0.13477330348172695,0.0786655688335452,29.786407470703125,0.0,0.0,-1,0.4,-0.025901569045173805,0.13477330348172695,-0.025185360894463216,0.4234827697875867
2021-05-13,383.1944885253906,0.011940780695083753,0.012376078701114766,0.009878886935308822,0.008679553929455491,-0.004804041839606712,-0.008128941898925166,0.011268845928982576,0,0.136250729447914,0.0780410056612958,29.904883248465403,0.0,0.0,-1,0.4,-0.013537873180914668,0.136250729447914,-0.021198058012299015,0.4381952548420247
2021-05-14,389.0785827636719,0.01523867223190134,0.012376078701114766,0.009878886935308822,0.008679553929455491,0.0069607315906253095,0.006420921630626258,0.025719355532321502,0,0.14702441640587538,0.07718684176127544,30.031747000558035,0.0,0.0,-1,0.4,0.0016915220206965029,0.14702441640587538,-0.013211011768378356,0.5454816515738201
2021-05-17,388.0885314941406,-0.002547847913129786,0.012376078701114766,0.009878886935308822,0.008679553929455491,0.002927983422165523,0.003491077685019141,0.022182954532885574,1,0.14622560939216592,0.07759321563397463,30.113037109375,0.0,0.0,-1,0.4,-0.0008946147669874225,0.14622560939216592,-0.0058075643477089045,0.5375269814112864
2021-05-18,384.7449645996094,-0.008652802376562185,0.012376078701114766,0.009878886935308822,0.008679553929455491,-0.003815744200864592,-0.004665862404163272,0.012845061916703555,0,0.14716963564559943,0.07888937133693653,30.352288382393972,0.0,0.0,-1,0.4,-0.00947499280899302,0.14716963564559943,-0.005495321199595615,0.5469277720177236
2021-05-19,383.7362060546875,-0.0026253320519353807,0.012376078701114766,0.009878886935308822,0.008679553929455491,-0.004294286442906866,-0.006587175741736878,0.009785996315306703,0,0.14306970877319508,0.08014706246554604,30.75532967703683,0.0,0.0,-1,0.4,-0.01145283426462772,0.14306970877319508,0.01335347058535774,0.5060999307484841
2021-05-20,387.8643798828125,0.010700389015661393,0.012376078701114766,0.009878886935308822,0.008679553929455491,0.004269107348068126,0.0037078981369761776,0.019823293921439018,0,0.14471104469673798,0.07873507954297031,30.53853280203683,0.0,0.0,-1,0.4,-0.0011798724550092729,0.14471104469673798,0.012113078905935382,0.522444661920875
2021-05-21,387.5469055175781,-0.0008188541718459064,0.012376078701114766,0.009878886935308822,0.008679553929455491,0.0022954251514585512,0.002610736565457596,0.0182303249960605,1,0.1393929791964528,0.0790087321904729,30.61958966936384,0.0,0.0,-1,0.2,-0.0017813479122731212,0.1393929791964528,-0.003944447497811865,0.4694863675750708
2021-05-24,391.49761962890625,0.010142547316998929,0.012376078701114766,0.009878886935308822,0.008679553929455491,0.008307338383424099,0.011595289715800977,0.027457544913075838,1,0.14401502602148367,0.07782374948585445,30.46781267438616,0.0,0.0,-1,0.4,0.008205463891278481,0.14401502602148367,0.00874594773231685,0.515513577323982
2021-05-25,390.62908935546875,-0.0022209460959912164,0.012376078701114766,0.009878886935308822,0.008679553929455491,0.004038779019396325,0.00845297666771059,0.024166908949047647,1,0.14426498327681753,0.07825175892669842,30.567413330078125,0.0,0.0,-1,0.4,0.0058816783002390155,0.14426498327681753,0.015177804012887819,0.5180026985845475
2021-05-26,391.4041748046875,0.001982232057201827,0.012376078701114766,0.009878886935308822,0.008679553929455491,0.0040125938508761925,0.009448925539903332,0.02514580962725822,1,0.14441190779784763,0.07865887579313287,30.78741237095424,0.0,0.0,-1,0.6,0.007675192671172283,0.14441190779784763,0.019785368122025027,0.5194658005397437
2021-05-27,391.60968017578125,0.0005249086577583384,0.012376078701114766,0.009878886935308822,0.008679553929455491,0.0030219251383324488,0.009019986163506586,0.024652010850966535,1,0.14258889497650495,0.07866218973753858,30.804874965122767,0.0,0.0,-1,0.6,0.008297605755717375,0.14258889497650495,0.009609887764121972,0.501311896721962
2021-05-28,392.3101806640625,0.0017871741991033474,0.012376078701114766,0.009878886935308822,0.008679553929455491,0.0032055890648589364,0.009783864220356674,0.02541985544981399,1,0.1406108984761237,0.07778229388508724,30.514785766601562,0.0,0.0,-1,0.8,0.009768544234116187,0.1406108984761237,0.012215916135071225,0.4816146363409939
2021-06-01,391.96466064453125,-0.0008811197903746404,0.012376078701114766,0.009878886935308822,0.008679553929455491,0.0015468254612358342,0.00804060765180327,0.0235326697799815,1,0.1405004950574394,0.07665002811877136,30.044102260044642,0.0,0.0,-1,0.6,0.008700978924407486,0.1405004950574394,0.001192249027697656,0.4805152183772336
2021-06-02,392.5810546875,0.001571340350855266,0.012376078701114766,0.009878886935308822,0.008679553929455491,0.002079058850890277,0.008701105476425695,0.024132487633176776,1,0.13852496542208237,0.0753497619596513,29.580889020647323,0.0,0.0,-1,0.8,0.009715705730748248,0.13852496542208237,0.004984535474544138,0.46084252350115773
2021-06-03,391.1240539550781,-0.0037182414532583863,0.012376078701114766,0.009878886935308822,0.008679553929455491,-0.0010939277392430623,0.004483218163638141,0.019518706761453106,1,0.13935819638904884,0.07576019703646943,29.631635393415177,0.0,0.0,-1,0.6,0.005603554989969183,0.13935819638904884,-0.000715938035916075,0.4691399938509086
2021-06-04,394.7012634277344,0.00910440043884897,0.012376078701114766,0.009878886935308822,0.008679553929455491,0.00534702552814006,0.012352188353248186,0.027680780246428848,1,0.14024680647340507,0.07466285661867172,29.46952383858817,0.0,0.0,-1,0.6,0.014370834718227006,0.14024680647340507,0.007863553745174556,0.4779889398451735
2021-06-07,394.3182373046875,-0.0009708914742363461,0.012376078701114766,0.009878886935308822,0.008679553929455491,0.0029100372414417553,0.010275817891123605,0.02561028735545606,1,0.13795237298183274,0.07459052326013725,29.412403651646205,0.0,0.0,-1,0.4,0.013377948559754008,0.13795237298183274,0.005105488071834863,0.455140540517064
2021-06-08,394.4023132324219,0.0002131957332558443,0.012376078701114766,0.009878886935308822,0.008679553929455491,0.002080417794927672,0.009482588171555667,0.02479095498510453,1,0.13284306453291372,0.07398288370501023,29.179020472935267,0.0,0.0,-1,0.6,0.013066365370036739,0.13284306453291372,0.006199803595465347,0.40426108806826516
2021-06-09,393.81396484375,-0.0014928605620125879,0.012376078701114766,0.009878886935308822,0.008679553929455491,0.00039030217614266884,0.007211531946512276,0.02232961212797562,1,0.1283411291135928,0.07356238476865656,28.969894409179688,0.0,0.0,-1,0.4,0.010653170360311666,0.1283411291135928,0.0031356026825974936,0.35942997023990936
2021-06-10,395.64453125,0.004637532425300961,0.012376078701114766,0.009878886935308822,0.008679553929455491,0.0033546429580051367,0.010748480391866615,0.02599207721293947,1,0.09783581711965614,0.07318631919106461,28.955766950334823,0.0,0.0,-1,0.6,0.013141151438360987,0.09783581711965614,0.01149137656115684,0.05565234817059563
2021-06-11,396.29833984375,0.0016511512790948757,0.012376078701114766,0.009878886935308822,0.008679553929455491,0.0033362266545186627,0.011222745203467731,0.02657290613732429,1,0.0908075661111856,0.07293013915025831,28.902093069893972,0.0,0.0,-1,0.6,0.013115602419742302,0.0908075661111856,0.004038127401402747,0.0
2021-06-14,397.1855773925781,0.002236309770911049,0.012376078701114766,0.009878886935308822,0.008679553929455491,0.0037147594525398756,0.01218658398979152,0.02770763503974652,1,0.07549941966325809,0.07235564073587138,28.738616943359375,0.0,0.0,-1,0.8,0.014332670662058372,0.07549941966325809,0.007245328646550142,0.0
2021-06-15,396.4571228027344,-0.0018357248021816375,0.012376078701114766,0.009878886935308822,0.008679553929455491,0.001248490510133692,0.009337178382128738,0.02478502053659775,1,0.07509291223785412,0.07234840945956783,28.68304225376674,0.0,0.0,-1,0.6,0.011391584610084096,0.07509291223785412,0.00519640811111266,0.0
2021-06-16,394.24346923828125,-0.005599235336767094,0.012376078701114766,0.009878886935308822,0.008679553929455491,-0.0028989086759112523,0.0033477549492780005,0.01830179017533068,1,0.0704922057826046,0.07310082086687429,28.81952122279576,0.0,0.0,-1,0.6,0.004527335106322154,0.0704922057826046,0.0010900333363581538,0.0
2021-06-17,394.11279296875,-0.0003315157803447377,0.012376078701114766,0.009878886935308822,0.008679553929455491,-0.002155259161704389,0.0027272408837176873,0.017247631484126898,1,0.06929291994699015,0.0736247159511909,29.016442435128347,0.0,0.0,-1,0.4,0.002868610857357176,0.06929291994699015,-0.003879014869287545,0.0
2021-06-18,388.7960510253906,-0.013582229192008022,0.012376078701114766,0.009878886935308822,0.008679553929455491,-0.010465539176036995,-0.009781451100076388,0.003385861497619135,1,0.07872701693222325,0.0756996797156014,29.431736537388392,0.0,0.0,-1,0.2,-0.010777754812061387,0.07872701693222325,-0.019112395340390442,0.09022296661303683
2021-06-21,394.3620300292969,0.01421442964173103,0.012376078701114766,0.009878886935308822,0.008679553929455491,0.002464008498942365,0.00397427063348707,0.01704231637349022,1,0.09311906822972724,0.07424159285946132,29.278065272739955,0.0,0.0,-1,0.2,0.0025147128613440596,0.09311906822972724,-0.007134275469570461,0.2278613188305629
2021-06-22,396.4703063964844,0.005331803631697163,0.012376078701114766,0.009878886935308822,0.008679553929455491,0.005201917535574375,0.008444375115687408,0.02157889771545129,1,0.08820255722062267,0.07305031374632415,28.9622802734375,0.0,0.0,-1,0.4,0.007237567293835886,0.08820255722062267,3.325296430833902e-05,0.22392190040201196
2021-06-23,395.9924621582031,-0.00120597286119839,0.012376078701114766,0.009878886935308822,0.008679553929455491,0.0026567341724194928,0.0065359801810507675,0.019534109868656155,1,0.08784010798866723,0.07275995363995831,28.812393188476562,0.0,0.0,-1,0.4,0.005338675468157857,0.08784010798866723,0.0044265154398770434,0.22730807578131892
2021-06-24,398.3350524902344,0.005898315443957358,0.012376078701114766,0.009878886935308822,0.008679553929455491,0.005709119981293074,0.01128740211143496,0.024538247008176604,1,0.08968945793037983,0.07249552009158354,28.877506801060267,0.0,0.0,-1,0.6,0.01039705564425407,0.08968945793037983,0.01065634666417914,0.26190804016859587
2021-06-25,399.75,0.0035458601508020493,0.012376078701114766,0.009878886935308822,0.008679553929455491,0.006168617751111051,0.013443490349202135,0.027042680022957132,1,0.09017162758661947,0.07199111130054917,28.778446742466517,0.0,0.0,-1,0.8,0.012940365192623145,0.09017162758661947,0.02778443600698921,0.26809948843287146
2021-06-28,400.5558166503906,0.0020137725003142037,0.012376078701114766,0.009878886935308822,0.008679553929455491,0.005449679233028246,0.013990861809702703,0.027939410118124737,1,0.09020049071497724,0.07151754277842093,28.64676775251116,0.0,0.0,-1,0.8,0.013923011474550844,0.09020049071497724,0.015583778865572384,0.26847011433945794
2021-06-29,400.7713928222656,0.0005380478149925594,0.012376078701114766,0.009878886935308822,0.008679553929455491,0.00398591026234667,0.013133964447349801,0.027344727217917073,1,0.08993988924331989,0.07103039825816897,28.466951642717635,0.0,0.0,-1,0.8,0.013339209437821053,0.08993988924331989,0.01079002304886778,0.2651237807233113
2021-06-30,401.10870361328125,0.0008412998711637698,0.012376078701114766,0.009878886935308822,0.008679553929455491,0.0032154347533663837,0.01263777418415787,0.02707319531322072,1,0.08992765894869294,0.0709199615974414,28.44661385672433,0.0,0.0,-1,1.0,0.013099871340006917,0.08992765894869294,0.01283729578122994,0.2649667338509922
2021-07-01,403.3295593261719,0.005521520935793944,0.012376078701114766,0.009878886935308822,0.008679553929455491,0.005829644995736814,0.016478332010476528,0.03143480083925896,1,0.0893756521356107,0.07041604491906536,28.400872366768972,0.0,0.0,-1,1.0,0.01714137139755811,0.0893756521356107,0.012460501273066527,0.25787852002314465
2021-07-02,406.41229248046875,0.007614150215712101,0.012376078701114766,0.009878886935308822,0.008679553929455491,0.008971186769213072,0.021887661260384744,0.037718224623719224,1,0.08784544818327522,0.06987243441728574,28.397016252790177,0.0,0.0,-1,1.0,0.0234043575673174,0.08784544818327522,0.01652879133797658,0.2382294639656508
2021-07-06,405.6720275878906,-0.0018231237306833847,0.012376078701114766,0.009878886935308822,0.008679553929455491,0.004744307835136927,0.018084569094866384,0.03437474022617334,1,0.08820981990990909,0.06991455918224622,28.362380981445312,0.0,0.0,-1,0.8,0.020082033311472184,0.08820981990990909,0.01269189510697899,0.24290829156341473
2021-07-07,407.1058044433594,0.0035280941142801225,0.012376078701114766,0.009878886935308822,0.008679553929455491,0.005515017523363382,0.019577353571900217,0.03648474936096456,1,0.08839326709360994,0.06891171297449762,28.054358346121653,0.0,0.0,-1,0.8,0.022054931965667685,0.08839326709360994,0.015681941406266553,0.24526390173591878
2021-07-08,403.78863525390625,-0.008181552445543971,0.012376078701114766,0.009878886935308822,0.008679553929455491,-0.0017869915355839413,0.010185426334136242,0.026910120761436507,1,0.09446260642092548,0.06951571669259667,28.069656372070312,0.0,0.0,-1,0.6,0.012459359783967599,0.09446260642092548,0.006659089089558812,0.323199126313243
2021-07-09,408.09893798828125,0.010618079086157195,0.012376078701114766,0.009878886935308822,0.008679553929455491,0.005894962604719259,0.018933962602871043,0.036332889491175434,1,0.09955475538937217,0.06750334495602225,27.548043387276785,0.0,0.0,-1,0.6,0.02167176299770247,0.09955475538937217,0.011755647239922062,0.3885864365351303
2021-07-12,409.5608825683594,0.0035759275463336238,0.012376078701114766,0.009878886935308822,0.008679553929455491,0.0063122871727958,0.02038939569262145,0.038414641186137195,1,0.09981488110639318,0.06721654222619705,27.529266357421875,0.0,0.0,-1,0.6,0.02363236192937234,0.09981488110639318,0.007717424570543585,0.3919266610770553
2021-07-13,408.1646728515625,-0.0034148647167517865,0.012376078701114766,0.009878886935308822,0.008679553929455491,0.0019193081131890961,0.015275687522464904,0.033461247629392565,1,0.10137503574664422,0.0680532588188565,27.77693612234933,0.0,0.0,-1,0.6,0.01874501366983472,0.10137503574664422,0.006125683584475183,0.4119603081852487
2021-07-14,408.773681640625,0.0014909543627821265,0.012376078701114766,0.009878886935308822,0.008679553929455491,0.0022735713193839436,0.015167192754803445,0.03358446373466924,1,0.10066796028165868,0.06813687938211162,27.852563040597097,0.0,0.0,-1,0.6,0.018699251849711218,0.10066796028165868,0.004088543832977187,0.4028808874798097
2021-07-15,407.37762451171875,-0.003421077635907821,0.012376078701114766,0.009878886935308822,0.008679553929455491,-0.0007665776230175108,0.010574077110771912,0.0288419300858803,1,0.0989035833926111,0.06870612616384746,27.98933846609933,0.0,0.0,-1,0.6,0.0135613905875614,0.0989035833926111,0.008849018642613338,0.380224861564748
2021-07-16,404.18231201171875,-0.007874536106335484,0.012376078701114766,0.009878886935308822,0.008679553929455491,-0.005752617550382201,0.002394775905461417,0.019941256148462767,1,0.10436963038455205,0.06997964571594711,28.284534999302455,0.0,0.0,-1,0.4,0.004353298522480138,0.10436963038455205,-0.00964359654987934,0.45041332473896684
2021-07-19,398.2132873535156,-0.014878283910753964,0.012376078701114766,0.009878886935308822,0.008679553929455491,-0.013717315599278452,-0.011240238444542807,0.004686396883509355,1,0.10688546969638854,0.073057765316392,29.092572893415177,0.0,0.0,-1,0.2,-0.011635571929446111,0.10688546969638854,-0.02809780800696693,0.48271873578856794
2021-07-20,403.91986083984375,0.014228734410902888,0.012376078701114766,0.009878886935308822,0.008679553929455491,0.0002776640133130703,0.002649424896267133,0.01832189560890235,1,0.1069085864031686,0.07213375045781083,29.136254446847097,0.0,0.0,-1,0.4,0.0013404142714159846,0.1069085864031686,-0.010454208879312255,0.48301557299559034
2021-07-21,407.19012451171875,0.008063718734221403,0.012376078701114766,0.009878886935308822,0.008679553929455491,0.005568605458814629,0.00973176714475682,0.02549816331199831,1,0.1087340689675291,0.0714910716679578,29.110458374023438,0.0,0.0,-1,0.4,0.00810805908960117,0.1087340689675291,-0.0038814445078729776,0.5064562451911835
2021-07-22,408.0428161621094,0.002091897711185453,0.012376078701114766,0.009878886935308822,0.008679553929455491,0.005103181366953632,0.010705942268803016,0.026532737686983842,1,0.10834177907198997,0.0711606571311843,29.036594935825892,0.0,0.0,-1,0.6,0.008714432350128023,0.10834177907198997,0.0016315308392202965,0.5014189257302893
2021-07-23,412.2407531738281,0.010235420573825316,0.012376078701114766,0.009878886935308822,0.008679553929455491,0.01024304625650011,0.019055854806200975,0.03558726607972324,1,0.11171884657261727,0.07070575154621844,29.147792271205358,0.0,0.0,-1,0.8,0.01734345786122351,0.11171884657261727,0.019741487519381096,0.5447832031055306
2021-07-26,413.2527160644531,0.0024517780824684365,0.012376078701114766,0.009878886935308822,0.008679553929455491,0.008446164476700286,0.019464369424730756,0.03657944413896357,1,0.11154850194662046,0.07029396112484218,29.049170357840403,0.0,0.0,-1,1.0,0.018144461640290856,0.11154850194662046,0.0370715495126035,0.5425958403685597
2021-07-27,411.3692932128906,-0.004567974430434774,0.012376078701114766,0.009878886935308822,0.008679553929455491,0.0025634524700110664,0.013387960773035952,0.030567765674172215,1,0.11369829325338048,0.07109442468088022,29.246063232421875,0.0,0.0,-1,0.8,0.012155941384507587,0.11369829325338048,0.018274840671265835,0.5702008990497697
2021-07-28,411.2005920410156,-0.00041018076947452187,0.012376078701114766,0.009878886935308822,0.008679553929455491,0.0014338410124082087,0.01172242695233132,0.028928772691086152,1,0.11383584258895138,0.07073588362318761,29.086637224469865,0.0,0.0,-1,0.6,0.010444429951170788,0.11383584258895138,0.00980094116756991,0.5719671437396875
2021-07-29,412.9060363769531,0.004138898321437878,0.012376078701114766,0.009878886935308822,0.008679553929455491,0.0037179178201251412,0.014380669409824198,0.03185294995256,1,0.11426655412210088,0.07073573550013919,29.20721217564174,0.0,0.0,-1,0.6,0.013166657504149425,0.11426655412210088,0.011847941777822335,0.5774978280948982
2021-07-30,410.9008483886719,-0.004868111654207752,0.012376078701114766,0.009878886935308822,0.008679553929455491,-0.0007712433194268889,0.008546422291760086,0.025762236712041302,1,0.11530250967447722,0.07178114140624296,29.49493190220424,0.0,0.0,-1,0.4,0.007310742822395903,0.11530250967447722,-0.0032555904502107325,0.5908003350519918
2021-08-02,410.0386962890625,-0.0021004041580399146,0.012376078701114766,0.009878886935308822,0.008679553929455491,-0.0019137126974163277,0.005814320993238976,0.02266311750476134,1,0.1129658755062636,0.07207769454654785,29.554643903459823,0.0,0.0,-1,0.2,0.004750591079927142,0.1129658755062636,-0.007807772690719084,0.560796062950217
2021-08-03,413.37451171875,0.008102453657143904,0.012376078701114766,0.009878886935308822,0.008679553929455491,0.004128849279157616,0.012647084179185896,0.02973171917834577,1,0.11578277465224293,0.07123498515963751,29.446727207728795,0.0,0.0,-1,0.4,0.011969609898408127,0.11578277465224293,0.004862655396859594,0.5969673257045558
2021-08-04,411.3411865234375,-0.004930982445453758,0.012376078701114766,0.009878886935308822,0.008679553929455491,-0.0005403492827755869,0.006930871708102702,0.023676406956184864,1,0.11716065567933436,0.07148230119523749,29.403614589146205,0.0,0.0,-1,0.4,0.006470108339297986,0.11716065567933436,0.0003418537208803585,0.6146604322349335
2021-08-05,413.9461975097656,0.006313000024922744,0.012376078701114766,0.009878886935308822,0.008679553929455491,0.0038520317494217123,0.012025089864460613,0.02894236889609779,1,0.11414511763645424,0.07054776999288155,29.20298113141741,0.0,0.0,-1,0.4,0.011586976701644876,0.11414511763645424,0.002515955424365224,0.5759384854267173
2021-08-06,414.63018798828125,0.0016510019977733492,0.012376078701114766,0.009878886935308822,0.008679553929455491,0.0036671053954038905,0.012376672726126999,0.029405553246127914,1,0.10868339498177926,0.0687099057479487,28.489201136997767,0.0,0.0,-1,0.6,0.012450510439532896,0.10868339498177926,0.009035069076346325,0.5058055502396147
2021-08-09,414.2928466796875,-0.0008139267775355563,0.012376078701114766,0.009878886935308822,0.008679553929455491,0.0018985468644554815,0.010441232716015597,0.027417002672443513,1,0.10830942339984519,0.06896533490091557,28.571844918387278,0.0,0.0,-1,0.6,0.01104267623563029,0.10830942339984519,0.010321546456850683,0.5010034527374373
2021-08-10,414.80816650390625,0.0012430810778942813,0.012376078701114766,0.009878886935308822,0.008679553929455491,0.0020943128965364415,0.010572193307849705,0.027538677849302595,1,0.10729120860007459,0.06903492360933154,28.63625008719308,0.0,0.0,-1,0.6,0.011480318288942448,0.10729120860007459,0.00346217387760106,0.48792875138881864
2021-08-11,415.8390197753906,0.0024820497022801646,0.012376078701114766,0.009878886935308822,0.008679553929455491,0.0030517696209603927,0.01182281018937585,0.028878080827396044,1,0.10743255605235683,0.06906211893611819,28.718723842075892,0.0,0.0,-1,0.8,0.01312126175266198,0.10743255605235683,0.010875206025334982,0.48974376696843386
2021-08-12,417.08526611328125,0.002992462313789801,0.012376078701114766,0.009878886935308822,0.008679553929455491,0.004030434599331048,0.013421418655175635,0.03066973479031511,1,0.10645302440252741,0.06852588629466264,28.58113752092634,0.0,0.0,-1,0.8,0.014957290743021833,0.10645302440252741,0.00755466831420204,0.49272114069186673
2021-08-13,417.8442687988281,0.0018181244353838721,0.012376078701114766,0.009878886935308822,0.008679553929455491,0.0038974217706369244,0.013791700908827921,0.03122918046636927,1,0.10093865258054903,0.06856166702752535,28.648099626813615,0.0,0.0,-1,0.8,0.015116873029013472,0.10093865258054903,0.007721790751812563,0.419603811929369
2021-08-16,418.828125,0.0023518324781521827,0.012376078701114766,0.009878886935308822,0.008679553929455491,0.0041654390168192725,0.014615419376234617,0.03229479255972176,1,0.07980874605712507,0.06796592390962268,28.466040475027903,0.0,0.0,-1,1.0,0.014965493202510559,0.07980874605712507,0.010887550007500302,0.1399889217226039
2021-08-17,416.0826110839844,-0.006576808019445934,0.012376078701114766,0.009878886935308822,0.008679553929455491,-0.001612695705108609,0.007200409468638906,0.02450224292434793,1,0.073236818285183,0.06880716882372612,28.629466465541295,0.0,0.0,-1,0.8,0.006828372013285816,0.073236818285183,0.003067660910160086,0.052502016481147655
2021-08-18,411.5285949707031,-0.011005317578907103,0.012376078701114766,0.009878886935308822,0.008679553929455491,-0.00839510855724397,-0.0034605081897604003,0.012761294687752967,1,0.081343704276839,0.07040554349262979,28.973894391741073,0.0,0.0,-1,0.6,-0.004713777904675141,0.081343704276839,-0.010419706371027182,0.16042261317171477
2021-08-19,412.1657409667969,0.0015470450514705192,0.012376078701114766,0.009878886935308822,0.008679553929455491,-0.004583723825015219,-0.0017353096585946627,0.01375962949412604,1,0.08122784916920296,0.07056794417562592,29.085688999720983,0.0,0.0,-1,0.6,-0.003669570949399091,0.08122784916920296,-0.011865123633346464,0.15888032525023668
2021-08-20,415.4454650878906,0.007925802033551754,0.012376078701114766,0.009878886935308822,0.008679553929455491,0.0022222590246901465,0.005613602362358728,0.02095254141750491,1,0.07790309861027284,0.06958496175875892,28.908756801060267,0.0,0.0,-1,0.6,0.003869686310296663,0.07790309861027284,-0.005757446035178582,0.11747137083333081
2021-08-23,419.0998840332031,0.008757923837991122,0.012376078701114766,0.009878886935308822,0.008679553929455491,0.007331819007689324,0.013064295112058104,0.028725662700255585,1,0.08315843071609795,0.06905303264144041,28.940117972237722,0.0,0.0,-1,0.6,0.011985199456718875,0.08315843071609795,0.0006486453246603574,0.1944181685329697
2021-08-24,419.76513671875,0.0015860783524166422,0.012376078701114766,0.009878886935308822,0.008679553929455491,0.0059361909766214235,0.013256476692571092,0.02913337937768432,1,0.08082166478862488,0.06869278595333095,28.83483668736049,0.0,0.0,-1,0.8,0.012565167227570192,0.08082166478862488,0.008811531696522934,0.1619033483973106
2021-08-25,420.6459655761719,0.002096186443859338,0.012376078701114766,0.009878886935308822,0.008679553929455491,0.005350336801637613,0.013897302043933815,0.030028874347567843,1,0.08072706794604685,0.06845827277737723,28.796696254185267,0.0,0.0,-1,1.0,0.013535283993285229,0.08072706794604685,0.021913035719289375,0.16114900196199916
2021-08-26,418.162841796875,-0.0059206126855304575,0.012376078701114766,0.009878886935308822,0.008679553929455491,-0.00038965408544932884,0.007153216439837974,0.022987744334940805,1,0.08360905439509277,0.06945296805997621,29.042650495256698,0.0,0.0,-1,0.8,0.006914577484022012,0.08360905439509277,0.014445377982288399,0.20176674103360026
2021-08-27,421.90155029296875,0.008901063336919535,0.012376078701114766,0.009878886935308822,0.008679553929455491,0.005682248493090469,0.014596651323819201,0.030835052017828955,1,0.08584998918091584,0.06887983136792297,29.06050763811384,0.0,0.0,-1,0.8,0.01457343686068477,0.08584998918091584,0.01542063928565618,0.23334971549108557
2021-08-30,423.7569580078125,0.0043880849629660545,0.012376078701114766,0.009878886935308822,0.008679553929455491,0.0067140277796684696,0.01721222625237757,0.03393432070210696,1,0.08550911625310693,0.0687158926330602,29.11883762904576,0.0,0.0,-1,0.8,0.017357164897558206,0.08550911625310693,0.011050800410631112,0.23618301034072553
2021-08-31,423.1291198730469,-0.0014826982428495228,0.012376078701114766,0.009878886935308822,0.008679553929455491,0.0034756033695073933,0.014188177213946957,0.031092251528705216,1,0.08262977722814813,0.06917726028649777,29.27091326032366,0.0,0.0,-1,0.6,0.014661736012754745,0.08262977722814813,0.007982023815364947,0.20986352380561077
2021-09-01,423.3540954589844,0.000531553578758448,0.012376078701114766,0.009878886935308822,0.008679553929455491,0.0026691970718365,0.01330614149702573,0.030362001674704833,1,0.07949951016836697,0.06953107187046988,29.436264038085938,0.0,0.0,-1,0.6,0.013741089456752925,0.07949951016836697,0.006417390950264057,0.17285181659920032
2021-09-02,424.6565246582031,0.0030717309250869462,0.012376078701114766,0.009878886935308822,0.008679553929455491,0.003828565159397897,0.014836179015362367,0.032174578720472774,1,0.07767566992282013,0.0694138909181746,29.477061680385045,0.0,0.0,-1,0.8,0.01555754822028026,0.07767566992282013,0.01540973456088146,0.17512317738826658
2021-09-03,424.55340576171875,-0.00024285843416826935,0.012376078701114766,0.009878886935308822,0.008679553929455491,0.0023870186842858475,0.013181931370973652,0.03063366689017336,1,0.0778455208601755,0.06983196299945961,29.64739772251674,0.0,0.0,-1,0.6,0.014107643104364222,0.0778455208601755,0.006265812789793657,0.1786715160501391
2021-09-07,423.0354309082031,-0.003581869913288571,0.012376078701114766,0.009878886935308822,0.008679553929455491,-0.000798304305355548,0.008641057200086726,0.025864530002262454,1,0.07939173362895247,0.07000946316062295,29.616483415876115,0.0,0.0,-1,0.4,0.009427748343933121,0.07939173362895247,-0.001704142086460969,0.21097328978396934
2021-09-08,422.5199890136719,-0.0012191795977694042,0.012376078701114766,0.009878886935308822,0.008679553929455491,-0.0013447491157929318,0.006701447759993977,0.02362649527434883,1,0.0797900002154049,0.06956380603815031,29.392098563058035,0.0,0.0,-1,0.4,0.007271054714423816,0.0797900002154049,-0.0014406234413808505,0.21929343654585864
2021-09-09,420.7115783691406,-0.004289245059164948,0.012376078701114766,0.009878886935308822,0.008679553929455491,-0.003753064820040745,0.0021643358373789577,0.018476650262303447,1,0.08163193653622376,0.06960716287487585,29.284539358956472,0.0,0.0,-1,0.2,0.002377694406242424,0.08163193653622376,-0.006261422079304246,0.2577731409362684
2021-09-10,417.39447021484375,-0.007915765506111505,0.012376078701114766,0.009878886935308822,0.008679553929455491,-0.007768721116826998,-0.005193680596226856,0.010032677601041082,1,0.08640425281028172,0.07146628283081378,29.82963126046317,0.0,0.0,-1,0.0,-0.0055622011493479985,0.08640425281028172,-0.017248918510502698,0.35747111496918893
2021-09-13,418.462646484375,0.00255588384588723,0.012376078701114766,0.009878886935308822,0.008679553929455491,-0.003492387461688533,-0.00239625013837451,0.012116706118688193,1,0.08664530323046478,0.0721429204857254,30.189117431640625,0.0,0.0,-1,0.2,-0.0030907190030932704,0.08664530323046478,-0.014450176230447198,0.30526670119826954
2021-09-14,416.2044372558594,-0.005411054976141472,0.012376078701114766,0.009878886935308822,0.008679553929455491,-0.005930857256688445,-0.007044050075808326,0.006392233631327879,0,0.08830430307008423,0.07326384888447202,30.49273899623326,0.0,0.0,-1,0.2,-0.008160509689982418,0.08830430307008423,-0.0162793612933001,0.3430366215431699
2021-09-15,419.6808166503906,0.008317886747442493,0.012376078701114766,0.009878886935308822,0.008679553929455491,0.0015802046806345706,0.001130537748050123,0.014209633939442207,0,0.09010338713519542,0.07276834073762162,30.539476667131698,0.0,0.0,-1,0.4,-0.00030470055683649736,0.09010338713519542,-0.006742294948088201,0.38399579478131557
2021-09-16,419.0155944824219,-0.0015863244402520849,0.012376078701114766,0.009878886935308822,0.008679553929455491,-4.911306842090579e-06,-0.0004128799114688636,0.012101865314148912,0,0.07986989084900235,0.07255951099012119,30.40356663295201,0.0,0.0,-1,0.4,-0.002778522378796384,0.07986989084900235,-0.004039374329175338,0.15101304797887666
2021-09-17,414.93389892578125,-0.009788909717237004,0.012376078701114766,0.009878886935308822,0.008679553929455491,-0.006518521714192547,-0.009192230274082102,0.0021546814551192854,0,0.08834153358601614,0.07405290760735629,30.727061680385045,0.0,0.0,-1,0.4,-0.012817787514476204,0.08834153358601614,-0.005912518540300837,0.3438842368277321
2021-09-20,408.0151672363281,-0.016814879535339777,0.012376078701114766,0.009878886935308822,0.008679553929455491,-0.015508754318674487,-0.023321484927707425,-0.013992726296301283,0,0.10263922613686836,0.07680478666214273,31.337517874581472,0.0,0.0,-1,0.2,-0.028419595293293853,0.10263922613686836,-0.025283281921527845,0.6693952440412326
2021-09-21,407.6297607421875,-0.00094503505043253,0.012376078701114766,0.009878886935308822,0.008679553929455491,-0.011019511169728354,-0.021985852135792433,-0.014347235687989766,0,0.09609719310776929,0.07670030884527193,31.265328543526785,0.0,0.0,-1,0.2,-0.028009937456381712,0.09609719310776929,-0.020817261995818903,0.5204548641196419
2021-09-22,411.606201171875,0.009707756600012551,0.012376078701114766,0.009878886935308822,0.008679553929455491,-0.0009150698925849376,-0.01127339083240947,-0.004547432524909821,0,0.10347178071620672,0.07546785288688518,31.063036237444198,0.0,0.0,-1,0.2,-0.017572493097304763,0.10347178071620672,-0.019427392143248845,0.6883497486731347
2021-09-23,416.6072082519531,0.012076761388605028,0.012376078701114766,0.009878886935308822,0.008679553929455491,0.0074546381964308295,0.0006691307109539155,0.00724917822733326,0,0.11303232871801844,0.07446555265776977,31.02288600376674,0.0,0.0,-1,0.4,-0.005156515835711533,0.11303232871801844,-0.005764306314391732,0.9060116964674488
2021-09-24,417.2933654785156,0.0016456575352741254,0.012376078701114766,0.009878886935308822,0.008679553929455491,0.006057549609097523,0.0020960925492431014,0.00855580278079077,0,0.11138292906794825,0.07401789500817761,30.887176513671875,0.0,0.0,-1,0.6,-0.0034145368286707255,0.11138292906794825,0.005670260938119398,0.8684603405768132
2021-09-27,416.0996398925781,-0.002864738231837194,0.012376078701114766,0.009878886935308822,0.008679553929455491,0.002117477344079508,-0.0006972085734596459,0.005447097651132108,0,0.10648893504410113,0.0738827622534338,30.742590767996653,0.0,0.0,-1,0.6,-0.005576461376611606,0.10648893504410113,0.01962040224162198,0.757040339179149
2021-09-28,407.71435546875,-0.020357930485580766,0.012376078701114766,0.009878886935308822,0.008679553929455491,-0.012124594103016646,-0.018888434803123,-0.01424208223507193,0,0.12538255689202357,0.0764614260442919,31.174421037946427,0.0,0.0,-1,0.6,-0.023744723378610885,0.12538255689202357,0.0002075068064737451,1.0
2021-09-29,408.4006652832031,0.0016818952201207438,0.012376078701114766,0.009878886935308822,0.008679553929455491,-0.006998868778665245,-0.015620951653493122,-0.012095272977614011,0,0.12603368850547347,0.07645202369208125,31.223057338169642,0.0,0.0,-1,0.6,-0.020373974865364828,0.12603368850547347,-0.007818354573418063,1.0
2021-09-30,403.4089660644531,-0.012297863776960405,0.012376078701114766,0.009878886935308822,0.008679553929455491,-0.012839148670298313,-0.025085062460217175,-0.023244180941136332,0,0.13105200657838692,0.07712455327083564,31.112736293247767,0.0,0.0,-1,0.4,-0.030027227563930028,0.13105200657838692,-0.032192979738983496,1.0
2021-10-01,408.2032470703125,0.011814353439207892,0.012376078701114766,0.009878886935308822,0.008679553929455491,-0.0007384831923785181,-0.012228890004126709,-0.011184795770577382,0,0.139318445333251,0.07543820902803361,30.794121878487722,0.0,0.0,-1,0.4,-0.01655436425702735,0.139318445333251,-0.02202428383504973,1.0
2021-10-04,402.93896484375,-0.012980106474375752,0.012376078701114766,0.009878886935308822,0.008679553929455491,-0.009124901328228215,-0.02264340551339384,-0.023019693473123246,0,0.14445870616843226,0.07649034464079119,30.820940290178573,0.0,0.0,-1,0.4,-0.026702947743442042,0.14445870616843226,-0.03213965207758829,1.0
2021-10-05,407.1315612792969,0.010351281120140499,0.012376078701114766,0.009878886935308822,0.008679553929455491,0.0007898177470792276,-0.011299396608112676,-0.012356316768754372,0,0.15151292152740736,0.07538146237398619,30.690172467912948,0.0,0.0,-1,0.6,-0.014683169394814658,0.15151292152740736,-0.0014304404718670227,1.0
2021-10-06,408.8236389160156,0.004147482758484422,0.012376078701114766,0.009878886935308822,0.008679553929455491,0.0032940295829326552,-0.006509933522553141,-0.007930550399586494,0,0.15303023707450403,0.0745928275402241,30.495311192103795,0.0,0.0,-1,0.6,-0.008945567895525135,0.15303023707450403,0.0010351470664966556,1.0
2021-10-07,412.3581848144531,0.008608489919960327,0.012376078701114766,0.009878886935308822,0.008679553929455491,0.007947068164079925,0.0018810196006024237,0.000621164325333769,0,0.15687738555558597,0.07325196171796708,30.206045968191965,0.0,0.0,-1,0.8,0.0006358838701727572,0.15687738555558597,0.021941500763417388,1.0
2021-10-08,411.606201171875,-0.00182528241303892,0.012376078701114766,0.009878886935308822,0.008679553929455491,0.0040643624283718625,4.883132508346733e-05,-0.0011564411699084443,0,0.15479355959853577,0.07212226603164952,29.68597194126674,0.0,0.0,-1,0.6,-0.00048693935685534614,0.15479355959853577,0.008301864911170576,0.9750859418454999
2021-10-11,408.626220703125,-0.007266217478494319,0.012376078701114766,0.009878886935308822,0.008679553929455491,-0.0021389153168809723,-0.006510968214732175,-0.008061663558445124,0,0.15597683491726724,0.07305614050388352,29.852654593331472,0.0,0.0,-1,0.6,-0.006536801975190096,0.15597683491726724,0.014015753907052009,0.9892330878698212
2021-10-12,407.620361328125,-0.0024645980915405374,0.012376078701114766,0.009878886935308822,0.008679553929455491,-0.0030681754434875317,-0.008110422280039036,-0.010095643732445665,0,0.15526814767304448,0.07434666639154175,30.30521501813616,0.0,0.0,-1,0.4,-0.007947075434308786,0.15526814767304448,0.0011998746953709727,0.980760079288571
2021-10-13,409.0868225097656,0.0035911591979740365,0.012376078701114766,0.009878886935308822,0.008679553929455491,0.00034554134230821936,-0.004111193670540553,-0.006279709032179976,0,0.1523684242632617,0.0739089331973351,30.23517063685826,0.0,0.0,-1,0.4,-0.003092872452225111,0.1523684242632617,0.0006435511348605871,0.9460912157883006
2021-10-14,415.96795654296875,0.01668081626393647,0.012376078701114766,0.009878886935308822,0.008679553929455491,0.011382891712520417,0.011422774883819408,0.010022047739352507,0,0.16514048571595458,0.07301196043719267,30.370635986328125,0.0,0.0,-1,0.4,0.014052380051727976,0.16514048571595458,0.008715877478836731,1.0
2021-10-15,419.1358947753906,0.007586968790756821,0.012376078701114766,0.009878886935308822,0.008679553929455491,0.012643169705111933,0.017272644712419554,0.017007707445650083,0,0.1634990349738704,0.07238371259976584,30.338612147739955,0.0,0.0,-1,0.6,0.021252154083953558,0.1634990349738704,0.01812812868263247,0.9821394424404157
2021-10-18,420.3766784667969,0.002955964292660873,0.012376078701114766,0.009878886935308822,0.008679553929455491,0.010373207920354165,0.01831690957234327,0.019218271408036627,1,0.15024766695408973,0.07039405545810225,29.59201921735491,0.0,0.0,-1,0.8,0.02273518459549764,0.15024766695408973,0.028350310453787664,0.8379518556962573
2021-10-19,423.6199035644531,0.0076854364824656685,0.012376078701114766,0.009878886935308822,0.008679553929455491,0.012039277627091678,0.023621696547941332,0.025991959436047252,1,0.15150865729110108,0.06922348361159578,29.324445452008927,0.0,0.0,-1,1.0,0.02862483165007218,0.15150865729110108,0.03850034502779387,0.8516726393413846
2021-10-20,425.2837219238281,0.003919927869102224,0.012376078701114766,0.009878886935308822,0.008679553929455491,0.010619435587381728,0.024943847342421496,0.02881042746437358,1,0.14893589538221538,0.06790446659584708,28.87866428920201,0.0,0.0,-1,1.0,0.030952907165202378,0.14893589538221538,0.03882911369892206,0.8236785235372065
2021-10-21,426.3929138183594,0.0026047269000892825,0.012376078701114766,0.009878886935308822,0.008679553929455491,0.008797963266545384,0.024921285341211016,0.030221319291125842,1,0.14383551527895475,0.06735431808857312,28.719403948102677,0.0,0.0,-1,1.0,0.03241720566147699,0.14383551527895475,0.02475302433507487,0.7681814988172452
2021-10-22,425.9511413574219,-0.0010366060461448612,0.012376078701114766,0.009878886935308822,0.008679553929455491,0.005155196975181771,0.021538131165848903,0.027978659470780074,1,0.14403060023744196,0.06655013216624701,28.34710475376674,0.0,0.0,-1,0.8,0.03026767975225389,0.14403060023744196,0.016129449498173187,0.7703042101729608
2021-10-25,428.2355041503906,0.005348639552924084,0.012376078701114766,0.009878886935308822,0.008679553929455491,0.007005914444278549,0.02438086599957804,0.03213607062474627,1,0.14403805618235613,0.06613015265540964,28.319279261997767,0.0,0.0,-1,0.8,0.03427499002739004,0.14403805618235613,0.018522124758436398,0.770385338000855
2021-10-26,428.6208801269531,0.000899511305785694,0.012376078701114766,0.009878886935308822,0.008679553929455491,0.005260881841328508,0.022837905203714755,0.03172710401902717,1,0.11895643587551347,0.066180372273988,28.366289411272323,0.0,0.0,-1,0.8,0.03259877598093866,0.11895643587551347,0.011736199581756424,0.49747326595829006
2021-10-27,426.7220458984375,-0.004439944003886254,0.012376078701114766,0.009878886935308822,0.008679553929455491,0.0005381708632127975,0.0165343130761048,0.02606373215544931,1,0.12147322018078431,0.06687518535474533,28.537115914481028,0.0,0.0,-1,0.6,0.025760487276421332,0.12147322018078431,0.0033763277087679455,0.5248582917753138
2021-10-28,430.83935546875,0.009602440596574446,0.012376078701114766,0.009878886935308822,0.008679553929455491,0.006771697800681697,0.023774081502910587,0.034504891866742014,1,0.11126569515805644,0.06601297022268934,28.440985543387278,0.0,0.0,-1,0.6,0.032254517136714976,0.11126569515805644,0.01037404140525311,0.4137906346503475
2021-10-29,431.7136535644531,0.0020272340040987658,0.012376078701114766,0.009878886935308822,0.008679553929455491,0.005859270553193006,0.023332112525940914,0.035118332691849004,1,0.10664763321676198,0.06512192593127614,28.114024571010045,0.0,0.0,-1,0.8,0.031444253180752196,0.10664763321676198,0.013437881455496736,0.3635416938801316
2021-11-01,432.45623779296875,0.0017186074606758694,0.012376078701114766,0.009878886935308822,0.008679553929455491,0.005046855148530234,0.022648460997731355,0.03540058650836802,1,0.08912531001210386,0.06409574317389342,27.718603951590403,0.0,0.0,-1,0.8,0.02958798163428515,0.08912531001210386,0.009807849363248522,0.17288202061021352
2021-11-02,434.20465087890625,0.004034831802798067,0.012376078701114766,0.009878886935308822,0.008679553929455491,0.006055106964355576,0.024170594616565677,0.03797532020125633,1,0.08546294041474659,0.06393808931870838,27.762215750558035,0.0,0.0,-1,0.8,0.030429751380602714,0.08546294041474659,0.012943169860260895,0.1330319286634908
2021-11-03,436.8556213378906,0.006086785790077265,0.012376078701114766,0.009878886935308822,0.008679553929455491,0.008098687899428478,0.027446509405581767,0.04250091894992771,1,0.08601782413019048,0.06308118637134434,27.55737086704799,0.0,0.0,-1,1.0,0.03328397928060294,0.08601782413019048,0.023469899654224413,0.13906959539601668
2021-11-04,438.91436767578125,0.00470157725444853,0.012376078701114766,0.009878886935308822,0.008679553929455491,0.008529799555002314,0.02912384807346134,0.04546994550197637,1,0.08392195079839618,0.06278730783644255,27.558251517159597,0.0,0.0,-1,1.0,0.034903228963866835,0.08392195079839618,0.018569036312098497,0.11626448445337599
2021-11-05,440.4371643066406,0.003463457099238454,0.012376078701114766,0.009878886935308822,0.008679553929455491,0.00798721110867164,0.029488785307592906,0.04708113554775187,1,0.08186246968140846,0.06291441243435465,27.709845406668528,0.0,0.0,-1,1.0,0.03497591975622356,0.08186246968140846,0.020005259407238185,0.09385535569320914
2021-11-08,440.813232421875,0.0008534875886772042,0.012376078701114766,0.009878886935308822,0.008679553929455491,0.0058812430945676545,0.02739640814614793,0.04600725074797239,1,0.07237435764889834,0.06317565191274187,27.848663330078125,0.0,0.0,-1,1.0,0.031956995404818014,0.07237435764889834,0.01914013953523952,0.0
2021-11-09,439.3561096191406,-0.003311008607793653,0.012376078701114766,0.009878886935308822,0.008679553929455491,0.0017027285801040524,0.021665050080116807,0.04081292470452079,1,0.07339977207061496,0.06395155370942487,28.097505841936385,0.0,0.0,-1,0.8,0.024739211144722245,0.07339977207061496,0.0117942991246478,0.011053758985988925
2021-11-10,435.821533203125,-0.008077435850316839,0.012376078701114766,0.009878886935308822,0.008679553929455491,-0.00424624334219228,0.01214973972796076,0.031127943877618768,1,0.08456864982096482,0.06568489101388392,28.62688991001674,0.0,0.0,-1,0.6,0.01333595098184163,0.08456864982096482,-0.0023699225157463033,0.13145199035634866
2021-11-11,435.96258544921875,0.0003235944411148495,0.012376078701114766,0.009878886935308822,0.008679553929455491,-0.002619406706383652,0.011275603702745569,0.030190625435168494,1,0.0682549919597694,0.066243402932231,28.879645211356028,0.0,0.0,-1,0.6,0.011313124313955786,0.0682549919597694,-0.006747905329079984,0.0
2021-11-12,439.25274658203125,0.007518553460858612,0.012376078701114766,0.009878886935308822,0.008679553929455491,0.0032664654912051764,0.017076116148653987,0.0364222949697411,1,0.06818573250541166,0.06602504606301592,29.001682826450892,0.0,0.0,-1,0.6,0.01657344373169259,0.06818573250541166,-0.0026928089674598255,0.0
2021-11-15,439.40313720703125,0.00034231973914433667,0.012376078701114766,0.009878886935308822,0.008679553929455491,0.0024037489826559213,0.015738762070042694,0.0352840145400705,1,0.06850502164975374,0.06618652177225653,29.082565307617188,0.0,0.0,-1,0.6,0.014687489360832084,0.06850502164975374,-0.003203976816992693,0.003293176804325676
2021-11-16,441.1421813964844,0.003949930602656693,0.012376078701114766,0.009878886935308822,0.008679553929455491,0.004238335356075807,0.017843426413773757,0.03777868851457386,1,0.06577635934315315,0.06526172337064746,28.789699009486608,0.0,0.0,-1,0.8,0.016646524350034112,0.06577635934315315,0.004056962393457653,0.0
2021-11-17,440.07061767578125,-0.0024320215275954737,0.012376078701114766,0.009878886935308822,0.008679553929455491,0.0011985969839934457,0.013886781656431379,0.03382842078830609,1,0.06720029291783501,0.06569516932135509,28.910513741629465,0.0,0.0,-1,0.8,0.0124519280512075,0.06720029291783501,0.009702376716179018,0.014330459358535939
2021-11-18,441.56524658203125,0.003390584250714035,0.012376078701114766,0.009878886935308822,0.008679553929455491,0.003061311408742987,0.015653944467466586,0.03582289678601973,1,0.06739684251078258,0.06562460167866749,28.977543422154017,0.0,0.0,-1,0.8,0.014120595544840442,0.06739684251078258,0.012769366525778203,0.01630853333877848
2021-11-19,440.77557373046875,-0.001789950196611656,0.012376078701114766,0.009878886935308822,0.008679553929455491,0.0008446348278450913,0.012503256212396353,0.03259488579405556,1,0.06786115075829526,0.06608745202838744,29.129734584263392,0.0,0.0,-1,0.6,0.010586645625637025,0.06786115075829526,0.0034608628683079345,0.02098132888845854
2021-11-22,439.5348205566406,-0.0028189011591450708,0.012376078701114766,0.009878886935308822,0.008679553929455491,-0.0013159817008593798,0.008725761039254848,0.02849078821851224,1,0.06824557382117181,0.06688852753836425,29.399836948939733,0.0,0.0,-1,0.4,0.0064382501399353805,0.06824557382117181,0.0002996419700185271,0.0248501603964643
2021-11-23,440.1175842285156,0.0013249864468320993,0.012376078701114766,0.009878886935308822,0.008679553929455491,5.42539510999053e-06,0.009096077660826464,0.028650123430303192,1,0.0682289868564087,0.06790308851548305,29.885343279157365,0.0,0.0,-1,0.4,0.006447917539967049,0.0682289868564087,-0.0023253021858060663,0.02468322927787444
2021-11-24,441.2926940917969,0.0026664326214955736,0.012376078701114766,0.009878886935308822,0.008679553929455491,0.0017820311634958,0.01065549892021232,0.030128274987015785,1,0.06484648450508873,0.06766933256054126,29.861982073102677,0.0,0.0,-1,0.6,0.007456714910470581,0.06484648450508873,0.002773151963284981,0.0
2021-11-26,431.45037841796875,-0.0225558546772211,0.012376078701114766,0.009878886935308822,0.008679553929455491,-0.013801986217648771,-0.010765759227057739,0.0068705049014389265,1,0.10235340468411934,0.07088743218476708,30.58440944126674,0.0,0.0,-1,0.4,-0.015081663607376115,0.10235340468411934,-0.023173286964650153,0.37396972626680997
2021-11-29,436.7427978515625,0.012191952517364157,0.012376078701114766,0.009878886935308822,0.008679553929455491,-0.0011371208297233913,0.0012382396678449125,0.01845367101465505,1,0.11093048416823154,0.07010085396108995,30.616043090820312,0.0,0.0,-1,0.6,-0.0035720647150159685,0.11093048416823154,-0.00919138425067434,0.45948909313381814
2021-11-30,428.244873046875,-0.019649293292419046,0.012376078701114766,0.009878886935308822,0.008679553929455491,-0.013809699648352275,-0.01653462320920173,-0.0013095186291122208,0,0.1319571243480224,0.07273305762666611,31.147559029715403,0.0,0.0,-1,0.6,-0.022490459005301316,0.1319571243480224,-0.026021776383948314,0.6691391213103073
2021-12-01,423.48822021484375,-0.011169466870994071,0.012376078701114766,0.009878886935308822,0.008679553929455491,-0.016646496477544893,-0.02490835000478783,-0.011921727219112168,0,0.13601760258629556,0.07469580864672293,31.632795061383927,0.0,0.0,-1,0.4,-0.03216424569719492,0.13601760258629556,-0.038516229701774485,0.7096248750867081
2021-12-02,429.9744567871094,0.015200105710460932,0.012376078701114766,0.009878886935308822,0.008679553929455491,-0.0010573873602763805,-0.009032346169849366,0.0030855467168921648,0,0.14601626116581834,0.07411358329765387,31.866947719029017,0.0,0.0,-1,0.4,-0.016567385146943597,0.14601626116581834,-0.025982556612809127,0.8093183608267059
2021-12-03,426.23321533203125,-0.008739153800243926,0.012376078701114766,0.009878886935308822,0.008679553929455491,-0.0065207009091134294,-0.016000323851905,-0.005422309277281006,0,0.14709751455822148,0.07554996452285986,32.201904296875,0.0,0.0,-1,0.4,-0.023708482419065584,0.14709751455822148,-0.012165855735831954,0.8200991989560955
2021-12-06,431.28118896484375,0.011773637665483783,0.012376078701114766,0.009878886935308822,0.008679553929455491,0.003490758479606156,-0.0039342662391474,0.006105888707848187,0,0.15360481733498105,0.07475875242490784,32.24204363141741,0.0,0.0,-1,0.4,-0.011109103629102323,0.15360481733498105,-0.012584170587712329,0.8849814720551427
2021-12-07,440.20220947265625,0.0204739003592449,0.012376078701114766,0.009878886935308822,0.008679553929455491,0.016035651714168854,0.015057826389382755,0.025834273782401593,0,0.17156871094319012,0.07319519301120675,32.22068568638393,0.0,0.0,-1,0.6,0.009416744566795822,0.17156871094319012,0.027539023063951618,1.0
2021-12-08,441.3678283691406,0.0026444174046433844,0.012376078701114766,0.009878886935308822,0.008679553929455491,0.012406577850527031,0.01602846758159942,0.027400288250120385,1,0.17137854604097333,0.0725314052549964,32.01302882603237,0.0,0.0,-1,0.8,0.011856210523677123,0.17137854604097333,0.04135290733958907,0.9982181321683062
2021-12-09,438.3879089355469,-0.006774450461001891,0.012376078701114766,0.009878886935308822,0.008679553929455491,0.0037072876138429527,0.00828824848014645,0.01964547306434834,1,0.1706016395884154,0.07367410876337102,32.297838483537944,0.0,0.0,-1,0.6,0.004729039117168209,0.1706016395884154,0.01937835116812625,0.990938425976939
2021-12-10,442.5146789550781,0.009369481406910296,0.012376078701114766,0.009878886935308822,0.008679553929455491,0.008732173132698817,0.016059276429926373,0.028064912634275303,1,0.17361785199744906,0.0728074965668819,32.21838596888951,0.0,0.0,-1,0.8,0.01342615962352432,0.17361785199744906,0.03748698637528047,1.0
2021-12-13,438.5946960449219,-0.008897893687763947,0.012376078701114766,0.009878886935308822,0.008679553929455491,-0.00013574571074420337,0.006382054788952829,0.018200899588551655,1,0.17489872813803015,0.07360481158928056,32.282679966517854,0.0,0.0,-1,0.6,0.00452449315606172,0.17489872813803015,0.016815455022032744,1.0
2021-12-14,435.5771179199219,-0.006903883338489791,0.012376078701114766,0.009878886935308822,0.008679553929455491,-0.004687573014322735,-0.0004903707164534518,0.010751806756929643,1,0.17655297017723023,0.07437062170664,32.3941410609654,0.0,0.0,-1,0.4,-0.0019494548370051596,0.17655297017723023,-0.010562328675701949,1.0
2021-12-15,442.3830871582031,0.015504360075089707,0.012376078701114766,0.009878886935308822,0.008679553929455491,0.007216770857882018,0.013666773629177353,0.025477480661804226,1,0.18492640230442853,0.07279946599669805,32.205252511160715,0.0,0.0,-1,0.4,0.013501175250895402,0.18492640230442853,0.002297613994744374,1.0
2021-12-16,438.48193359375,-0.008857609233310804,0.012376078701114766,0.009878886935308822,0.008679553929455491,-0.001110860922757039,0.004275569351792157,0.01577965889598886,1,0.18750060187190315,0.07251185834964485,31.795139857700892,0.0,0.0,-1,0.4,0.004746466824136428,0.18750060187190315,0.00021445522243546122,1.0
2021-12-17,433.8152160644531,-0.010699936494978246,0.012376078701114766,0.009878886935308822,0.008679553929455491,-0.007858714800294504,-0.00580563085288741,0.004773036019284222,1,0.19058653838084622,0.07473674236051807,32.42193603515625,0.0,0.0,-1,0.2,-0.00506351224797925,0.19058653838084622,-0.01985496267945308,1.0
2021-12-20,429.2023010253906,-0.010690302059764178,0.012376078701114766,0.009878886935308822,0.008679553929455491,-0.012348112858637916,-0.014840669724637455,-0.005680590959145829,0,0.19373931555333673,0.07507776105157764,32.22354779924665,0.0,0.0,-1,0.2,-0.014334918291553811,0.19373931555333673,-0.021647371051453312,1.0
2021-12-21,436.8244323730469,0.017602985848005126,0.012376078701114766,0.009878886935308822,0.008679553929455491,0.003454974976196942,0.002401181876959,0.011502256890697294,0,0.20489859627243354,0.07157102074484997,31.263970511300222,0.0,0.0,-1,0.4,0.0034816463350010275,0.20489859627243354,0.002859498135041605,1.0
2021-12-22,441.1921081542969,0.009949042203362346,0.012376078701114766,0.009878886935308822,0.008679553929455491,0.008951897412473429,0.011227376966409755,0.020750688088504356,1,0.2080730959326363,0.06941511042976926,30.625398908342635,0.0,0.0,-1,0.4,0.013390083244696583,0.2080730959326363,-0.002695819736685756,1.0
2021-12-23,443.9372863769531,0.006202905567413097,0.012376078701114766,0.009878886935308822,0.008679553929455491,0.010101904193388845,0.015824499644381002,0.026011517478114362,1,0.20902319559217925,0.06811880741614319,30.240478515625,0.0,0.0,-1,0.6,0.019385971283587457,0.20902319559217925,0.012364695064038145,1.0
2021-12-27,450.2198486328125,0.014052710421582404,0.012376078701114766,0.009878886935308822,0.008679553929455491,0.016133319240889486,0.027245770733721295,0.03888027270220348,1,0.1959162306004605,0.06701815077696056,30.172901698521205,0.0,0.0,-1,0.8,0.03158920116420052,0.1959162306004605,0.037117341980598795,0.9090909697350398
2021-12-28,449.85198974609375,-0.0008173989930906345,0.012376078701114766,0.009878886935308822,0.008679553929455491,0.010150271392251985,0.02383161060665172,0.03648559528380184,1,0.19246575974229577,0.06708711758690909,30.179273332868302,0.0,0.0,-1,0.8,0.029200615380316406,0.19246575974229577,0.04699024504727234,0.8851587352420469
2021-12-29,450.4275207519531,0.0012785608859235964,0.012376078701114766,0.009878886935308822,0.008679553929455491,0.007599438148781759,0.02269271625262796,0.03627505384489057,1,0.17559208409026728,0.0671394092193925,30.241437639508927,0.0,0.0,-1,0.8,0.027908987154010256,0.17559208409026728,0.03066582008519081,0.7681240524226012
2021-12-30,449.1822814941406,-0.0027684003664640855,0.012376078701114766,0.009878886935308822,0.008679553929455491,0.0032040966960555453,0.01793952446906152,0.03205799066710265,1,0.1693222855854746,0.06697022715387016,30.081839425223215,0.0,0.0,-1,0.6,0.022070764467555258,0.1693222855854746,0.017948377515364378,0.7246371504290791
2021-12-31,448.0502014160156,-0.0025234946358834165,0.012376078701114766,0.009878886935308822,0.008679553929455491,0.00045037060608447787,0.013889470838185584,0.02826905376168139,1,0.16390991060264196,0.06759023372925646,30.283817836216517,0.0,0.0,-1,0.4,0.017402557624116962,0.16390991060264196,0.009221977312067864,0.6870972804873706
2022-01-03,450.6444091796875,0.005773295930993072,0.012376078701114766,0.009878886935308822,0.008679553929455491,0.0041533381230041515,0.017844409280588957,0.03283658835493103,1,0.15925857252789913,0.06623589932138899,29.84883771623884,0.0,0.0,-1,0.4,0.020465026017267515,0.15925857252789913,0.000942562821478532,0.6548359115070977
2022-01-04,450.4935302734375,-0.0003348630682475928,0.012376078701114766,0.009878886935308822,0.008679553929455491,0.0025415265775666444,0.015810259768730607,0.03117691488045466,1,0.15595969523210315,0.06504886889097325,29.304094587053573,0.0,0.0,-1,0.4,0.01790913352621447,0.15595969523210315,0.0014250987463215736,0.6319551197972405
2022-01-05,441.8430480957031,-0.01938899152148288,0.012376078701114766,0.009878886935308822,0.008679553929455491,-0.011202067284559029,-0.0033447850347955387,0.010925022413065994,1,0.15811491244336862,0.06841980534200463,30.23081534249442,0.0,0.0,-1,0.2,-0.001822035272924582,0.15811491244336862,-0.019242453661084902,0.6469035618515443
2022-01-06,441.4279479980469,-0.0009399156771836559,0.012376078701114766,0.009878886935308822,0.008679553929455491,-0.008120180233933941,-0.0038749713063276534,0.009580349199503624,1,0.15788749676348057,0.06915955172344351,30.528959001813615,0.0,0.0,-1,0.2,-0.002766569708332468,0.15788749676348057,-0.017413968971804472,0.6453262219457209
2022-01-07,439.68280029296875,-0.003961250025510843,0.012376078701114766,0.009878886935308822,0.008679553929455491,-0.008060013141502231,-0.007074228929693568,0.005368703973477301,1,0.15659545180243936,0.06814780592532352,29.96341814313616,0.0,0.0,-1,0.2,-0.006854309364236437,0.15659545180243936,-0.0188517243614319,0.6363646847369774
2022-01-10,439.1357116699219,-0.001245055005718143,0.012376078701114766,0.009878886935308822,0.008679553929455491,-0.006215432272231819,-0.007524260905039935,0.0039556246606392695,0,0.15279124894933535,0.06734242063098644,29.572461809430802,0.0,0.0,-1,0.0,-0.007711386931188366,0.15279124894933535,-0.025870075298143114,0.609978988847396
2022-01-11,443.1353759765625,0.00906680897207135,0.012376078701114766,0.009878886935308822,0.008679553929455491,0.0018888772737451532,0.0013707379984934235,0.01257951404621885,0,0.15282024667734195,0.06605866596761194,29.272931780133927,0.0,0.0,-1,0.2,0.000812982295018573,0.15282024667734195,-0.01646840325782417,0.6101801151443407
2022-01-12,444.3334655761719,0.002700016657168014,0.012376078701114766,0.009878886935308822,0.008679553929455491,0.0030604092040812667,0.0036882851684393483,0.014707681188775433,1,0.15042003619621086,0.06588843562331127,29.276436941964285,0.0,0.0,-1,0.4,0.0025275436765530095,0.15042003619621086,0.005620604920826722,0.5935324161988346
2022-01-13,438.211181640625,-0.013874385087326857,0.012376078701114766,0.009878886935308822,0.008679553929455491,-0.007199381451403048,-0.009184163474315412,0.0006979426844477891,0,0.148977277962946,0.06803814148238854,29.815074375697545,0.0,0.0,-1,0.4,-0.010820311022925971,0.148977277962946,-0.0073138644893164795,0.583525541840372
2022-01-14,438.3904113769531,0.00040891949148402773,0.012376078701114766,0.009878886935308822,0.008679553929455491,-0.004539160601471786,-0.007949475864931053,0.0010637642325488543,0,0.14565495649695392,0.06905584943351113,30.273422241210938,0.0,0.0,-1,0.6,-0.010405511225923104,0.14565495649695392,-0.002943694972321609,0.5604821429381374
2022-01-18,430.6266784667969,-0.01786832402927807,0.012376078701114766,0.009878886935308822,0.008679553929455491,-0.014888958730938548,-0.023144256833326618,-0.01602165928919646,0,0.15458151630694378,0.0714628309620901,30.77380153111049,0.0,0.0,-1,0.6,-0.02758091134247074,0.15458151630694378,-0.019566963995881537,0.622396163189284
2022-01-19,426.1552734375,-0.01043776801037577,0.012376078701114766,0.009878886935308822,0.008679553929455491,-0.01688661378239234,-0.030212973762343498,-0.025235777250761218,0,0.1543603169613502,0.07312148040154631,31.161104474748885,0.0,0.0,-1,0.4,-0.037346825378368816,0.1543603169613502,-0.039071540978328656,0.6208619393612764
2022-01-20,421.4385681152344,-0.011129750547109296,0.012376078701114766,0.009878886935308822,0.008679553929455491,-0.018684782163812648,-0.03719197796604104,-0.034660750805111,0,0.14332219057259177,0.0754302723861241,31.78922598702567,0.0,0.0,-1,0.2,-0.04634427271872779,0.14332219057259177,-0.052901308182605966,0.5443022349157312
2022-01-21,413.16546630859375,-0.019825863409245414,0.012376078701114766,0.009878886935308822,0.008679553929455491,-0.025623195982852016,-0.051022928579388005,-0.05161709065738015,0,0.14979232223558117,0.0794690067371757,32.833849225725444,0.0,0.0,-1,0.2,-0.06209100484964916,0.14979232223558117,-0.058852786504524524,0.5891786342607064
2022-01-24,414.9200439453125,0.0042376789370219825,0.012376078701114766,0.009878886935308822,0.008679553929455491,-0.014426881250233718,-0.042708560801422504,-0.04580885241485277,0,0.148296906387371,0.08032498815292174,33.32844761439732,0.0,0.0,-1,0.2,-0.054995605337775796,0.148296906387371,-0.05502402705898657,0.5788065302160604
2022-01-25,409.8542785644531,-0.012284158089450159,0.012376078701114766,0.009878886935308822,0.008679553929455491,-0.01779680576378035,-0.04947185485788138,-0.05532998313091474,0,0.13620926991725626,0.08187012898028317,33.554822649274556,0.0,0.0,-1,0.2,-0.06222245375131578,0.13620926991725626,-0.04943986111915866,0.49496749422353353
2022-01-26,408.8260498046875,-0.0025119189133704367,0.012376078701114766,0.009878886935308822,0.008679553929455491,-0.013599126568755508,-0.04715065679386218,-0.055562921657822895,0,0.1357010387806149,0.08081056650500858,33.03746468680246,0.0,0.0,-1,0.2,-0.0601639773298142,0.1357010387806149,-0.041514012022153324,0.4914424371403936
2022-01-27,406.8072814941406,-0.004950196014487318,0.012376078701114766,0.009878886935308822,0.008679553929455491,-0.01238957057420825,-0.04715000284252851,-0.05800168348662363,0,0.13379966109447505,0.08133109964700772,33.0860835484096,0.0,0.0,-1,0.2,-0.060092294943540514,0.13379966109447505,-0.035334457489531346,0.47825460901056954
2022-01-28,416.9105224609375,0.024532060881149675,0.012376078701114766,0.009878886935308822,0.008679553929455491,0.00805950848864663,-0.02129646203946467,-0.03329479200447457,0,0.17022533401319523,0.07825376222666527,32.62481689453125,0.0,0.0,-1,0.4,-0.03314471998981781,0.17022533401319523,0.009023466800863744,0.7309006337677656
2022-01-31,424.4194641113281,0.01785064400420211,0.012376078701114766,0.009878886935308822,0.008679553929455491,0.017325657008123836,-0.0033208330935911422,-0.015270170319837779,0,0.18670268600287523,0.07566345647229057,32.11304364885603,0.0,0.0,-1,0.4,-0.013026364631983412,0.18670268600287523,0.02263643186804387,0.8451864422415544
2022-02-01,427.28729248046875,0.006734334758374594,0.012376078701114766,0.009878886935308822,0.008679553929455491,0.016004094043606712,0.0030876625601384405,-0.00828119484163779,0,0.18731196370354786,0.07516873627984606,32.11864580426897,0.0,0.0,-1,0.6,-0.003651429096099541,0.18731196370354786,0.041654924715868624,0.849412351516906
2022-02-02,431.43804931640625,0.0096673265836138,0.012376078701114766,0.009878886935308822,0.008679553929455491,0.01710168317150511,0.011595609913452314,0.0012994553232408943,0,0.19225900069185228,0.07443861470440552,32.11565072195871,0.0,0.0,-1,0.8,0.008267352363130613,0.19225900069185228,0.05383417021285286,0.8837246683328732
2022-02-03,421.29705810546875,-0.023785743622895872,0.012376078701114766,0.009878886935308822,0.008679553929455491,-0.004547239148490987,-0.011034646564114396,-0.021382819763816306,0,0.19803129792590038,0.07654138025584326,32.24665832519531,0.0,0.0,-1,0.8,-0.013062634656575093,0.19803129792590038,0.03499862260444431,0.9237609348735999
2022-02-04,423.2780456542969,0.00469109537533452,0.012376078701114766,0.009878886935308822,0.008679553929455491,8.899270372127952e-05,-0.005779891653932545,-0.01613377774222757,0,0.19957742415678753,0.07537355227473848,31.90396990094866,0.0,0.0,-1,0.8,-0.00630944133572201,0.19957742415678753,0.015157657098629151,0.9344847627319924
2022-02-07,421.91961669921875,-0.003214467302216306,0.012376078701114766,0.009878886935308822,0.008679553929455491,-0.002082565840945192,-0.008123241224805887,-0.018548816721728967,0,0.19950260771790973,0.07500627155464312,31.646617344447545,0.0,0.0,-1,0.6,-0.007428939716264221,0.19950260771790973,-0.0059074542077892644,0.9339658409289239
2022-02-08,425.39111328125,0.00819419814621547,0.012376078701114766,0.009878886935308822,0.008679553929455491,0.004077112644639127,3.4185707769345396e-05,-0.010066977863050304,0,0.2028015832996022,0.07301630163400921,31.06048583984375,0.0,0.0,-1,0.6,0.0023583280070708563,0.2028015832996022,-0.004447590819948388,0.9568473143431685
2022-02-09,431.61724853515625,0.014530184471085228,0.012376078701114766,0.009878886935308822,0.008679553929455491,0.01243753457693366,0.013255193183821082,0.00424779395394528,0,0.2074825013310864,0.07054767065887495,30.449591500418528,0.0,0.0,-1,0.6,0.0184111108217597,0.2074825013310864,0.00041526706752303966,0.9893138479198476
2022-02-10,423.8628845214844,-0.018129179384930083,0.012376078701114766,0.009878886935308822,0.008679553929455491,-0.0038418661618824417,-0.004479580554812175,-0.013260573867352915,0,0.21516548143661346,0.06989067398000665,29.62406267438616,0.0,0.0,-1,0.6,0.0025356702144036427,0.21516548143661346,0.0060718313054888284,1.0
2022-02-11,415.5048828125,-0.019915651487901087,0.012376078701114766,0.009878886935308822,0.008679553929455491,-0.015780033185269517,-0.021863917301201144,-0.03147507371663722,0,0.22045755315393117,0.07285491699382701,30.271573747907365,0.0,0.0,-1,0.4,-0.014586857030718974,0.22045755315393117,-0.01853491555774678,1.0
2022-02-14,414.1464538574219,-0.0032747013329048613,0.012376078701114766,0.009878886935308822,0.008679553929455491,-0.012745906781431327,-0.022729196447985545,-0.03332830153891143,0,0.22016493317435487,0.07429046168044959,30.76713126046317,0.0,0.0,-1,0.4,-0.014976715142168067,0.22016493317435487,-0.018595149588435333,0.9981195426384698
2022-02-15,420.8254089355469,0.015998377503737338,0.012376078701114766,0.009878886935308822,0.008679553929455491,0.0021148122534929343,-0.006309214560541874,-0.01705497830398232,0,0.22232281860642203,0.0727956154638086,30.634244646344865,0.0,0.0,-1,0.4,0.002076799770500601,0.22232281860642203,-0.010790970230913466,1.0
2022-02-16,421.29705810546875,0.0011201440115797823,0.012376078701114766,0.009878886935308822,0.008679553929455491,0.0021563087119444795,-0.004703030381792666,-0.015337296310103467,0,0.21968942888640103,0.07063723644045307,29.759259905133927,0.0,0.0,-1,0.4,0.0037805090826041224,0.21968942888640103,-0.02420101069041891,0.9832775525602059
2022-02-17,412.2975158691406,-0.021592971425431706,0.012376078701114766,0.009878886935308822,0.008679553929455491,-0.012917066947376791,-0.0235495419017727,-0.03499477360819081,0,0.22928767183943347,0.074099169032915,30.5509033203125,0.0,0.0,-1,0.4,-0.01659085591919987,0.22928767183943347,-0.027664802730920535,1.0
2022-02-18,409.62786865234375,-0.006496104525250068,0.012376078701114766,0.009878886935308822,0.008679553929455491,-0.012955704139262763,-0.02710425582269463,-0.03969004346958035,0,0.21952018187452457,0.07703077142237649,31.553950718470983,0.0,0.0,-1,0.4,-0.022546099120139138,0.21952018187452457,-0.014245255768269516,0.9406019250818868
2022-02-22,405.2319030761719,-0.01078960669107154,0.012376078701114766,0.009878886935308822,0.008679553929455491,-0.01582305272108627,-0.03409117808246523,-0.048129460359861716,0,0.22175172895733128,0.07970580741403778,32.29933602469308,0.0,0.0,-1,0.4,-0.03191675126742719,0.22175172895733128,-0.021760161126436195,0.9406311388485713
2022-02-23,398.0436706542969,-0.017897778894524485,0.012376078701114766,0.009878886935308822,0.008679553929455491,-0.022436192114531652,-0.04657365459212104,-0.06262436400335164,0,0.2263276369420906,0.08324361883193375,33.134595598493306,0.0,0.0,-1,0.2,-0.04774576222104779,0.2263276369420906,-0.05565631752469802,0.9749906621170664
2022-02-24,404.0338439941406,0.01493692218802245,0.012376078701114766,0.009878886935308822,0.008679553929455491,-0.0051631612237029514,-0.029246170989159017,-0.04670396897041726,0,0.23361177510429706,0.08066643318554695,32.59196908133371,0.0,0.0,-1,0.2,-0.032860862801708586,0.23361177510429706,-0.04183953934825535,1.0
2022-02-25,412.9483947753906,0.021823986320940847,0.012376078701114766,0.009878886935308822,0.008679553929455491,0.011128920954486537,-0.0070873827348116245,-0.024688732857446688,0,0.24598748307039175,0.0779104187329316,32.172982352120535,0.0,0.0,-1,0.4,-0.012248028586461115,0.24598748307039175,0.001577418398117203,1.0
2022-02-28,411.89190673828125,-0.002561680395365862,0.012376078701114766,0.009878886935308822,0.008679553929455491,0.005678528985429295,-0.008718727540297604,-0.026145805580316348,0,0.2294916701176908,0.07725838696302438,31.82210431780134,0.0,0.0,-1,0.4,-0.014183394438016694,0.2294916701176908,0.005511842528001409,0.8529625349510566
2022-03-01,405.6187438964844,-0.015347288669026682,0.012376078701114766,0.009878886935308822,0.008679553929455491,-0.006446092573834149,-0.02159684923981344,-0.03943412103046694,0,0.224276756030003,0.07968282295599713,32.32084655761719,0.0,0.0,-1,0.4,-0.027008394556740218,0.224276756030003,0.000954160550046268,0.806478754485051
2022-03-02,413.0804443359375,0.018228690496427724,0.012376078701114766,0.009878886935308822,0.008679553929455491,0.00785646513648343,-0.0032567157234681273,-0.020928081198779917,0,0.23389919307551815,0.07760927249731453,32.058872767857146,0.0,0.0,-1,0.6,-0.007418071982062697,0.23389919307551815,0.03708062994099848,0.8922495349141497
2022-03-03,411.02398681640625,-0.0049907795912442765,0.012376078701114766,0.009878886935308822,0.008679553929455491,0.001890881650681127,-0.007441926632989231,-0.024815497369083516,0,0.23021679713426185,0.07707285897404173,31.67879377092634,0.0,0.0,-1,0.4,-0.0099312210326405,0.23021679713426185,0.01715292816173175,0.8594260441252225
2022-03-04,407.6845703125,-0.008157811457119024,0.012376078701114766,0.009878886935308822,0.008679553929455491,-0.004174768105171899,-0.014050068766031858,-0.03149507985508782,0,0.21730485418566287,0.07616592596420471,31.051672799246653,0.0,0.0,-1,0.2,-0.016362507934624175,0.21730485418566287,-0.01282886961632812,0.7443338467620294
2022-03-07,395.66644287109375,-0.029922223094779987,0.012376078701114766,0.009878886935308822,0.008679553929455491,-0.022606460332541656,-0.03916953102989882,-0.05782705897327621,0,0.23770193199467268,0.07852274990304252,31.068817138671875,0.0,0.0,-1,0.2,-0.04216862300696729,0.23770193199467268,-0.040189412315742246,0.9261457176920885
2022-03-08,392.66656494140625,-0.007610723844178935,0.012376078701114766,0.009878886935308822,0.008679553929455491,-0.020213513982386654,-0.042216939460649805,-0.06258204855629805,0,0.2381748417034286,0.08105083180978273,31.825951712472097,0.0,0.0,-1,0.2,-0.04605301044695078,0.2381748417034286,-0.0324528474908945,0.9303610567585464
2022-03-09,403.19427490234375,0.02645770102459455,0.012376078701114766,0.009878886935308822,0.008679553929455491,0.004028773820568277,-0.01498655387649561,-0.036033436732670794,0,0.2581479734839637,0.07985052186277172,32.19527326311384,0.0,0.0,-1,0.2,-0.017828728690474607,0.2581479734839637,-0.024223836962727674,1.0
2022-03-10,401.37359619140625,-0.004525862600676334,0.012376078701114766,0.009878886935308822,0.008679553929455491,-0.0003367600106055949,-0.017616216012319535,-0.038864132553488605,0,0.25003314106572677,0.07885559591431959,31.65055411202567,0.0,0.0,-1,0.2,-0.01864891340956072,0.25003314106572677,-0.02375891997215973,0.9347411133910744
2022-03-11,396.2701721191406,-0.012796423452761552,0.012376078701114766,0.009878886935308822,0.008679553929455491,-0.008736245348371093,-0.027318110195439494,-0.04918007179285811,0,0.24662561296004099,0.07864862159908281,31.166102818080358,0.0,0.0,-1,0.2,-0.027847442470006024,0.24662561296004099,-0.02839753196780226,0.9073380225070373
2022-03-14,393.3740234375,-0.0073353585934654575,0.012376078701114766,0.009878886935308822,0.008679553929455491,-0.010711001764842428,-0.031250679611067894,-0.05404698042083424,0,0.23936467590952362,0.07958498207239038,31.306664603097097,0.0,0.0,-1,0.2,-0.032325557203994826,0.23936467590952362,-0.005810667466487729,0.8489460997620436
2022-03-15,402.0245361328125,0.02175224905419526,0.012376078701114766,0.009878886935308822,0.008679553929455491,0.007335669161537291,-0.009008513525229562,-0.03198292286392806,0,0.2546178601255478,0.07566755025585534,30.420211791992188,0.0,0.0,-1,0.4,-0.009569171002379055,0.2546178601255478,0.023552305431886467,0.9716110875123203
2022-03-16,410.9391174316406,0.021931948841005244,0.012376078701114766,0.009878886935308822,0.008679553929455491,0.019587960978044137,0.011716630809076227,-0.010109600641679688,0,0.26081742222033566,0.07290483000376988,29.959446498325892,0.0,0.0,-1,0.4,0.01362725457234218,0.26081742222033566,0.019026553248297162,1.0
2022-03-17,416.080322265625,0.01243325323876121,0.012376078701114766,0.009878886935308822,0.008679553929455491,0.02133260078028357,0.022001668821517717,0.0021853846649540925,0,0.2652003285064596,0.07173357303990227,29.846928187779017,0.0,0.0,-1,0.6,0.026969345528539673,0.2652003285064596,0.035985669087734706,1.0
2022-03-18,420.6376037597656,0.010893340319490186,0.012376078701114766,0.009878886935308822,0.008679553929455491,0.021446949965202872,0.029939406655138927,0.012639520555707133,0,0.2560430460253413,0.07013987817736354,29.503470284598215,0.0,0.0,-1,0.8,0.0371501396256921,0.2560430460253413,0.059675432859986444,0.9303102285439145
2022-03-21,420.51458740234375,-0.00029249488877614027,0.012376078701114766,0.009878886935308822,0.008679553929455491,0.014000124498016051,0.026740034396123023,0.011853580410846859,0,0.2545764740670659,0.06876145250695699,28.915193830217635,0.0,0.0,-1,0.8,0.03545708578493884,0.2545764740670659,0.06671829656467576,0.9191491592193791
2022-03-22,425.43524169921875,0.011633573586173007,0.012376078701114766,0.009878886935308822,0.008679553929455491,0.01709623526061752,0.03493460075329124,0.02274349110267057,0,0.25287676034873136,0.06786442422876161,28.871917724609375,0.0,0.0,-1,0.8,0.044974233631922295,0.25287676034873136,0.05659962109665351,0.9062138084954335
2022-03-23,419.9562683105469,-0.012962160223357166,0.012376078701114766,0.009878886935308822,0.008679553929455491,0.002661485487261407,0.019508307344464376,0.00919324909055294,0,0.24817706974176834,0.06907769462262539,29.009610857282365,0.0,0.0,-1,0.6,0.028748016135701947,0.24817706974176834,0.021705512032291097,0.8704476993916804
2022-03-24,426.286865234375,0.014961929425143516,0.012376078701114766,0.009878886935308822,0.008679553929455491,0.011780877772546758,0.03145073608896576,0.023426721598380586,0,0.24819346651844143,0.06660720595784071,28.39377702985491,0.0,0.0,-1,0.6,0.041417296395346526,0.24819346651844143,0.024234188218673403,0.8705724839684716
2022-03-25,428.3686828613281,0.004871721125582873,0.012376078701114766,0.009878886935308822,0.008679553929455491,0.01108621749358449,0.03289857092321058,0.027279631755703214,0,0.23793402048434759,0.06368887177497647,27.282318115234375,0.0,0.0,-1,0.6,0.04453569721738708,0.23793402048434759,0.01821256902476609,0.7924949046367998
2022-03-28,431.4156799316406,0.0070878465771127,0.012376078701114766,0.009878886935308822,0.008679553929455491,0.012111606848742214,0.036273655585690734,0.03318534554993987,0,0.23803553427183657,0.06026841436411322,26.000738961356028,0.0,0.0,-1,0.8,0.04946741434515427,0.23803553427183657,0.02559291049065493,0.7932674561731684
2022-03-29,436.7525939941406,0.012294808393633616,0.012376078701114766,0.009878886935308822,0.008679553929455491,0.016287690571633977,0.04421084510575943,0.04408449393316123,0,0.23094855671515022,0.0588141434180851,25.687229701450892,0.0,0.0,-1,0.8,0.05844192100073625,0.23094855671515022,0.02625414529811554,0.7393333499295043
2022-03-30,434.0557861328125,-0.006193822991213516,0.012376078701114766,0.009878886935308822,0.008679553929455491,0.0066527555449043,0.03404424356024437,0.03610832558627569,1,0.22680134350773978,0.059159450223734304,25.678501674107142,0.0,0.0,-1,0.8,0.04923961177884925,0.22680134350773978,0.03302248253025919,0.7077717658896946
2022-03-31,427.37506103515625,-0.015511074542896353,0.012376078701114766,0.009878886935308822,0.008679553929455491,-0.005911445809380276,0.016374029096495504,0.019355233549331156,1,0.23434427335696772,0.06069679558550069,25.940296718052455,0.0,0.0,-1,0.6,0.03105271341626623,0.23434427335696772,0.0025494785622193206,0.7651758110729535
2022-04-01,428.5863037109375,0.002830135877941231,0.012376078701114766,0.009878886935308822,0.008679553929455491,-0.002064833040963867,0.017388923157423092,0.02135328372793267,1,0.23128386476880636,0.0596549118797504,25.567278180803573,0.0,0.0,-1,0.6,0.03137446447321115,0.23128386476880636,0.0005078933145776787,0.7418851486399692
2022-04-04,432.2578125,0.008530071779822457,0.012376078701114766,0.009878886935308822,0.008679553929455491,0.004313367296921134,0.023559732709697273,0.02888816129375603,1,0.19761531118158718,0.05892145188152998,25.46925789969308,0.0,0.0,-1,0.6,0.03565005515431744,0.19761531118158718,0.0019501185172874358,0.485656970729296
2022-04-05,426.7978210449219,-0.012711784347251509,0.012376078701114766,0.009878886935308822,0.008679553929455491,-0.0055972523347312345,0.009608624524661703,0.015259211632038064,1,0.20250412754623592,0.06090309938136449,25.993310110909597,0.0,0.0,-1,0.4,0.018404397434251527,0.20250412754623592,-0.02305647422359769,0.5228623857468673
2022-04-06,422.5301208496094,-0.010049677876177832,0.012376078701114766,0.009878886935308822,0.008679553929455491,-0.010414370003892332,-0.00044046219283127636,0.004906012726312141,1,0.19030257420405047,0.06372416742178282,26.925380161830358,0.0,0.0,-1,0.4,0.0059004917241579306,0.19030257420405047,-0.026912329108562005,0.43000476498662
2022-04-07,424.65924072265625,0.005026324578922825,0.012376078701114766,0.009878886935308822,0.008679553929455491,-0.00362513895668376,0.00415673400540199,0.009574999137196137,1,0.18874456489661998,0.06393132570683054,27.14902823311942,0.0,0.0,-1,0.6,0.008174783428171293,0.18874456489661998,-0.006374929986742828,0.4181478289594564
2022-04-08,423.52374267578125,-0.002677485277247982,0.012376078701114766,0.009878886935308822,0.008679553929455491,-0.0042017084670252875,0.0013313653178365563,0.006604084700714734,1,0.1808950110828641,0.06457847720649677,27.350518362862722,0.0,0.0,-1,0.4,0.0022366778274945983,0.1808950110828641,-0.01188255114193204,0.35841027991684055
2022-04-11,416.2847595214844,-0.017240031343343176,0.012376078701114766,0.009878886935308822,0.008679553929455491,-0.014248906924397042,-0.014301955863348545,-0.01018957445430819,0,0.19172927816574412,0.06724571093761804,27.993364606584823,0.0,0.0,-1,0.2,-0.017557055900533525,0.19172927816574412,-0.037652654265097674,0.4408624264414165
2022-04-12,414.7423095703125,-0.003712157593409593,0.012376078701114766,0.009878886935308822,0.008679553929455491,-0.012005898641960703,-0.01627213585119214,-0.013320918613097244,0,0.17930187020974694,0.0674327627445276,27.967219761439733,0.0,0.0,-1,0.2,-0.022663979998807947,0.17930187020974694,-0.028653027511255758,0.34628598173407615
2022-04-13,419.4925842285156,0.011388461534702188,0.012376078701114766,0.009878886935308822,0.008679553929455491,-0.00046000707587995354,-0.004530450073371295,-0.0019408742340318683,0,0.16688750027084695,0.06691668624545842,28.071053641183035,0.0,0.0,-1,0.4,-0.012465251526372475,0.16688750027084695,-0.007214888100375738,0.2518087603971644
2022-04-14,414.2691955566406,-0.012529854777397986,0.012376078701114766,0.009878886935308822,0.008679553929455491,-0.008641148910388882,-0.015338473078525889,-0.013812706782181905,0,0.1677862944093775,0.06908765356764716,28.620886666434153,0.0,0.0,-1,0.2,-0.024553775291458177,0.1677862944093775,-0.02477106745669655,0.2586488636952134
2022-04-18,414.43951416015625,0.00041104577257655706,0.012376078701114766,0.009878886935308822,0.008679553929455491,-0.005504153804069835,-0.013530640631384067,-0.012888256940933542,0,0.1626256288231621,0.07054132861951926,29.235113961356028,0.0,0.0,-1,0.4,-0.02344013720576154,0.1626256288231621,-0.02168253640687201,0.21937459144182347
2022-04-19,421.12969970703125,0.016013822447928483,0.012376078701114766,0.009878886935308822,0.008679553929455491,0.00700850407728652,0.0021652067143139967,0.0029266051097598385,0,0.17318174403228684,0.06899261702044361,29.054840087890625,0.0,0.0,-1,0.6,-0.0077477033087809,0.17318174403228684,0.011571317384399649,0.29970991558464416
2022-04-20,420.8173828125,-0.0007418920151627262,0.012376078701114766,0.009878886935308822,0.008679553929455491,0.0041657648053369176,0.0012863828129450886,0.002097037602416532,0,0.16770989279782902,0.06852924154419819,28.83829607282366,0.0,0.0,-1,0.6,-0.007943873456029867,0.16770989279782902,0.014541582962646515,0.2580674236382239
2022-04-21,414.5246276855469,-0.015066581319594263,0.012376078701114766,0.009878886935308822,0.008679553929455491,-0.007259707598863613,-0.012399187276807893,-0.012388819916852277,0,0.16992800626948856,0.06943522886086582,28.78261239188058,0.0,0.0,-1,0.4,-0.02215267370626595,0.16992800626948856,-0.011913459891649936,0.27494795792580873
2022-04-22,403.1504211425781,-0.027822642455206825,0.012376078701114766,0.009878886935308822,0.008679553929455491,-0.023267348460905852,-0.03587133378057413,-0.03799833042747529,0,0.18498863905263277,0.07435056389557455,29.974461146763392,0.0,0.0,-1,0.4,-0.04638165312865212,0.18498863905263277,-0.027206247569458775,0.38956406361060064
2022-04-25,405.48773193359375,0.005780873166155054,0.012376078701114766,0.009878886935308822,0.008679553929455491,-0.011805697590661765,-0.027476959808459194,-0.03118925748423019,0,0.18551546588929393,0.07549303695400437,30.611500331333705,0.0,0.0,-1,0.4,-0.03825030434989911,0.18551546588929393,-0.021836420175880278,0.22315285481512415
2022-04-26,393.7444763183594,-0.029388457282939484,0.012376078701114766,0.009878886935308822,0.008679553929455491,-0.027317845090253704,-0.05061098035019095,-0.05705596705615867,0,0.204124406831043,0.07862139284481626,30.956739153180802,0.0,0.0,-1,0.2,-0.061912461260819285,0.204124406831043,-0.06723869990674824,0.40457128449812324
2022-04-27,394.85162353515625,0.0028078960685231635,0.012376078701114766,0.009878886935308822,0.008679553929455491,-0.01652394614664751,-0.0435745512464172,-0.052382804800412984,0,0.19635960415468276,0.07765717583935706,30.663061959402903,0.0,0.0,-1,0.4,-0.05455560971978021,0.19635960415468276,-0.06368891182306236,0.32887227976952743
2022-04-28,404.8253479003906,0.02494567663159586,0.012376078701114766,0.009878886935308822,0.008679553929455491,0.005530061457768891,-0.01759921553226153,-0.02736151331714672,0,0.22321332198883098,0.07547531657159244,30.5543212890625,0.0,0.0,-1,0.6,-0.02727015046510696,0.22321332198883098,-0.023676653871872233,0.5906689793168807
2022-04-29,389.8647766113281,-0.03765578198122643,0.012376078701114766,0.009878886935308822,0.008679553929455491,-0.02131130789401973,-0.049022356781129206,-0.06097475865118443,0,0.25113122946398886,0.08068172474438891,31.454962594168528,0.0,0.0,-1,0.6,-0.058977210892269025,0.25113122946398886,-0.03350979339789184,0.8628404559222742
2022-05-02,392.2115783691406,0.00600148255791666,0.012376078701114766,0.009878886935308822,0.008679553929455491,-0.010333155550237005,-0.03933651769627672,-0.05326833525228935,0,0.2526224290814329,0.08007388139334068,31.40590340750558,0.0,0.0,-1,0.6,-0.04913849946982428,0.2526224290814329,-0.033289184006130235,0.8773781501299899
2022-05-03,394.00946044921875,0.004573485381663467,0.012376078701114766,0.009878886935308822,0.008679553929455491,-0.0038718562130997873,-0.03171143656871239,-0.04710016278076357,0,0.25030912176721665,0.07819527802364305,30.809679303850448,0.0,0.0,-1,0.8,-0.04033038989917124,0.25030912176721665,0.0006727586584727163,0.8548257339751422
2022-05-04,406.0081787109375,0.029998383704877618,0.012376078701114766,0.009878886935308822,0.008679553929455491,0.01748780817330928,-0.0020128632732719686,-0.017384873225805612,0,0.27656016862044996,0.0747308354434585,30.34133039202009,0.0,0.0,-1,0.8,-0.008595644257334101,0.27656016862044996,0.02786324629482717,1.0
2022-05-05,391.5775451660156,-0.03618973624591604,0.012376078701114766,0.009878886935308822,0.008679553929455491,-0.01252898066406548,-0.03403563282671546,-0.05036163368215106,0,0.3005532616755088,0.07898823973764914,30.930021013532365,0.0,0.0,-1,0.6,-0.040205735901802396,0.3005532616755088,-0.033272166582684726,1.0
2022-05-06,389.2402038574219,-0.005986924075435773,0.012376078701114766,0.009878886935308822,0.008679553929455491,-0.012358046964016775,-0.036147913907117815,-0.05395134901514777,0,0.2987990631347153,0.08046621325327119,31.320685250418528,0.0,0.0,-1,0.6,-0.0417753483369678,0.2987990631347153,-0.0016033086768940663,0.9872817469239732
2022-05-09,376.77783203125,-0.03254093490281029,0.012376078701114766,0.009878886935308822,0.008679553929455491,-0.029755918980734028,-0.06101542750589023,-0.08120584938346714,0,0.3149434715134292,0.08593000061812017,32.37651933942522,0.0,0.0,-1,0.4,-0.06708709543305051,0.3149434715134292,-0.04014572613762102,1.0
2022-05-10,377.6483459472656,0.0023077521108518795,0.012376078701114766,0.009878886935308822,0.008679553929455491,-0.01851262065567628,-0.05354167019343084,-0.07621813058773261,0,0.31320404382644457,0.08644669578949284,32.64645167759487,0.0,0.0,-1,0.4,-0.06043752064852407,0.31320404382644457,-0.042411459408432606,0.9885802762416894
2022-05-11,371.64898681640625,-0.016013635902691448,0.012376078701114766,0.009878886935308822,0.008679553929455491,-0.022997862263969715,-0.062453935974382244,-0.0876413663091599,0,0.31563518046872957,0.08810847252274716,32.74542454310826,0.0,0.0,-1,0.2,-0.07038012973056895,0.31563518046872957,-0.08842347901600167,1.0
2022-05-12,371.26104736328125,-0.0010443781091566962,0.012376078701114766,0.009878886935308822,0.008679553929455491,-0.016141016152857436,-0.05774019955365543,-0.08541621133170473,0,0.30985201229236126,0.08549150433497463,31.73966544015067,0.0,0.0,-1,0.2,-0.0657147302870487,0.30985201229236126,-0.05327812087924233,0.9622038747635541
2022-05-13,380.1370544433594,0.023626410400851228,0.012376078701114766,0.009878886935308822,0.008679553929455491,0.004908466521435999,-0.03196650383591836,-0.06121096209088005,0,0.3260672450778532,0.08194638418902006,31.15085710797991,0.0,0.0,-1,0.4,-0.03925196245070633,0.3260672450778532,-0.02366478640295533,1.0
2022-05-16,378.5946960449219,-0.004065627995541554,0.012376078701114766,0.009878886935308822,0.008679553929455491,0.0005539641962734528,-0.0325870838310727,-0.06262987148772753,0,0.32559640518946376,0.08032558573401699,30.410840715680802,0.0,0.0,-1,0.4,-0.038796149607781154,0.32559640518946376,0.004810520504313409,0.9971192166402973
2022-05-17,386.3825378417969,0.020361680109282077,0.012376078701114766,0.009878886935308822,0.008679553929455491,0.013991925210844493,-0.01149261846818133,-0.0417188039506666,0,0.3295751485117224,0.07737496144067456,29.896333966936385,0.0,0.0,-1,0.4,-0.014677618792657735,0.3295751485117224,0.022864448502743606,1.0
2022-05-18,370.8067626953125,-0.04114683774974193,0.012376078701114766,0.009878886935308822,0.008679553929455491,-0.018084671122643333,-0.04667974458925694,-0.07744192222540655,0,0.35407685164280467,0.083517419933038,30.968824114118302,0.0,0.0,-1,0.4,-0.0483292579150522,0.35407685164280467,-0.002268753344306873,1.0
2022-05-19,368.5357360839844,-0.006143387557661306,0.012376078701114766,0.009878886935308822,0.008679553929455491,-0.016195741567090676,-0.04775551564593961,-0.08009465330905334,0,0.3525687958769957,0.08315777224355635,30.646610804966517,0.0,0.0,-1,0.4,-0.0485427986341362,0.3525687958769957,-0.007367762792811483,0.9921230288132991
2022-05-20,368.6966857910156,0.00043663220664846847,0.012376078701114766,0.009878886935308822,0.008679553929455491,-0.01056625426128745,-0.04302508692285507,-0.0768077337823814,0,0.3433922346706218,0.08152994038502416,30.059818812779017,0.0,0.0,-1,0.4,-0.04387490458980069,0.3433922346706218,-0.030557540987014242,0.944191440436772
2022-05-23,375.5949401855469,0.01853695966335067,0.012376078701114766,0.009878886935308822,0.008679553929455491,0.0052832655898675295,-0.022782344005220813,-0.05733411216282929,0,0.3513345786905496,0.07998933054302802,30.043587820870535,0.0,0.0,-1,0.6,-0.02219600866956148,0.3513345786905496,-0.007954953328122016,0.985676388419632
2022-05-24,372.72772216796875,-0.007663090249059756,0.012376078701114766,0.009878886935308822,0.008679553929455491,-0.001595184260146775,-0.027441055223379716,-0.062156935042636766,0,0.3386049328614515,0.08162066569785849,30.422284807477677,0.0,0.0,-1,0.4,-0.02699853681821094,0.3386049328614515,-0.03597972368646385,0.9191861062390363
2022-05-25,376.0207824707031,0.008796228681063667,0.012376078701114766,0.009878886935308822,0.008679553929455491,0.004805592942331299,-0.017084043754196147,-0.051868049403322444,0,0.3405684091169494,0.07731180225384979,29.070844377790177,0.0,0.0,-1,0.6,-0.01598344117245721,0.3405684091169494,0.013963342744341745,0.9294418582085477
2022-05-26,383.5341796875,0.019784328096804416,0.012376078701114766,0.009878886935308822,0.008679553929455491,0.016452173854450615,0.002311944622610097,-0.03167289798941033,0,0.33551845570286304,0.07331461588611356,28.118661063058035,0.0,0.0,-1,0.8,0.006482447457132558,0.33551845570286304,0.039891058398807466,0.9030646257223196
2022-05-27,392.9496765136719,0.02425281159887227,0.012376078701114766,0.009878886935308822,0.008679553929455491,0.027227785427432483,0.024292109165485812,-0.007593646620427493,0,0.32165496394301013,0.06903918061274479,27.128923688616073,0.0,0.0,-1,0.8,0.030773659166016275,0.32165496394301013,0.06370723779103127,0.830651968567797
2022-05-31,390.74481201171875,-0.005626861874580946,0.012376078701114766,0.009878886935308822,0.008679553929455491,0.01420764788287251,0.01674899632971714,-0.012652468910915794,0,0.32161471403971204,0.06867442733674307,26.834176199776785,0.0,0.0,-1,0.6,0.02518714988051522,0.32161471403971204,0.03954341625309965,0.8304417327557436
2022-06-01,387.5842590332031,-0.008121424389562648,0.012376078701114766,0.009878886935308822,0.008679553929455491,0.003994800886658962,0.007706826070523448,-0.01984536636894721,0,0.32227852306896587,0.06821064265118532,26.437371390206472,0.0,0.0,-1,0.6,0.01775273329556582,0.32227852306896587,0.03908508211259676,0.8339089815906031
2022-06-02,394.9652404785156,0.018864494417882405,0.012376078701114766,0.009878886935308822,0.008679553929455491,0.015291799104537667,0.024273332410582226,-0.0011335276354472283,0,0.3103592065979908,0.06485543378843028,25.61564200265067,0.0,0.0,-1,0.6,0.03864026094213124,0.3103592065979908,0.049153347849415496,0.7716512623896989
2022-06-03,388.4831848144531,-0.016547875700275938,0.012376078701114766,0.009878886935308822,0.008679553929455491,-0.0009143359531918939,0.006747671538514852,-0.016850899098088234,0,0.2881779473647808,0.06678481148387602,25.944776262555802,0.0,0.0,-1,0.4,0.022010213561278854,0.2881779473647808,0.012821144052335143,0.6557927219921483
2022-06-06,389.66607666015625,0.0030402721313542713,0.012376078701114766,0.009878886935308822,0.008679553929455491,0.0014175135701230788,0.008870243512599468,-0.013321125027857431,0,0.28763636354756766,0.06654333115900093,25.929678780691965,0.0,0.0,-1,0.4,0.025064708093819128,0.28763636354756766,-0.008391395415182856,0.652963887528535
2022-06-07,393.4038391113281,0.009546506034336488,0.012376078701114766,0.009878886935308822,0.008679553929455491,0.0073219824210537755,0.016751524506513415,-0.0037060028655866236,0,0.2620365909911437,0.06576963172425786,25.87402561732701,0.0,0.0,-1,0.6,0.03263913884724532,0.2620365909911437,0.006781972493734578,0.5192495545543321
2022-06-08,389.1267395019531,-0.010931565663112153,0.012376078701114766,0.009878886935308822,0.008679553929455491,-0.0024227016170895906,0.00515196617039515,-0.013975604282293441,0,0.26611928461555684,0.06453394596568633,25.111883980887278,0.0,0.0,-1,0.6,0.019875837290075277,0.26611928461555684,0.003971831220185074,0.5405745352166874
2022-06-09,379.87213134765625,-0.024070399403375298,0.012376078701114766,0.009878886935308822,0.008679553929455491,-0.017585341232211383,-0.01699788472679966,-0.036011398079534955,0,0.27455360634984927,0.06623469375441271,25.160714285714285,0.0,0.0,-1,0.4,-0.005451629399542285,0.27455360634984927,-0.03896306260107263,0.5846292119644981
2022-06-10,368.8574523925781,-0.02942443811395723,0.012376078701114766,0.009878886935308822,0.008679553929455491,-0.031193165619977047,-0.04134653692532471,-0.061609160160117124,0,0.2951915768768423,0.07158963957202737,26.4063720703125,0.0,0.0,-1,0.4,-0.03398535858196157,0.2951915768768423,-0.05183962501475392,0.6924267502776125
2022-06-13,354.8526306152344,-0.03870768326545804,0.012376078701114766,0.009878886935308822,0.008679553929455491,-0.046368621496854646,-0.07086523922136224,-0.0937824487453523,0,0.31063282115226665,0.07828868833747006,27.78094700404576,0.0,0.0,-1,0.2,-0.06757593443635457,0.31063282115226665,-0.09358758041156623,0.7730804230408878
2022-06-14,353.78338623046875,-0.003017755718868642,0.012376078701114766,0.009878886935308822,0.008679553929455491,-0.033375906771495795,-0.0671201032473963,-0.09308053709611316,0,0.3106271647032132,0.07913590951424751,27.99697004045759,0.0,0.0,-1,0.0,-0.06734529393037988,0.3106271647032132,-0.10615184216477136,0.7730508779224492
2022-06-15,358.8269958496094,0.014155544082187,0.012376078701114766,0.009878886935308822,0.008679553929455491,-0.013149565778061634,-0.048945871427768683,-0.07725093021428363,0,0.3050648281575549,0.07801377807006667,27.99344961983817,0.0,0.0,-1,0.2,-0.050600824844510124,0.3050648281575549,-0.08106473241947221,0.7439973338200001
2022-06-16,346.95123291015625,-0.033656135716422675,0.012376078701114766,0.009878886935308822,0.008679553929455491,-0.03101387682773601,-0.07332439303811937,-0.10400285383156031,0,0.29382087312072336,0.08367331267640148,29.03055899483817,0.0,0.0,-1,0.2,-0.07911599023703596,0.29382087312072336,-0.09065046873251958,0.6852672046976388
2022-06-17,347.69921875,0.002153561196540643,0.012376078701114766,0.009878886935308822,0.008679553929455491,-0.019470969878149023,-0.06497495685442306,-0.09846252312874941,0,0.2942409808499141,0.08330327627018928,28.964484078543528,0.0,0.0,-1,0.4,-0.07457164874638848,0.2942409808499141,-0.05907246942202171,0.6874615376614274
2022-06-21,356.4520263671875,0.02486187030111786,0.012376078701114766,0.009878886935308822,0.008679553929455491,0.0034688938829578165,-0.0376392490096896,-0.07301332809243227,0,0.31026301019404523,0.08115264829871582,28.927025931222097,0.0,0.0,-1,0.6,-0.04972689946167513,0.31026301019404523,0.0044970841445541865,0.7711488033166837
2022-06-22,355.8057556152344,-0.001814710756853799,0.012376078701114766,0.009878886935308822,0.008679553929455491,0.0010990885949805228,-0.03576736631174823,-0.07197566773926026,0,0.3009368668268592,0.07966362615306698,28.344776698521205,0.0,0.0,-1,0.6,-0.0489410837405997,0.3009368668268592,0.00570012910656903,0.7224359080432399
2022-06-23,359.2936096191406,0.00975495667277837,0.012376078701114766,0.009878886935308822,0.008679553929455491,0.007248668819547597,-0.023868893838482893,-0.060562042255743125,0,0.30347237114324943,0.07852283024432041,28.212751116071427,0.0,0.0,-1,0.6,-0.0378907271395258,0.30347237114324943,0.0012995416971604001,0.7356795127538704
2022-06-24,370.7169189453125,0.03129884132720129,0.012376078701114766,0.009878886935308822,0.008679553929455491,0.025843636208596935,0.00647912344542145,-0.029525602504657526,0,0.323762042617699,0.0747775196154644,27.72129167829241,0.0,0.0,-1,0.8,-0.0065961720366618055,0.323762042617699,0.06625451874078436,0.8416577936738284
2022-06-27,369.3009338378906,-0.003826899121967209,0.012376078701114766,0.009878886935308822,0.008679553929455491,0.01451084053403723,0.0023832595834103196,-0.03197084635717467,0,0.3146586612198159,0.07437086414561417,27.46522957938058,0.0,0.0,-1,0.6,-0.00849974317474352,0.3146586612198159,0.06027405842227651,0.7941084426495262
2022-06-28,361.7550354003906,-0.0206445655519234,0.012376078701114766,0.009878886935308822,0.008679553929455491,-0.004154333894607544,-0.016402982258285587,-0.04982219268696687,0,0.30540584519399205,0.07718562080641975,27.922286987304688,0.0,0.0,-1,0.4,-0.024674747979653206,0.30540584519399205,0.01476762256923525,0.7457785553312274
2022-06-29,361.46044921875,-0.0008146567771207813,0.012376078701114766,0.009878886935308822,0.008679553929455491,-0.0033156717089302588,-0.015591023958529278,-0.04870843658325425,0,0.3055718692567586,0.07815878046184235,28.251307896205358,0.0,0.0,-1,0.4,-0.02160660705739906,0.3055718692567586,0.015767676548968268,0.7466457425986754
2022-06-30,358.5237731933594,-0.008157657403099705,0.012376078701114766,0.009878886935308822,0.008679553929455491,-0.0076378625908513995,-0.021390328500102158,-0.05434423330828518,0,0.3055785428656481,0.07636804806063628,27.3797607421875,0.0,0.0,-1,0.2,-0.02572369543444398,0.3055785428656481,-0.002144937526909807,0.746680600609981
2022-07-01,362.3157653808594,0.010521140874945267,0.012376078701114766,0.009878886935308822,0.008679553929455491,0.0019035444363014204,-0.009998980052645661,-0.04267763010348507,0,0.29869354192247677,0.0707311894978733,25.627025059291295,0.0,0.0,-1,0.2,-0.011031830864861031,0.29869354192247677,-0.022922637979165827,0.7107184331097118
2022-07-05,363.0000305175781,0.0018868066670743033,0.012376078701114766,0.009878886935308822,0.008679553929455491,0.002527287204981289,-0.0073607582394547896,-0.03932994698906193,0,0.29583341316807527,0.06622411177893518,24.039354596819198,0.0,0.0,-1,0.4,-0.005706013191624425,0.29583341316807527,-0.017208932190124315,0.6957792297331113
2022-07-06,364.2259826660156,0.003371588165313355,0.012376078701114766,0.009878886935308822,0.008679553929455491,0.003934312616994243,-0.003627977584013408,-0.03471951147333426,0,0.29593128449232325,0.06398664504118116,23.305598667689733,0.0,0.0,-1,0.6,0.0011401169006177913,0.29593128449232325,0.006807221527112439,0.6962904373545962
2022-07-07,369.6810302734375,0.014866046990578141,0.012376078701114766,0.009878886935308822,0.008679553929455491,0.012567419598806352,0.010208107788423796,-0.019483289756342326,0,0.2995919055392281,0.0630291201621165,23.300670078822545,0.0,0.0,-1,0.8,0.019458046943577945,0.2995919055392281,0.02248792529481136,0.7154108221345531
2022-07-08,369.3770446777344,-0.000822629839650979,0.012376078701114766,0.009878886935308822,0.008679553929455491,0.0077927139977229465,0.008476763854143496,-0.01950941438610912,0,0.29823729504675417,0.05989109936648146,22.12239728655134,0.0,0.0,-1,0.8,0.021401190377448486,0.29823729504675417,0.029822952858260088,0.7083353358956898
2022-07-11,365.1573181152344,-0.011489654391684923,0.012376078701114766,0.009878886935308822,0.008679553929455491,-0.0024832190815223735,-0.00275487057076557,-0.029541688109020994,0,0.289440989509559,0.0610217372420712,22.28253391810826,0.0,0.0,-1,0.6,0.011791263546571434,0.289440989509559,0.007812157591629898,0.6623899227108297
2022-07-12,361.9261169433594,-0.008888175106230634,0.012376078701114766,0.009878886935308822,0.008679553929455491,-0.007568558652869071,-0.010488062380116122,-0.03668867320003596,0,0.2722811815329321,0.0617309444376454,22.342041015625,0.0,0.0,-1,0.4,0.003802064006854644,0.2722811815329321,-0.002962824181675039,0.5727597405479697
2022-07-13,360.0254211425781,-0.005265450911589475,0.012376078701114766,0.009878886935308822,0.008679553929455491,-0.008556735729329598,-0.014212054382669589,-0.04017622495402737,0,0.2339498492520943,0.06313024717681197,22.72849382672991,0.0,0.0,-1,0.2,-0.002185284810663139,0.2339498492520943,-0.01159986325857787,0.37254512861546724
2022-07-14,359.15106201171875,-0.002431557711186194,0.012376078701114766,0.009878886935308822,0.008679553929455491,-0.00733651968498692,-0.015048405007553391,-0.040908497916784296,0,0.23383473815692127,0.06394871275189909,22.967248099190847,0.0,0.0,-1,0.0,-0.005348432018261172,0.23383473815692127,-0.028897467960342205,0.3548099178572551
2022-07-15,366.0126953125,0.018924933915090314,0.012376078701114766,0.009878886935308822,0.008679553929455491,0.007722373927499966,0.0034090396785240377,-0.02171846793686945,0,0.23803554983852152,0.06261571144781658,22.918145315987722,0.0,0.0,-1,0.2,0.012646924520470677,0.23803554983852152,-0.009149904205600912,0.3773504567362233
2022-07-18,362.99053955078125,-0.00829124736429332,0.012376078701114766,0.009878886935308822,0.008679553929455491,-0.0003989857479666133,-0.004413739699523127,-0.028661123917531745,0,0.2036058609608381,0.0634263740574639,23.02317374093192,0.0,0.0,-1,0.2,0.0020621573577195565,0.2036058609608381,-0.0059514971782093085,0.18288387648087634
2022-07-19,372.79827880859375,0.02666069378931102,0.012376078701114766,0.009878886935308822,0.008679553929455491,0.01758370449678416,0.020301247867643795,-0.002321721753210439,0,0.22125539362458763,0.06037714830002471,22.508496965680802,0.0,0.0,-1,0.4,0.025584121256048427,0.22125539362458763,0.029597371717332344,0.21448422699846334
2022-07-20,375.1741027832031,0.00635272644602658,0.012376078701114766,0.009878886935308822,0.008679553929455491,0.015918098844722877,0.0241891050472815,0.0038775247003159465,0,0.2068210634168817,0.05743069318794604,21.5465087890625,0.0,0.0,-1,0.6,0.029468963108494273,0.2068210634168817,0.0412155490749484,0.12639666808828437
2022-07-21,378.9945373535156,0.010131599346180131,0.012376078701114766,0.009878886935308822,0.008679553929455491,0.01735691156939055,0.031218592897310098,0.01353967558505464,0,0.20781480638306324,0.05563034943138928,21.08359854561942,0.0,0.0,-1,0.8,0.03665405855241011,0.20781480638306324,0.053778706132314724,0.07263125885609435
2022-07-22,375.478271484375,-0.009321187687613808,0.012376078701114766,0.009878886935308822,0.008679553929455491,0.005264768623251729,0.019548754082491068,0.003973328550278294,0,0.21079219118785977,0.057105808969490704,21.441990443638392,0.0,0.0,-1,0.6,0.02476780902609541,0.21079219118785977,0.025532584529610602,0.09150925002203053
2022-07-25,375.9344482421875,0.0012141844338762198,0.012376078701114766,0.009878886935308822,0.008679553929455491,0.004314729270488602,0.018770510265162948,0.004988411692202331,0,0.18060443966469045,0.0580901861222706,21.838102068219865,0.0,0.0,-1,0.8,0.025282827902926394,0.18060443966469045,0.03503801632778014,0.0
2022-07-26,371.4867858886719,-0.011901494497565501,0.012376078701114766,0.009878886935308822,0.008679553929455491,-0.005057604036529481,0.006073839100047512,-0.006632703620789691,0,0.18549616912075712,0.060175687045019126,22.35447256905692,0.0,0.0,-1,0.6,0.012850852863723306,0.18549616912075712,-0.0035241719590963783,0.028198889957694383
2022-07-27,381.1329345703125,0.02563492999325323,0.012376078701114766,0.009878886935308822,0.008679553929455491,0.013756325847017713,0.029042362345149616,0.018396149144895593,0,0.1889163616781675,0.05931222843723003,22.605843680245535,0.0,0.0,-1,0.6,0.036413010123529266,0.1889163616781675,0.015758031588130272,0.04791495038718726
2022-07-28,385.9131774902344,0.012464191477493891,0.012376078701114766,0.009878886935308822,0.008679553929455491,0.017493016207319606,0.03780265936414328,0.029910194242110763,0,0.19158590871622988,0.0579415910131734,22.360423496791295,0.0,0.0,-1,0.6,0.045934474109744584,0.19158590871622988,0.018090623719444032,0.06330383561465028
2022-07-29,391.5394592285156,0.014473884824805161,0.012376078701114766,0.009878886935308822,0.008679553929455491,0.021321701786048117,0.0476514749024617,0.04308770642705437,0,0.19051649875942325,0.05626509057938187,22.030003138950892,0.0,0.0,-1,0.8,0.05645661065266969,0.19051649875942325,0.041885696231863,0.057139109220337235
2022-08-01,390.3798828125,-0.002965976677475446,0.012376078701114766,0.009878886935308822,0.008679553929455491,0.012124037796622219,0.040135743227688196,0.03836976122770933,0,0.19078841284204004,0.056012525091494375,21.866162981305802,0.0,0.0,-1,0.6,0.04935481518611535,0.19078841284204004,0.037705535120511335,0.058706586604874274
2022-08-02,387.804443359375,-0.006619122923947174,0.012376078701114766,0.009878886935308822,0.008679553929455491,0.0036246108552005687,0.030009670902037783,0.030245922024326792,1,0.19423637162041388,0.0562870695625877,21.828375680106028,0.0,0.0,-1,0.6,0.038968276291806665,0.19423637162041388,0.04298790669412966,0.0785827083412161
2022-08-03,393.87725830078125,0.015538133001674836,0.012376078701114766,0.009878886935308822,0.008679553929455491,0.012811304722698747,0.04156225285425869,0.04447935073759966,1,0.19903366213967247,0.05531524974143636,21.787418910435267,0.0,0.0,-1,0.6,0.05106321452724171,0.19903366213967247,0.03289110970255127,0.10623719509536252
2022-08-04,393.6111755371094,-0.0006757756999693498,0.012376078701114766,0.009878886935308822,0.008679553929455491,0.008052185217010498,0.03682403694773397,0.041985065240074504,1,0.19530085272984002,0.05547601911121556,21.835981096540177,0.0,0.0,-1,0.4,0.04701018841639743,0.19530085272984002,0.019751142525088028,0.0847190218753845
2022-08-05,392.9458923339844,-0.001691634056695257,0.012376078701114766,0.009878886935308822,0.008679553929455491,0.004223310506004908,0.03162580607986627,0.03858562483915508,1,0.19555867134561605,0.055548974493003195,21.827741350446427,0.0,0.0,-1,0.2,0.04197428193326972,0.19555867134561605,0.00358562364358761,0.08620524445588659
2022-08-08,392.48974609375,-0.0011615115719196822,0.012376078701114766,0.009878886935308822,0.008679553929455491,0.002036305052002502,0.027450776799977247,0.03586154493554585,1,0.18865881996841577,0.0554790019802263,21.774939400809153,0.0,0.0,-1,0.2,0.037006742984761705,0.18865881996841577,0.0053900887491433735,0.04643032406064364
2022-08-09,390.9311828613281,-0.003978870696457193,0.012376078701114766,0.009878886935308822,0.008679553929455491,-0.0012960036179074288,0.021098054400634555,0.030465218046777032,1,0.1851171474575438,0.05724541403252178,22.379017421177455,0.0,0.0,-1,0.2,0.02894616091630293,0.1851171474575438,0.008030340976633354,0.026013979637423152
2022-08-10,399.1422119140625,0.020786232641411218,0.012376078701114766,0.009878886935308822,0.008679553929455491,0.013034853286376338,0.03833772211904857,0.04996328905903015,1,0.191095305093366,0.05759307625141376,22.987827845982142,0.0,0.0,-1,0.2,0.04517749752420534,0.191095305093366,0.013278440616369735,0.06047569932906169
2022-08-11,399.1422119140625,0.0,0.012376078701114766,0.009878886935308822,0.008679553929455491,0.008652308334342012,0.03456032343379164,0.047910072045795164,1,0.19000641748625216,0.05717004011317001,22.818976266043528,0.0,0.0,-1,0.2,0.039733494942986815,0.19000641748625216,0.013954216316339085,0.05419869196692725
2022-08-12,405.89935302734375,0.016787455697943265,0.012376078701114766,0.009878886935308822,0.008679553929455491,0.0170061168569943,0.04688256255721347,0.06291381124240526,1,0.18811239753369055,0.055803402597636165,22.650565011160715,0.0,0.0,-1,0.4,0.05187075632873313,0.18811239753369055,0.03243330607097761,0.043280414351691436
2022-08-15,407.57196044921875,0.004112277227870109,0.012376078701114766,0.009878886935308822,0.008679553929455491,0.014032146454218004,0.04609588397535528,0.06448466110946412,1,0.18137012550156942,0.054637630385861134,22.268766130719865,0.0,0.0,-1,0.6,0.05013907426082404,0.18137012550156942,0.0377070948707674,0.004452584557311772
2022-08-16,408.37030029296875,0.001956854392558327,0.012376078701114766,0.009878886935308822,0.008679553929455491,0.010622218003766679,0.04336089280690964,0.06379262827059938,1,0.16404077829902466,0.05426433996504671,22.159944806780135,0.0,0.0,-1,0.8,0.04739615705350189,0.16404077829902466,0.04364281995978292,0.0
2022-08-17,405.4716491699219,-0.007123406165312041,0.012376078701114766,0.009878886935308822,0.008679553929455491,0.0022965104210066027,0.03241971635438836,0.05391725174487262,1,0.16898413167879048,0.056280230414278244,22.820037841796875,0.0,0.0,-1,0.6,0.035936625027752,0.16898413167879048,0.01573318115305966,0.026393577200270746
2022-08-18,406.6501159667969,0.0029021944112841425,0.012376078701114766,0.009878886935308822,0.008679553929455491,0.0034670426215317254,0.03193924163508582,0.05462378485659941,1,0.1673794598068789,0.056467216563492656,22.96240016392299,0.0,0.0,-1,0.8,0.035289955224167426,0.1673794598068789,0.018635375564343803,0.018913081722021437
2022-08-19,401.185546875,-0.01352911908806309,0.012376078701114766,0.009878886935308822,0.008679553929455491,-0.006700747996663073,0.016322790241110566,0.038803839052362,1,0.17225709847609014,0.05808639763270818,23.303423200334823,0.0,0.0,-1,0.6,0.018046256024224386,0.17225709847609014,-0.011681199221662553,0.04654410269370239
2022-08-22,392.83184814453125,-0.021042377709327376,0.012376078701114766,0.009878886935308822,0.008679553929455491,-0.018424008208857267,-0.0043807258377580385,0.016488745449045696,1,0.19274855168436286,0.060562176865858984,23.79075186593192,0.0,0.0,-1,0.4,-0.005284651849336545,0.19274855168436286,-0.03683585415886004,0.16741405540343293
2022-08-23,391.8814697265625,-0.0024222320712414813,0.012376078701114766,0.009878886935308822,0.008679553929455491,-0.013962625536486526,-0.006146790741943142,0.013471962830047925,1,0.1863834545034219,0.06128374753138847,24.015965053013392,0.0,0.0,-1,0.2,-0.010246844760858884,0.1863834545034219,-0.041214940622659846,0.1398854203897318
2022-08-24,393.135986328125,0.0031961522889236704,0.012376078701114766,0.009878886935308822,0.008679553929455491,-0.007230081679261175,-0.0026835603904999564,0.016050290570816368,1,0.1655750796650401,0.06112728935722979,24.031337193080358,0.0,0.0,-1,0.4,-0.008581147033345312,0.1655750796650401,-0.030895382168424135,0.00960611833721905
2022-08-25,398.68603515625,0.014018654621266613,0.012376078701114766,0.009878886935308822,0.008679553929455491,0.004513275650301014,0.010299426459552622,0.029167557992998736,1,0.16701968648588295,0.0600631282953471,23.94633047921317,0.0,0.0,-1,0.4,0.0037984254215169986,0.16701968648588295,-0.019778921958441664,0.0186506674584969
2022-08-26,385.1909484863281,-0.03443504640047923,0.012376078701114766,0.009878886935308822,0.008679553929455491,-0.019854089222197117,-0.02167141957891133,-0.005447550742287234,0,0.20339624429635822,0.06452410705928892,24.854101998465403,0.0,0.0,-1,0.4,-0.029403350299125185,0.20339624429635822,-0.040684849270857804,0.24640091703013264
2022-08-29,382.64398193359375,-0.006634175636716755,0.012376078701114766,0.009878886935308822,0.008679553929455491,-0.01771216863853883,-0.025528726797695876,-0.011557678551152127,0,0.2043248462092584,0.06693738494969127,25.613187517438615,0.0,0.0,-1,0.4,-0.03488050428017845,0.2043248462092584,-0.026276647198247183,0.25221480735250973
2022-08-30,378.4433898925781,-0.011038508453725449,0.012376078701114766,0.009878886935308822,0.008679553929455491,-0.019179197522168182,-0.03288963590436662,-0.021548775696097713,0,0.20652693061023386,0.06798382587898279,25.72802952357701,0.0,0.0,-1,0.4,-0.044347213561928125,0.20652693061023386,-0.03489292358073115,0.2660018532437938
2022-08-31,375.5638427734375,-0.007638019885246372,0.012376078701114766,0.009878886935308822,0.008679553929455491,-0.017920607264252375,-0.03655525612035832,-0.027888437145281938,0,0.19778186180573085,0.0699387983086995,26.266483851841517,0.0,0.0,-1,0.2,-0.04942070724437496,0.19778186180573085,-0.04572709575490119,0.2112497897548964
2022-09-01,376.7422180175781,0.0031327042788857895,0.012376078701114766,0.009878886935308822,0.008679553929455491,-0.009941989740270989,-0.03043597933778224,-0.02388753981713357,0,0.1986772402852982,0.07021488463936544,26.452911376953125,0.0,0.0,-1,0.2,-0.04439810877326548,0.1986772402852982,-0.056613046097282016,0.21685567124717478
2022-09-02,372.7697448730469,-0.010600258671084717,0.012376078701114766,0.009878886935308822,0.008679553929455491,-0.01368056490282086,-0.036930015733583135,-0.032883624160693424,0,0.20088511306471063,0.07180092639154195,26.765213012695312,0.0,0.0,-1,0.2,-0.05204859303294981,0.20088511306471063,-0.0327782583678875,0.23067895763819216
2022-09-06,371.36322021484375,-0.0037803091630426167,0.012376078701114766,0.009878886935308822,0.008679553929455491,-0.011669101400233096,-0.036842954402943405,-0.035150424071933195,0,0.2008453226109094,0.07383415543744684,27.41928972516741,0.0,0.0,-1,0.2,-0.053081735396678556,0.2008453226109094,-0.029924391894213365,0.23042983330292618
2022-09-07,378.0347595214844,0.01780553389925199,0.012376078701114766,0.009878886935308822,0.008679553929455491,0.004049292103802758,-0.017711864001806167,-0.017130170667358186,0,0.21358304435794548,0.07112884970903526,26.889177594866073,0.0,0.0,-1,0.4,-0.03448285430261844,0.21358304435794548,-0.0010803495412359254,0.31017952600271537
2022-09-08,380.50567626953125,0.006514947315104713,0.012376078701114766,0.009878886935308822,0.008679553929455491,0.007049712806529844,-0.010227041673734899,-0.010290401679219139,0,0.19919856012008544,0.06977236300130829,26.548780168805802,0.0,0.0,-1,0.6,-0.025853629703048806,0.19919856012008544,0.01307261765911516,0.22011960630936597
2022-09-09,386.4169616699219,0.015415902923159308,0.012376078701114766,0.009878886935308822,0.008679553929455491,0.015016120789353384,0.004656714086437297,0.004884685578216274,0,0.20893093108667138,0.06769386354956895,26.158057076590403,0.0,0.0,-1,0.6,-0.009105847712666064,0.20893093108667138,0.02535581630338868,0.2810530769283313
2022-09-12,390.5699768066406,0.010690153157803195,0.012376078701114766,0.009878886935308822,0.008679553929455491,0.017135258457200285,0.013961875341766652,0.01506033181233707,0,0.20283825120605958,0.06507479697542076,25.41626194545201,0.0,0.0,-1,0.8,0.0035161612758855608,0.20283825120605958,0.04664622813227659,0.2429073741216234
2022-09-13,373.58709716796875,-0.04445598192395295,0.012376078701114766,0.009878886935308822,0.008679553929455491,-0.018226006174367884,-0.027336665352008606,-0.027968446721848964,0,0.2511717887193931,0.07047926949074605,26.330145699637278,0.0,0.0,-1,0.8,-0.03590983461539613,0.2511717887193931,0.00597055537136626,0.5455191629746025
2022-09-14,375.0126037597656,0.0038084661616553106,0.012376078701114766,0.009878886935308822,0.008679553929455491,-0.009700034306461807,-0.021423426722721912,-0.02333028383627696,0,0.2518737764473886,0.07131672971677397,26.744672502790177,0.0,0.0,-1,0.8,-0.028047657695259107,0.2518737764473886,-0.00802651236623042,0.549914242934619
2022-09-15,370.7549743652344,-0.01141823746991033,0.012376078701114766,0.009878886935308822,0.008679553929455491,-0.014060291676931019,-0.029526554627625275,-0.03311364711203455,0,0.25298013003469877,0.07300093613401576,27.065460205078125,0.0,0.0,-1,0.6,-0.03473990354285677,0.25298013003469877,-0.025959697151245464,0.5568410199798016
2022-09-16,367.9264831542969,-0.007658253787483638,0.012376078701114766,0.009878886935308822,0.008679553929455491,-0.014492277408109225,-0.0335310635229153,-0.038964051685766526,0,0.25166928911701364,0.07233217177060497,26.612921578543528,0.0,0.0,-1,0.4,-0.037250805946593475,0.25166928911701364,-0.04903385386188841,0.5486339667531897
2022-09-19,370.7797546386719,0.007725088886306075,0.012376078701114766,0.009878886935308822,0.008679553929455491,-0.004576890524827871,-0.023615021287022295,-0.03031293856174803,0,0.25342190872982545,0.06756709216004635,25.05250985281808,0.0,0.0,-1,0.4,-0.025909628327791947,0.25342190872982545,-0.05199891813338553,0.5596069553548514
2022-09-20,366.5237121582031,-0.011545014895701478,0.012376078701114766,0.009878886935308822,0.008679553929455491,-0.010725869325235924,-0.031610979795418125,-0.03988319455555131,0,0.247084557946884,0.06730509916970036,24.668914794921875,0.0,0.0,-1,0.4,-0.03375172812848207,0.247084557946884,-0.01908795110513406,0.5513540493165171
2022-09-21,360.130126953125,-0.017597788268198578,0.012376078701114766,0.009878886935308822,0.008679553929455491,-0.018830724572660613,-0.044087698803355176,-0.05453159883996878,0,0.25205631991205507,0.06799496830737844,24.487036568777903,0.0,0.0,-1,0.2,-0.046616696373063524,0.25205631991205507,-0.04049420553498795,0.6218519974688486
2022-09-22,357.10516357421875,-0.008435115657683845,0.012376078701114766,0.009878886935308822,0.008679553929455491,-0.018212479356000278,-0.04738870744150269,-0.06017067769599572,0,0.25089321787549584,0.07011251456036141,25.037540980747767,0.0,0.0,-1,0.2,-0.05009441280380625,0.25089321787549584,-0.03751108372276146,0.6136343882666646
2022-09-23,351.1219177246094,-0.016896807138116365,0.012376078701114766,0.009878886935308822,0.008679553929455491,-0.023378239376549086,-0.05766418538395923,-0.07315803365198002,0,0.24403328308000996,0.07195168483756816,25.26381356375558,0.0,0.0,-1,0.2,-0.060063846113457386,0.24403328308000996,-0.04674963707339419,0.5651672189815595
2022-09-26,347.64837646484375,-0.009941950594304139,0.012376078701114766,0.009878886935308822,0.008679553929455491,-0.02227172230909502,-0.06099589770902227,-0.0793546841780943,0,0.2210549112183859,0.0711860962840284,24.747730800083705,0.0,0.0,-1,0.0,-0.06466229130741816,0.2210549112183859,-0.0644166765540044,0.4206098029589184
2022-09-27,346.76092529296875,-0.002555990113540574,0.012376078701114766,0.009878886935308822,0.008679553929455491,-0.016649183443652616,-0.05770388004696583,-0.07875306195514105,0,0.22116018635925702,0.07231835286463949,25.077178955078125,0.0,0.0,-1,0.0,-0.06252465091848389,0.22116018635925702,-0.0554276517718435,0.4213864482219605
2022-09-28,353.58392333984375,0.019485297669176838,0.012376078701114766,0.009878886935308822,0.008679553929455491,0.0017981126795604918,-0.03556576053531462,-0.05838757765084965,0,0.23600854777174465,0.07066664532752183,24.986589704241073,0.0,0.0,-1,0.2,-0.04085542084459251,0.23600854777174465,-0.018344565834468085,0.5309271190728607
2022-09-29,346.1978759765625,-0.02111035658835725,0.012376078701114766,0.009878886935308822,0.008679553929455491,-0.012834193797494143,-0.05067489572873898,-0.07522621967029437,0,0.24393134692028487,0.07303008668313786,25.282860892159597,0.0,0.0,-1,0.2,-0.057135690686221756,0.24393134692028487,-0.03101980676514149,0.5893759074366832
2022-09-30,340.844482421875,-0.015584197497497065,0.012376078701114766,0.009878886935308822,0.008679553929455491,-0.018909867503279842,-0.0595007747695495,-0.08631857225237798,0,0.2456421064044496,0.075061992891606,25.584466116768972,0.0,0.0,-1,0.2,-0.0671555055506867,0.2456421064044496,-0.02970719712452219,0.6080733694364356
2022-10-03,349.84320068359375,0.026058746079331563,0.012376078701114766,0.009878886935308822,0.008679553929455491,0.004650582322305744,-0.031472400336755885,-0.05990328590659204,0,0.26801804603434287,0.06909322318998878,24.17179434640067,0.0,0.0,-1,0.4,-0.03951387915077812,0.26801804603434287,0.006293499549113513,0.8291634179208107
2022-10-04,360.6836242675781,0.030516130955229315,0.012376078701114766,0.009878886935308822,0.008679553929455491,0.023572982335359684,-0.0013221314244880962,-0.029601899936039403,0,0.2934324239167772,0.06476679741732311,23.360323224748885,0.0,0.0,-1,0.6,-0.008297892289152642,0.2934324239167772,0.0393656206178834,1.0
2022-10-05,359.8439025878906,-0.0023308535165211808,0.012376078701114766,0.009878886935308822,0.008679553929455491,0.014027560154397772,-0.003300987441604434,-0.0306499617946956,0,0.28446711207222236,0.06347108970947858,22.839684622628347,0.0,0.0,-1,0.4,-0.008126240566123065,0.28446711207222236,0.017549469432185383,0.9307118183577318
2022-10-06,356.1318359375,-0.01036934552869706,0.012376078701114766,0.009878886935308822,0.008679553929455491,0.0023752330280938224,-0.012305031204688191,-0.03911781065783122,0,0.28370981980716564,0.06318892534826012,22.503587995256698,0.0,0.0,-1,0.4,-0.015049533022116665,0.28370981980716564,0.02829048049184557,0.9248591045952536
2022-10-07,346.1978759765625,-0.02829048049184557,0.012376078701114766,0.009878886935308822,0.008679553929455491,-0.01720343295085882,-0.03619744928308049,-0.06349973743095841,0,0.2878370065366291,0.06852029160628073,23.72157941545759,0.0,0.0,-1,0.4,-0.03716883632963154,0.2878370065366291,0.015584197497497065,0.9567559609166881
2022-10-10,343.5545654296875,-0.007664557103032266,0.012376078701114766,0.009878886935308822,0.008679553929455491,-0.016608342360983058,-0.03957226413356132,-0.06806815451009117,0,0.28145087116243506,0.07065030326423656,24.272234235491073,0.0,0.0,-1,0.2,-0.03823239462984882,0.28145087116243506,-0.018139105684866763,0.9074008781854593
2022-10-11,341.37884521484375,-0.006353106737233993,0.012376078701114766,0.009878886935308822,0.008679553929455491,-0.015340862431314883,-0.0414869510811808,-0.07127601970581884,0,0.24301555285813117,0.07043966425549293,24.04661124093192,0.0,0.0,-1,0.0,-0.03999526138102606,0.24301555285813117,-0.05500834337733007,0.6103545107727664
2022-10-12,340.2528076171875,-0.0033039505055301177,0.012376078701114766,0.009878886935308822,0.008679553929455491,-0.012469771920188475,-0.04056886569921759,-0.07163297271974181,0,0.24109111991653878,0.06869365265731107,23.37320818219866,0.0,0.0,-1,0.0,-0.03846235028936987,0.24109111991653878,-0.05598144036633901,0.5954815803574787
2022-10-13,349.23248291015625,0.026048947445436177,0.012376078701114766,0.009878886935308822,0.008679553929455491,0.009020677662981548,-0.013816181070593703,-0.04536779564833338,0,0.26324548450058494,0.0635340934552653,22.18816920689174,0.0,0.0,-1,0.2,-0.010075797174353815,0.26324548450058494,-0.01956314739220577,0.766701016344052
2022-10-14,341.27386474609375,-0.023052563197376585,0.012376078701114766,0.009878886935308822,0.008679553929455491,-0.00935944655228555,-0.03294787308712836,-0.06466073491644997,0,0.2723791879847531,0.06569899420310586,22.421349661690847,0.0,0.0,-1,0.2,-0.028967048411066225,0.2723791879847531,-0.014325230097736785,0.8372906084352665
2022-10-17,350.0436096191406,0.025372468257581993,0.012376078701114766,0.009878886935308822,0.008679553929455491,0.010674146888995359,-0.007331917217218539,-0.03909437504387669,0,0.2889477278480788,0.06339337252969603,22.190444946289062,0.0,0.0,-1,0.4,-0.0010674300205393264,0.2889477278480788,0.018711795262877473,0.965340141959806
2022-10-18,354.15643310546875,0.01168097131844803,0.012376078701114766,0.009878886935308822,0.008679553929455491,0.014920533934555376,0.003917267062853351,-0.02674304935521581,0,0.29145801575901453,0.06279035980858787,22.23760986328125,0.0,0.0,-1,0.6,0.012456117588042832,0.29145801575901453,0.0367458733185595,0.9847408374139127
2022-10-19,351.646728515625,-0.007111657481281952,0.012376078701114766,0.009878886935308822,0.008679553929455491,0.005139008703166358,-0.0028933340402205712,-0.03236344607225917,0,0.2862091317622792,0.06277154332550289,22.073407854352677,0.0,0.0,-1,0.6,0.006501912419650854,0.2862091317622792,0.03293816634280766,0.9441749726575316
2022-10-20,348.6980895996094,-0.0084205844400973,0.012376078701114766,0.009878886935308822,0.008679553929455491,-0.0021952827857638518,-0.010193390638545494,-0.03895178649896285,0,0.2862042588857375,0.06266454986595242,21.851008823939733,0.0,0.0,-1,0.4,-0.0007355645924247315,0.2862042588857375,-0.0015313655427258155,0.9441373127567053
2022-10-21,357.17193603515625,0.024010804354299253,0.012376078701114766,0.009878886935308822,0.008679553929455491,0.014594552343697284,0.012523722227796045,-0.014994509005868815,0,0.293181724013387,0.06060440391372063,21.646192278180802,0.0,0.0,-1,0.6,0.0226614230941545,0.293181724013387,0.04553200200895002,0.9980624722547324
2022-10-24,361.54248046875,0.012162266980038972,0.012376078701114766,0.009878886935308822,0.008679553929455491,0.01784577524949569,0.02248742695834439,-0.002826436228759669,0,0.2928849480595189,0.05971594939896542,21.589852469308035,0.0,0.0,-1,0.6,0.03312027599899323,0.2928849480595189,0.032321800731407,0.9957688469402759
2022-10-25,367.3157958984375,0.015842410976769195,0.012376078701114766,0.009878886935308822,0.008679553929455491,0.022477388166512447,0.03498906815507817,0.0125769295990438,0,0.2963832123962997,0.0585773435828221,21.516383579799108,0.0,0.0,-1,0.6,0.04654422190855672,0.2963832123962997,0.036483240389728167,1.0
2022-10-26,364.54840087890625,-0.007562627660733234,0.012376078701114766,0.009878886935308822,0.008679553929455491,0.009801025594581856,0.024538155906840012,0.004753106478684302,0,0.2917988325989387,0.05850738161829991,21.328772408621653,0.0,0.0,-1,0.6,0.03703961316464708,0.2917988325989387,0.036032270210276884,0.9653597137710842
2022-10-27,362.6017761230469,-0.005354133073748102,0.012376078701114766,0.009878886935308822,0.008679553929455491,0.0029349298177287855,0.017220097195011462,-0.0005881097431093109,0,0.2807369987126148,0.057335409589194176,20.789921351841517,0.0,0.0,-1,0.6,0.02910087537661196,0.2807369987126148,0.03909872157662608,0.8817747777543177
2022-10-28,371.2282409667969,0.023511881601470996,0.012376078701114766,0.009878886935308822,0.008679553929455491,0.01770533926248632,0.037328200150933,0.02225877523359182,0,0.281974948372527,0.05356767493871627,19.885833740234375,0.0,0.0,-1,0.6,0.04906052330779797,0.281974948372527,0.038599798823797826,0.8911289177802014
2022-10-31,368.5467529296875,-0.007249501005238024,0.012376078701114766,0.009878886935308822,0.008679553929455491,0.006879032303610477,0.026917341333142632,0.01428305350077201,0,0.2724647862496649,0.05359734067619304,19.753125871930802,0.0,0.0,-1,0.4,0.038737749575236693,0.2724647862496649,0.01918803083852083,0.8192686547607689
2022-11-01,366.93408203125,-0.004385358275193596,0.012376078701114766,0.009878886935308822,0.008679553929455491,0.001647425010125354,0.020244965723349977,0.009455076878044128,0,0.2524760190385451,0.053577642491337944,19.65946306501116,0.0,0.0,-1,0.2,0.033282333493654184,0.2524760190385451,-0.0010397384134419596,0.6682304231650922
2022-11-02,357.7253723144531,-0.025416643352038193,0.012376078701114766,0.009878886935308822,0.008679553929455491,-0.015783774477242957,-0.004851519667107862,-0.015265387390602164,0,0.2690962538583452,0.0593650931770207,21.236400059291295,0.0,0.0,-1,0.2,0.007651278537894479,0.2690962538583452,-0.018893754104746918,0.793815500492473
2022-11-03,354.0420227050781,-0.010349961281270303,0.012376078701114766,0.009878886935308822,0.008679553929455491,-0.017429135345122842,-0.013679901836323886,-0.0244328661112094,0,0.26908663761462703,0.061667707379559546,21.832959856305802,0.0,0.0,-1,0.2,-0.002430471257339332,0.26908663761462703,-0.02388958231226912,0.7937428386604329
2022-11-04,359.1377868652344,0.014290507982113176,0.012376078701114766,0.009878886935308822,0.008679553929455491,-0.002193662972957417,0.00046711223100823,-0.009987988789112752,0,0.2522518577860389,0.059945757819960595,21.52878679547991,0.0,0.0,-1,0.2,0.010086252260396281,0.2522518577860389,-0.03311095593162694,0.6665366259031995
2022-11-07,362.5731506347656,0.009520126514284577,0.012376078701114766,0.009878886935308822,0.008679553929455491,0.004888648226363528,0.00907257412536574,-0.0004976413273947253,0,0.25104125069327526,0.05916418858800261,21.451346261160715,0.0,0.0,-1,0.4,0.017028259590129328,0.25104125069327526,-0.01634132841210434,0.6573890905641273
2022-11-08,364.529296875,0.0053806749417502076,0.012376078701114766,0.009878886935308822,0.008679553929455491,0.0068499253789094435,0.013116022809954277,0.004701993085574454,0,0.24887857547504239,0.05732564411954518,20.896876743861608,0.0,0.0,-1,0.6,0.01920606236718018,0.24887857547504239,-0.006575295195160535,0.6410475805036182
2022-11-09,357.019287109375,-0.020817117896349657,0.012376078701114766,0.009878886935308822,0.008679553929455491,-0.009305181902423122,-0.00702263852000012,-0.015379136185341032,0,0.2624196451755754,0.05952160742709059,21.250361851283483,0.0,0.0,-1,0.6,-0.004125799422627386,0.2624196451755754,-0.0019757697394719997,0.7403558440016786
2022-11-10,376.6390075683594,0.053497383270711296,0.012376078701114766,0.009878886935308822,0.008679553929455491,0.029645746633418162,0.04282359800088421,0.03715469366881973,0,0.3091478344691386,0.058909708125539424,22.187694004603795,0.0,0.0,-1,0.8,0.04660116745598352,0.3091478344691386,0.0618715748125096,1.0
2022-11-11,380.2842712402344,0.00963186614989553,0.012376078701114766,0.009878886935308822,0.008679553929455491,0.026063250203072184,0.04763672756463024,0.045258240572065275,0,0.29286693300708105,0.05853903590783373,22.261474609375,0.0,0.0,-1,0.8,0.05103389713784007,0.29286693300708105,0.05721293298029195,0.8866017338437752
2022-11-14,377.0492858886719,-0.00854314455398164,0.012376078701114766,0.009878886935308822,0.008679553929455491,0.011490127658111403,0.03490792480908744,0.03489058880555938,0,0.28689124631350643,0.060021299155611094,22.630987984793528,0.0,0.0,-1,0.6,0.03821845067673896,0.28689124631350643,0.039149661912025735,0.8449804199550203
2022-11-15,380.26519775390625,0.008492987431769627,0.012376078701114766,0.009878886935308822,0.008679553929455491,0.01332218719764742,0.039405462161711514,0.04193103928373826,1,0.28593893538826576,0.05936590521070914,22.57478768484933,0.0,0.0,-1,0.6,0.04332327836299432,0.28593893538826576,0.042261974402045155,0.8383474698069224
2022-11-16,377.3641662597656,-0.007658218676039219,0.012376078701114766,0.009878886935308822,0.008679553929455491,0.0037207872413760833,0.028393054065740643,0.03260609294999562,1,0.28621584260034216,0.05981615878385989,22.572474888392858,0.0,0.0,-1,0.6,0.031723863294535776,0.28621584260034216,0.05542087362235559,0.8402761589405553
2022-11-17,376.20953369140625,-0.003064420831024428,0.012376078701114766,0.009878886935308822,0.008679553929455491,0.00043302112602600735,0.022787234840157013,0.0282591954825331,1,0.2838717480741146,0.060852657185660415,22.89334978376116,0.0,0.0,-1,0.4,0.024713271884608926,0.2838717480741146,-0.0011409304793801311,0.8221598835017406
2022-11-18,377.917724609375,0.0045302535364495355,0.012376078701114766,0.009878886935308822,0.008679553929455491,0.0033115197714568977,0.024754063429226193,0.03159594256955163,1,0.2737139629905105,0.0598327413370767,22.611853463309153,0.0,0.0,-1,0.4,0.026465886766547143,0.2737139629905105,-0.006242543092826125,0.6818249719263587
2022-11-21,376.5435485839844,-0.003642804723914317,0.012376078701114766,0.009878886935308822,0.008679553929455491,-0.00022449137084479,0.0189871958860539,0.026723739264904595,1,0.27230738225028195,0.060013260614604866,22.597606113978795,0.0,0.0,-1,0.4,0.020654169991580904,0.27230738225028195,-0.001342203262758801,0.669194715964066
2022-11-22,381.6106872558594,0.01336723817683172,0.012376078701114766,0.009878886935308822,0.008679553929455491,0.00878092221083686,0.029493579015444853,0.03888869604654051,1,0.27077997976683116,0.05658502213104523,21.593449183872767,0.0,0.0,-1,0.4,0.03238896462852836,0.27077997976683116,0.003532047482303291,0.6554795528229223
2022-11-23,384.01544189453125,0.006281819428538782,0.012376078701114766,0.009878886935308822,0.008679553929455491,0.010041230747611955,0.032443087646128674,0.04357592715336371,1,0.2688093389088822,0.053089311663830956,20.387115478515625,0.0,0.0,-1,0.6,0.03616616924839646,0.2688093389088822,0.017472085586881292,0.63778437348924
2022-11-25,383.9295349121094,-0.00022373213022941485,0.012376078701114766,0.009878886935308822,0.008679553929455491,0.006522179233233733,0.029055165521222812,0.04157210671980304,1,0.2674087937354596,0.05366723223484473,20.604435511997767,0.0,0.0,-1,0.6,0.03296215559959635,0.2674087937354596,0.020312774287676305,0.6221705781339539
2022-11-28,377.8031311035156,-0.016085790155190516,0.012376078701114766,0.009878886935308822,0.008679553929455491,-0.006379618811147623,0.01141740760281687,0.023949701474563073,1,0.2637597403515984,0.056185112098632146,21.226911272321427,0.0,0.0,-1,0.4,0.015580802380993493,0.2637597403515984,-0.00030326940396374624,0.5871905986987435
2022-11-29,377.15435791015625,-0.001718701681887147,0.012376078701114766,0.009878886935308822,0.008679553929455491,-0.005405161262630996,0.008750548528533691,0.021302561367395067,1,0.26222558947559393,0.05772393803727373,21.77083478655134,0.0,0.0,-1,0.4,0.012665253958067285,0.26222558947559393,0.0016208336380634236,0.5732373381148308
2022-11-30,389.0348815917969,0.031014468421202146,0.012376078701114766,0.009878886935308822,0.008679553929455491,0.01713525734454552,0.03652596570023463,0.051269495182979206,1,0.28169129793036346,0.05379918466076904,20.929759434291295,0.0,0.0,-1,0.4,0.04147453649956466,0.28169129793036346,0.01926806388243385,0.7502799659085553
2022-12-01,388.74853515625,-0.0007363141006031526,0.012376078701114766,0.009878886935308822,0.008679553929455491,0.010865054206397303,0.03224720023510568,0.048419609718853826,1,0.2616689864561221,0.052058507977205085,20.23766871861049,0.0,0.0,-1,0.2,0.03640423288933557,0.2616689864561221,0.012249930353291916,0.5681749761959625
2022-12-02,388.300048828125,-0.001154332913455569,0.012376078701114766,0.009878886935308822,0.008679553929455491,0.006445065171044614,0.028015721608097705,0.045274886069212275,1,0.25689910730843235,0.052988539646415214,20.575452532087052,0.0,0.0,-1,0.2,0.030502676456302877,0.25689910730843235,0.011319329570065761,0.5085228861126382
2022-12-05,381.31494140625,-0.018152710955535944,0.012376078701114766,0.009878886935308822,0.008679553929455491,-0.007803541074239094,0.008608064653250544,0.025407022936886358,1,0.266337014217809,0.05475426280381746,20.878618512834823,0.0,0.0,-1,0.2,0.008995772012809468,0.266337014217809,0.009252408769720333,0.5973004602474281
2022-12-06,375.81829833984375,-0.01451987403918853,0.012376078701114766,0.009878886935308822,0.008679553929455491,-0.014846749047935903,-0.005369166027601804,0.010204861591559877,1,0.2721338184179525,0.057303063726881605,21.535539899553573,0.0,0.0,-1,0.2,-0.007288494772642874,0.2721338184179525,-0.0035487635875810497,0.5798298582301856
2022-12-07,375.17889404296875,-0.0017028144921420463,0.012376078701114766,0.009878886935308822,0.008679553929455491,-0.011076240254606786,-0.006393182178331915,0.008150631857168775,1,0.2720571518398817,0.05737507174587077,21.525915963309153,0.0,0.0,-1,0.0,-0.010369402844701515,0.2720571518398817,-0.03626604650092524,0.578959566097269
2022-12-08,378.1180725097656,0.007803544982817101,0.012376078701114766,0.009878886935308822,0.008679553929455491,-0.002221758916672694,0.0012581808762159483,0.015409503281783048,1,0.2596898483443987,0.056271813153711096,21.277389526367188,0.0,0.0,-1,0.2,-0.0053842558780507,0.2596898483443987,-0.02772618741750499,0.43857026989602876
2022-12-09,375.2934265136719,-0.007498317278996858,0.012376078701114766,0.009878886935308822,0.008679553929455491,-0.006471161637253177,-0.005632307231481263,0.007514981175470362,1,0.18000971723211276,0.057653502034880934,21.636980329241073,0.0,0.0,-1,0.2,-0.012639572599059061,0.18000971723211276,-0.03407017178304628,0.0
2022-12-12,380.7041931152344,0.014314486849237973,0.012376078701114766,0.009878886935308822,0.008679553929455491,0.005221645235033783,0.007868451908812005,0.021158126286279666,1,0.18411519603547327,0.05624311439610839,21.41198948451451,0.0,0.0,-1,0.4,0.0015403032117853456,0.18411519603547327,-0.0016029739782723595,0.031791378805880635
2022-12-13,383.58599853515625,0.007541164621867047,0.012376078701114766,0.009878886935308822,0.008679553929455491,0.008517466036454084,0.014001049252450982,0.02772368900005597,1,0.1830014989113109,0.055775762489236075,21.394801548549108,0.0,0.0,-1,0.6,0.008254710808878343,0.1830014989113109,0.020458064682783217,0.023167301360812714
2022-12-14,381.1335754394531,-0.006413936785688357,0.012376078701114766,0.009878886935308822,0.008679553929455491,0.001378781473474038,0.006797244727062402,0.02030665312715152,1,0.1824032798485975,0.058319322415330936,22.227451869419642,0.0,0.0,-1,0.6,0.0016942038794914877,0.1824032798485975,0.015746942389236906,0.018534904083288502
2022-12-15,371.8103942871094,-0.02476587382928308,0.012376078701114766,0.009878886935308822,0.008679553929455491,-0.015530780969544484,-0.01616001958117502,-0.004470190123681959,0,0.20121058991229396,0.06260362023364677,23.276676722935267,0.0,0.0,-1,0.4,-0.022095260086204358,0.20121058991229396,-0.016822476422863275,0.16417207509126194
2022-12-16,367.4207458496094,-0.011876393715635203,0.012376078701114766,0.009878886935308822,0.008679553929455491,-0.018267724641062147,-0.025196757795224293,-0.015597267257190779,0,0.2049563914895214,0.06388080372702731,23.47113255092076,0.0,0.0,-1,0.4,-0.03252235959147263,0.2049563914895214,-0.02120055285950162,0.19317824040767462
2022-12-19,364.3050842285156,-0.00851597776779034,0.012376078701114766,0.009878886935308822,0.008679553929455491,-0.017886978762429617,-0.03037276555447234,-0.023027435106353047,0,0.20536525472346936,0.06415641578859739,23.372508457728795,0.0,0.0,-1,0.2,-0.03900408596467196,0.20536525472346936,-0.04403101747652993,0.19634433298123682
2022-12-20,364.80364990234375,0.0013676032893181755,0.012376078701114766,0.009878886935308822,0.008679553929455491,-0.011089764962978232,-0.026352424798617467,-0.020857547361395567,0,0.2055500641049894,0.06459557526774358,23.564701625279017,0.0,0.0,-1,0.2,-0.03619654665049029,0.2055500641049894,-0.050204578809078804,0.1977754316024196
2022-12-21,370.25836181640625,0.014841773772141131,0.012376078701114766,0.009878886935308822,0.008679553929455491,0.0024615503735331687,-0.01068275988366886,-0.005974613492630477,0,0.20703385299632224,0.06344232485184338,23.49005126953125,0.0,0.0,-1,0.4,-0.020316150889249374,0.20703385299632224,-0.028948868251249316,0.2092653690668896
2022-12-22,364.9761657714844,-0.014368984942830565,0.012376078701114766,0.009878886935308822,0.008679553929455491,-0.007924481765372835,-0.0224881272971179,-0.019380524102391265,0,0.20968567428530166,0.06450413467305058,23.542471749441965,0.0,0.0,-1,0.4,-0.031853949279581587,0.20968567428530166,-0.0185519793647968,0.22980013715640846
2022-12-23,367.07562255859375,0.005735830651700802,0.012376078701114766,0.009878886935308822,0.008679553929455491,-0.001479596348424916,-0.015283515440293752,-0.01320799995794759,0,0.21161795083597618,0.06269317928799996,23.013137817382812,0.0,0.0,-1,0.6,-0.024103392709103534,0.21161795083597618,-0.0009397549974607955,0.24476300475906934
2022-12-27,365.6280517578125,-0.003951318206579124,0.012376078701114766,0.009878886935308822,0.008679553929455491,-0.0036180557100393296,-0.017373073158022986,-0.016439893860317585,0,0.20538304231764398,0.06065965113503381,22.178870064871653,0.0,0.0,-1,0.6,-0.026376134370896434,0.20538304231764398,0.0036249045637504196,0.19648207383231311
2022-12-28,361.0841064453125,-0.012505651599489909,0.012376078701114766,0.009878886935308822,0.008679553929455491,-0.01072444830286267,-0.02684296456675296,-0.027570300373293756,0,0.20897714672645537,0.06087995382192757,21.982783726283483,0.0,0.0,-1,0.4,-0.03641437466148594,0.20897714672645537,-0.010248350325057665,0.22431354981871462
2022-12-29,367.58367919921875,0.01784007819495148,0.012376078701114766,0.009878886935308822,0.008679553929455491,0.004710660529550415,-0.00844529185630306,-0.009675465750371513,0,0.1850917086872171,0.05978497933812114,21.975982666015625,0.0,0.0,-1,0.4,-0.016253975132061223,0.1850917086872171,-0.007250045902247315,0.039353148116420475
2022-12-30,366.6154479980469,-0.002637518151668239,0.012376078701114766,0.009878886935308822,0.008679553929455491,0.001375193431372306,-0.010014579317973567,-0.011807984935980233,0,0.18492862963544301,0.059098857291816936,21.666554042271205,0.0,0.0,-1,0.4,-0.015930701792229027,0.18492862963544301,0.004481420888915011,0.03809032149897202
2023-01-03,365.0720520019531,-0.004218736236900611,0.012376078701114766,0.009878886935308822,0.008679553929455491,-0.0018954251484667305,-0.012848931950689825,-0.015351537130791487,0,0.18485805865253382,0.05922962180690354,21.623079572405135,0.0,0.0,-1,0.2,-0.01700908060325046,0.18485805865253382,-0.005473145999686402,0.03754384471567138
2023-01-04,367.8905334472656,0.007690693613152888,0.012376078701114766,0.009878886935308822,0.008679553929455491,0.0038660353954420566,-0.004732258782691272,-0.007448066524411787,0,0.17960477630801902,0.05880956649059418,21.635482788085938,0.0,0.0,-1,0.4,-0.007626512958960523,0.17960477630801902,0.00616886582004561,0.0
2023-01-05,363.6916198730469,-0.011479120048755398,0.012376078701114766,0.009878886935308822,0.008679553929455491,-0.005073890191504583,-0.014581534362519499,-0.01805350279928944,0,0.17705295299883025,0.05808074617691282,21.123480660574778,0.0,0.0,-1,0.4,-0.017345757084550655,0.17705295299883025,0.007195397370780121,0.0
2023-01-06,372.03179931640625,0.02267302224245693,0.012376078701114766,0.009878886935308822,0.008679553929455491,0.011758305079813049,0.007247120684173176,0.004288673556499608,0,0.19696141972968362,0.05332829609762249,19.83982195172991,0.0,0.0,-1,0.4,0.005616021352531688,0.19696141972968362,0.01202834141828557,0.1507133850249019
2023-01-09,371.8209533691406,-0.0005669023933849715,0.012376078701114766,0.009878886935308822,0.008679553929455491,0.00742890243980391,0.006036598020756502,0.003573117272574137,0,0.1945518375560082,0.05136060733790455,19.096949986049108,0.0,0.0,-1,0.4,0.005902187502205486,0.1945518375560082,0.014098957176568838,0.13247208644576625
2023-01-10,374.428466796875,0.006988344564629934,0.012376078701114766,0.009878886935308822,0.008679553929455491,0.009616088727696847,0.011830167884570027,0.010190636976590922,0,0.19477150430979914,0.050429991747891256,18.88242449079241,0.0,0.0,-1,0.6,0.013074928796367442,0.19477150430979914,0.025306037978099383,0.1341350331954503
2023-01-11,379.1641540527344,0.01256846063652084,0.012376078701114766,0.009878886935308822,0.008679553929455491,0.014813124692030019,0.022229946168043527,0.022046766006050208,0,0.19314767204215902,0.04941115133133926,18.734937395368302,0.0,0.0,-1,0.6,0.026101852182398088,0.19314767204215902,0.030183805001467334,0.1218421097334226
2023-01-12,380.54461669921875,0.0036341930460261906,0.012376078701114766,0.009878886935308822,0.008679553929455491,0.01226292060222118,0.023422206599494767,0.024732343111071378,1,0.1915614852648125,0.04870053320839525,18.532725742885045,0.0,0.0,-1,0.8,0.030261674836874367,0.1915614852648125,0.04529711809624892,0.10983417453039927
2023-01-13,382.0209045410156,0.0038719025316575895,0.012376078701114766,0.009878886935308822,0.008679553929455491,0.010735333008568512,0.024719183816552547,0.027550889340465266,1,0.19075494344755348,0.04739707120534685,18.106672014508927,0.0,0.0,-1,0.8,0.0341342653724279,0.19075494344755348,0.026495998385449582,0.10372839807425155
2023-01-17,381.3211364746094,-0.0018334330479019556,0.012376078701114766,0.009878886935308822,0.008679553929455491,0.005905123255456514,0.02062184642684031,0.02463725485998461,1,0.16696590120891838,0.047230139941128915,18.009850638253347,0.0,0.0,-1,0.8,0.03091290927078348,0.16696590120891838,0.025229467730932598,0.0
2023-01-18,375.30084228515625,-0.015913947553918284,0.012376078701114766,0.009878886935308822,0.008679553929455491,-0.006672920906063547,0.004077168693727644,0.008125820269454553,1,0.17172725983192605,0.049414668101302864,18.545366559709823,0.0,0.0,-1,0.6,0.013557222011110062,0.17172725983192605,0.00232717561238438,0.033487789298050026
2023-01-19,372.5686950683594,-0.00730651332883081,0.012376078701114766,0.009878886935308822,0.008679553929455491,-0.009312647363168959,-0.002925451417316239,0.0007559021517757515,1,0.17088425296946816,0.05082869815922471,18.937181745256698,0.0,0.0,-1,0.4,0.0050571411522853695,0.17088425296946816,-0.01754779835296727,0.027558717698530938
2023-01-20,379.50927734375,0.01845760565750343,0.012376078701114766,0.009878886935308822,0.008679553929455491,0.006076725418406288,0.01413759426462372,0.01862407137061977,1,0.18163991640645755,0.04948796282413032,18.781141008649552,0.0,0.0,-1,0.4,0.02175367552695934,0.18163991640645755,-0.002724385741490032,0.10320590570872952
2023-01-23,384.0628662109375,0.011927210513518638,0.012376078701114766,0.009878886935308822,0.008679553929455491,0.012026089849012751,0.023741051374403885,0.029600698080574132,1,0.1791798107675338,0.04861781064850145,18.672295706612722,0.0,0.0,-1,0.4,0.03209537543636966,0.1791798107675338,0.005330922240371017,0.08590338644686753
2023-01-24,383.6506042480469,-0.0010739996584163691,0.012376078701114766,0.009878886935308822,0.008679553929455491,0.007266673211301806,0.020441669075546988,0.02734747026212481,1,0.16917328135914073,0.04894773526800651,18.77882821219308,0.0,0.0,-1,0.4,0.028407022732911055,0.16917328135914073,0.006090355629856603,0.015525039641867956
2023-01-25,383.7944641113281,0.00037490595977995866,0.012376078701114766,0.009878886935308822,0.008679553929455491,0.00508329665056026,0.01880374992948194,0.02661619762184245,1,0.16888118374186056,0.04870904500047792,18.694261823381698,0.0,0.0,-1,0.6,0.026492474749200193,0.16888118374186056,0.022379209143554846,0.01347064629819631
2023-01-26,388.0124816894531,0.0109303488281558,0.012376078701114766,0.009878886935308822,0.008679553929455491,0.010695473872991907,0.02706616775073371,0.03635874723766767,1,0.16991876920802476,0.047083686967868396,18.269058227539062,0.0,0.0,-1,0.8,0.034676677682710925,0.16991876920802476,0.040616071300541456,0.020768236381355592
2023-01-27,388.90399169921875,0.0022949967766141555,0.012376078701114766,0.009878886935308822,0.008679553929455491,0.00864095854546334,0.02654910986925546,0.03716424568795502,1,0.15986331266771273,0.047030420028334345,18.290318080357142,0.0,0.0,-1,0.8,0.033221523211244705,0.15986331266771273,0.024453462419652183,0.0
2023-01-30,384.0245361328125,-0.012626058459501266,0.012376078701114766,0.009878886935308822,0.008679553929455491,-0.002679679556219957,0.012351402597047614,0.023182208602809267,1,0.1607264881163411,0.04887538784238284,18.76934814453125,0.0,0.0,-1,0.6,0.018034667872237342,0.1607264881163411,-9.98065533677206e-05,0.00578208268487841
2023-01-31,389.67095947265625,0.014596242628337919,0.012376078701114766,0.009878886935308822,0.008679553929455491,0.007957683359767213,0.024578608497786217,0.03667230421048195,1,0.1654368841819671,0.04770412706396175,18.588912963867188,0.0,0.0,-1,0.8,0.0298559212164962,0.1654368841819671,0.015570435733386567,0.037335227034911024
2023-02-01,393.8122863769531,0.010571675899452515,0.012376078701114766,0.009878886935308822,0.008679553929455491,0.01236969201842608,0.031981683086677745,0.04573408226557715,1,0.1651487898455945,0.04643455137420575,18.28649684361049,0.0,0.0,-1,0.8,0.03686311705544638,0.1651487898455945,0.025767205673059124,0.0354053930983707
2023-02-02,399.5450744628906,0.014452220779491931,0.012376078701114766,0.009878886935308822,0.008679553929455491,0.017909455704186283,0.042338262728636666,0.05842686135192415,1,0.1689673862250051,0.046485598162754854,18.573091779436385,0.0,0.0,-1,0.8,0.04759143718454533,0.1689673862250051,0.029289077624395254,0.06098471192748538
2023-02-03,395.2982177734375,-0.010686124282305087,0.012376078701114766,0.009878886935308822,0.008679553929455491,0.00471543040180786,0.02819801374282362,0.045242833525530844,1,0.16801672855059854,0.048167247449044444,19.04042707170759,0.0,0.0,-1,0.6,0.03217944608609839,0.16801672855059854,0.01630795656547601,0.05461661922145729
2023-02-06,392.88238525390625,-0.006130168835964511,0.012376078701114766,0.009878886935308822,0.008679553929455491,-0.0009503215072941974,0.019785898629185478,0.03727439987877358,1,0.15666291662404674,0.04961039879016807,19.491051810128347,0.0,0.0,-1,0.6,0.023086329805468788,0.15666291662404674,0.022803846189012766,0.0
2023-02-07,398.020751953125,0.012993851596148964,0.012376078701114766,0.009878886935308822,0.008679553929455491,0.008044768896929656,0.02987446681806044,0.04874959592540347,1,0.16023615346696016,0.04713199669355216,18.759512765066965,0.0,0.0,-1,0.6,0.032943244920736,0.16023615346696016,0.021201455156823812,0.02343337881155849
2023-02-08,393.6684875488281,-0.01099499155076078,0.012376078701114766,0.009878886935308822,0.008679553929455491,-0.0019872835778709332,0.016810559927715244,0.03576743988789436,1,0.1674541824810968,0.04679488117252326,18.42167009626116,0.0,0.0,-1,0.4,0.019103971376716124,0.1674541824810968,-0.000365212293389483,0.07922869048665024
2023-02-09,390.2556457519531,-0.00870712665586737,0.012376078701114766,0.009878886935308822,0.008679553929455491,-0.00711816735452713,0.0072285142571395615,0.025710510574825263,1,0.16752639519548645,0.048753101691039996,19.026173182896205,0.0,0.0,-1,0.2,0.008820712458285175,0.16752639519548645,-0.023524559728748784,0.08341870465009098
2023-02-10,391.16644287109375,0.0023311281952489438,0.012376078701114766,0.009878886935308822,0.008679553929455491,-0.0032057519889738704,0.008659024398488495,0.02697250325708777,1,0.16736397724898605,0.049953026047673856,19.539947509765625,0.0,0.0,-1,0.4,0.009788822657438743,0.16736397724898605,-0.010507307251194753,0.08259991462406108
2023-02-13,395.75830078125,0.01167051885212711,0.012376078701114766,0.009878886935308822,0.008679553929455491,0.005647674133823845,0.01851107811282433,0.03744020239883155,1,0.17115266895171038,0.04902585064719983,19.402387346540177,0.0,0.0,-1,0.6,0.019834307028874575,0.17115266895171038,0.007293380436896868,0.11184426919323198
2023-02-14,395.5762634277344,-0.00046007684981663743,0.012376078701114766,0.009878886935308822,0.008679553929455491,0.0034507726844725246,0.01629624784797567,0.03546207682011017,1,0.17083869061319523,0.04905531065427872,19.405116489955358,0.0,0.0,-1,0.4,0.01749636666131223,0.17083869061319523,-0.006160548009068734,0.11143702703308599
2023-02-15,396.86077880859375,0.0032419395798832795,0.012376078701114766,0.009878886935308822,0.008679553929455491,0.004462805004535928,0.01769701656186323,0.03724519618152608,1,0.15744998115289416,0.04924816383729899,19.544664655412948,0.0,0.0,-1,0.6,0.017977722320697706,0.15744998115289416,0.008076383121575326,0.0062950869284560595
2023-02-16,391.39654541015625,-0.013864307397395415,0.012376078701114766,0.009878886935308822,0.008679553929455491,-0.006264415027631886,0.00333261771743874,0.022043350233936842,1,0.16458792858743748,0.05114884469138231,20.019481113978795,0.0,0.0,-1,0.6,0.0015430843037831207,0.16458792858743748,0.002919202380047281,0.06338570395448564
2023-02-17,390.418701171875,-0.00250147270073775,0.012376078701114766,0.009878886935308822,0.008679553929455491,-0.005848459690331576,0.0007472248462799923,0.01871131936490791,1,0.15405447972115746,0.05097614610738961,19.90204075404576,0.0,0.0,-1,0.4,-0.0023516391445700456,0.15405447972115746,-0.001913398515939413,0.0
2023-02-21,382.5865478515625,-0.0202648594188668,0.012376078701114766,0.009878886935308822,0.008679553929455491,-0.017343805012569963,-0.017520097842999974,-0.0016574207102965078,0,0.1667798111921753,0.05354653573526108,20.48618425641741,0.0,0.0,-1,0.2,-0.022180930171162964,0.1667798111921753,-0.03384877678693332,0.09969953536572888
2023-02-22,382.05926513671875,-0.001379155654718467,0.012376078701114766,0.009878886935308822,0.008679553929455491,-0.012543584929622808,-0.017107369045549027,-0.002914733653514687,0,0.1668047170505683,0.055374656077081356,21.156400408063615,0.0,0.0,-1,0.2,-0.023329951559030702,0.1668047170505683,-0.03476785559183515,0.09989466603995303
2023-02-23,384.09161376953125,0.005305360747545507,0.012376078701114766,0.009878886935308822,0.008679553929455491,-0.00487240861590905,-0.01075975974198072,0.002295310649331688,0,0.16794738900902542,0.05470426246797414,21.011448451450892,0.0,0.0,-1,0.2,-0.018171885655154933,0.16794738900902542,-0.03270443442417292,0.10884719223489632
2023-02-24,379.9885559082031,-0.010739965421538322,0.012376078701114766,0.009878886935308822,0.008679553929455491,-0.010388924021933138,-0.019335417114323388,-0.008084502894449421,0,0.16692042973435908,0.05514450938661608,20.95428248814174,0.0,0.0,-1,0.2,-0.02766308068305948,0.16692042973435908,-0.02958009244831583,0.10080124366711646
2023-02-27,381.2828369140625,0.003400317587436419,0.012376078701114766,0.009878886935308822,0.008679553929455491,-0.004689774308466797,-0.014493900072948443,-0.004522222452143359,0,0.16725952109289532,0.05358485229069379,20.430984497070312,0.0,0.0,-1,0.4,-0.023398941684998856,0.16725952109289532,-0.023678302160141662,0.10345793288339297
2023-02-28,379.8736267089844,-0.0037028177058102685,0.012376078701114766,0.009878886935308822,0.008679553929455491,-0.005594547004241129,-0.016437426759112694,-0.007882387731612907,0,0.16194024676920243,0.055048860263679174,20.911610194614955,0.0,0.0,-1,0.4,-0.026490915299344227,0.16194024676920243,-0.007116260447085132,0.06678363154026551
2023-03-01,378.4164123535156,-0.0038434268531029048,0.012376078701114766,0.009878886935308822,0.008679553929455491,-0.006292493230193327,-0.018320884256819252,-0.011234989698888906,0,0.15199857297787805,0.05489127414945024,20.771759033203125,0.0,0.0,-1,0.4,-0.02882480206185847,0.15199857297787805,-0.00958053164546957,0.0
2023-03-02,381.3594970703125,0.007747282851942039,0.012376078701114766,0.009878886935308822,0.008679553929455491,0.0009568342913452558,-0.009678136984330649,-0.00340645172768574,0,0.14933939248910041,0.05279247777138128,20.13291277204241,0.0,0.0,-1,0.4,-0.01970514648893864,0.14933939248910041,-0.007138609541073038,0.0
2023-03-03,387.4756164550781,0.015910429419899508,0.012376078701114766,0.009878886935308822,0.008679553929455491,0.011275968430891204,0.005610119649423962,0.012077434723643225,0,0.15149328659502723,0.05090232121110466,19.72340829031808,0.0,0.0,-1,0.6,-0.0024360325060979425,0.15149328659502723,0.019511785300364792,0.017540650478506194
2023-03-06,387.74407958984375,0.0006926117766790085,0.012376078701114766,0.009878886935308822,0.008679553929455491,0.007952673046830982,0.005702779752004935,0.012271381105058841,0,0.1477128063875403,0.05079935743945698,19.697150094168528,0.0,0.0,-1,0.6,-0.0007732062754147703,0.1477128063875403,0.016804079489607382,0.0
2023-03-07,381.8004150390625,-0.015447534963056953,0.012376078701114766,0.009878886935308822,0.008679553929455491,-0.005011235491970505,-0.008796516119491003,-0.0031186787763077136,0,0.15553000649304943,0.053134710011017786,20.286854335239955,0.0,0.0,-1,0.6,-0.014683227708318118,0.15553000649304943,0.005059362232360698,0.06981073949534115
2023-03-08,382.423583984375,0.00163085452492151,0.012376078701114766,0.009878886935308822,0.008679553929455491,-0.0022607056193429463,-0.006499447517148191,-0.0014331742892151342,0,0.14652189498065768,0.05380592792463054,20.576655796595983,0.0,0.0,-1,0.8,-0.01108472773013393,0.14652189498065768,0.010533643610385113,0.0
2023-03-09,375.367919921875,-0.018622188096134806,0.012376078701114766,0.009878886935308822,0.008679553929455491,-0.013874833931252871,-0.02251794357737691,-0.01909277609683708,0,0.1549896421153839,0.05513672341918435,20.696557181222097,0.0,0.0,-1,0.6,-0.027027848843683214,0.1549896421153839,-0.015835827337691732,0.1300808017239403
2023-03-10,369.95159912109375,-0.014534480883345857,0.012376078701114766,0.009878886935308822,0.008679553929455491,-0.018913174639380935,-0.0332505152563597,-0.03198455581449001,0,0.1594605830509624,0.057688803195789555,21.342064993722097,0.0,0.0,-1,0.4,-0.03853717367533129,0.1594605830509624,-0.0462807376409371,0.19876301106570946
2023-03-13,369.42431640625,-0.00142629153359497,0.012376078701114766,0.009878886935308822,0.008679553929455491,-0.013633299576591132,-0.03143412417678251,-0.03209783904082155,0,0.1584517378427985,0.057541485502199105,21.25722394670759,0.0,0.0,-1,0.2,-0.037187318866745624,0.1584517378427985,-0.048399640951211076,0.18326521792128103
2023-03-14,375.5309143066406,0.01639490383357156,0.012376078701114766,0.009878886935308822,0.008679553929455491,0.001779335059445696,-0.013975299108590085,-0.015476841429153074,0,0.16495173643449929,0.05575460100947357,20.937576293945312,0.0,0.0,-1,0.4,-0.018685358481923254,0.16495173643449929,-0.016557202154582562,0.28311763610998936
2023-03-15,373.1822204589844,-0.006273969142059244,0.012376078701114766,0.009878886935308822,0.008679553929455491,-0.002995227238956995,-0.01825894129072493,-0.020803616208145716,0,0.16523129732521494,0.056723623493544685,21.168247767857142,0.0,0.0,-1,0.2,-0.021961142094023667,0.16523129732521494,-0.024462025821563316,0.2874122264202994
2023-03-16,379.729736328125,0.01739295244099104,0.012376078701114766,0.009878886935308822,0.008679553929455491,0.009618394266384018,-0.0009358018813567761,-0.0034819226195498777,0,0.17926312163251962,0.05403312880102447,20.51798575265067,0.0,0.0,-1,0.4,-0.0025622551693134142,0.17926312163251962,0.011553114715562529,0.5029679021511241
2023-03-17,375.2897644042969,-0.011761346828527586,0.012376078701114766,0.009878886935308822,0.008679553929455491,-0.0014587437926768944,-0.011429397914509365,-0.014548820365820808,0,0.17759690586879426,0.05551340798601977,20.833613804408483,0.0,0.0,-1,0.4,-0.012135031391734876,0.17759690586879426,0.0143262487703808,0.4773716391850748
2023-03-20,378.89837646484375,0.009569600485191287,0.012376078701114766,0.009878886935308822,0.008679553929455491,0.005413815607827712,-0.0017408656827976995,-0.004875201238421932,0,0.18234152055585442,0.05386967034025541,20.41113063267299,0.0,0.0,-1,0.6,-0.0011216496155795795,0.18234152055585442,0.025322140789167058,0.550258001111602
2023-03-21,383.8734436035156,0.013044891166202888,0.012376078701114766,0.009878886935308822,0.008679553929455491,0.012333634000036307,0.010272966704857618,0.007867384564386945,0,0.17506041001705425,0.05239335612709177,20.112418038504465,0.0,0.0,-1,0.6,0.011822334031581816,0.17506041001705425,0.021972128121798384,0.4384062085086359
2023-03-22,377.32977294921875,-0.017193389913518153,0.012376078701114766,0.009878886935308822,0.008679553929455491,-0.003287419660735343,-0.0062909715911323985,-0.008951200761725175,0,0.18559704037511532,0.05457968799064601,20.59454127720424,0.0,0.0,-1,0.6,-0.00480531161053759,0.18559704037511532,0.011052707350339475,0.6002690160108235
2023-03-23,378.3498840332031,0.00269985223025504,0.012376078701114766,0.009878886935308822,0.008679553929455491,-0.0003952828332861709,-0.003262315294105422,-0.006027425835943581,0,0.18472161722288272,0.0556539245083673,21.056655883789062,0.0,0.0,-1,0.6,-0.0013586503701081768,0.18472161722288272,-0.003640392860396524,0.6116334683543295
2023-03-24,380.83258056640625,0.006540470833580336,0.012376078701114766,0.009878886935308822,0.008679553929455491,0.00410092710650321,0.0029650503948399055,0.00047551096352496604,0,0.182501388406749,0.055619618110807595,21.1817626953125,0.0,0.0,-1,0.8,0.005082385908062276,0.182501388406749,0.014661424801711398,0.5760843551241024
2023-03-27,381.5447082519531,0.0018681770905439876,0.012376078701114766,0.009878886935308822,0.008679553929455491,0.0039777521420043946,0.004377498280422114,0.0022541032664759103,0,0.18221593649524281,0.053471078296138515,20.401606968470983,0.0,0.0,-1,0.8,0.006927017263988977,0.18221593649524281,0.006960001407064098,0.7076601473187838
2023-03-28,380.6882019042969,-0.002247362182171919,0.012376078701114766,0.009878886935308822,0.008679553929455491,0.0011486625582865857,0.001920269970991077,4.039533986600012e-06,0,0.18189297800209672,0.052838119082617,20.11484854561942,0.0,0.0,-1,0.6,0.004558652023100939,0.18189297800209672,-0.008332251941310709,0.7012572619872298
2023-03-29,386.2215270996094,0.014430436871989194,0.012376078701114766,0.009878886935308822,0.008679553929455491,0.010412451192487812,0.014890032286732371,0.013961033448132137,0,0.1880894802452588,0.050906683556035504,19.66125706263951,0.0,0.0,-1,0.8,0.018111513795270304,0.1880894802452588,0.02329157484419664,0.824107393387045
2023-03-30,388.4829406738281,0.005838148846291524,0.012376078701114766,0.009878886935308822,0.008679553929455491,0.010826832492635814,0.018811076863837463,0.01910278248936943,1,0.18730438384513678,0.04767035389128289,18.519119262695312,0.0,0.0,-1,0.8,0.023112185829862287,0.18730438384513678,0.026429871460233123,0.8085422903447692
2023-03-31,393.9584655761719,0.013996228327621374,0.012376078701114766,0.009878886935308822,0.008679553929455491,0.01657748952895532,0.02991720570899824,0.03211210064373157,1,0.18538664240122546,0.045617395799835425,17.971359252929688,0.0,0.0,-1,0.8,0.03664762844769405,0.18538664240122546,0.03388562895427416,0.7705216814382915
2023-04-03,395.4596252441406,0.003803210225023612,0.012376078701114766,0.009878886935308822,0.008679553929455491,0.013541757916145076,0.030520273289302027,0.03458250455145959,1,0.18568472458963228,0.04487633397386595,17.746778215680802,0.0,0.0,-1,0.8,0.03954246375542363,0.18568472458963228,0.035820662088753785,0.7764313760654713
2023-04-04,393.2656555175781,-0.005563344903046996,0.012376078701114766,0.009878886935308822,0.008679553929455491,0.0052652562592547456,0.022387971593419105,0.027680349181246608,1,0.17720410597364133,0.04473374593610494,17.59224591936384,0.0,0.0,-1,0.8,0.03221970455994044,0.17720410597364133,0.03250467936787871,0.6359058947748293
2023-04-05,392.23590087890625,-0.0026219049986462295,0.012376078701114766,0.009878886935308822,0.008679553929455491,0.0017537931095588826,0.01780023693143461,0.02398591615595077,1,0.17779788827858467,0.04604877661754133,18.061983380998885,0.0,0.0,-1,0.6,0.028192823867298777,0.17779788827858467,0.015452337497243285,0.6482123634322804
2023-04-06,393.7659912109375,0.0038933551692732493,0.012376078701114766,0.009878886935308822,0.008679553929455491,0.003767276210191321,0.01965647094332886,0.026853690516318543,1,0.16161965002866124,0.04473678657189574,17.61582510811942,0.0,0.0,-1,0.6,0.029720676625599223,0.16161965002866124,0.01350754382022501,0.32380704407540484
2023-04-10,394.1701354980469,0.001025830162750374,0.012376078701114766,0.009878886935308822,0.008679553929455491,0.0031932263563575224,0.01869442744756375,0.026783879756791463,1,0.14894602934524692,0.044656171713102516,17.602129255022323,0.0,0.0,-1,0.6,0.027523736129755387,0.14894602934524692,0.0005371456553540099,0.053822300542597644
2023-04-11,394.2760009765625,0.00026854207092696925,0.012376078701114766,0.009878886935308822,0.008679553929455491,0.002305780033409819,0.017130601712518994,0.025970929266607986,1,0.1483726744483976,0.044414536358120885,17.511585780552455,0.0,0.0,-1,0.6,0.024481235802081013,0.1483726744483976,-0.002997522498742633,0.04184155358690817
2023-04-12,392.6689453125,-0.004084295618493883,0.012376078701114766,0.009878886935308822,0.008679553929455491,-0.0011870938279389405,0.011733652588601966,0.020916758805507352,1,0.14198912839777147,0.043947055958157864,17.256644112723215,0.0,0.0,-1,0.6,0.018038759506611032,0.14198912839777147,-0.0015184732141895196,0.0
2023-04-13,397.8846130371094,0.01319516772860485,0.012376078701114766,0.009878886935308822,0.008679553929455491,0.008020867715414172,0.02272030163019544,0.0330804228569828,1,0.14333320298990013,0.04178777117628699,16.62671116420201,0.0,0.0,-1,0.8,0.028268261460465162,0.14333320298990013,0.01429859951306156,0.02915540854384847
2023-04-14,396.9127197265625,-0.0024456392967122653,0.012376078701114766,0.009878886935308822,0.008679553929455491,0.003698895992996976,0.01826106406099789,0.02932351656966375,1,0.13430161693036827,0.04161472741239369,16.51741463797433,0.0,0.0,-1,0.6,0.02348408662916804,0.13430161693036827,0.007959605047076046,0.0
2023-04-17,398.3369140625,0.003581757973855737,0.012376078701114766,0.009878886935308822,0.008679553929455491,0.004855084352397595,0.01978635089909786,0.031681113689217735,1,0.12375647851314778,0.041829176325571045,16.662105015345983,0.0,0.0,-1,0.6,0.024113395971730883,0.12375647851314778,0.010515532858181409,0.0
2023-04-18,398.5967102050781,0.0006519894351786348,0.012376078701114766,0.009878886935308822,0.008679553929455491,0.003666899823602639,0.018467729090156988,0.031045804340329886,1,0.12148614538337198,0.04128787211341058,16.457209995814733,0.0,0.0,-1,0.6,0.02219293391461264,0.12148614538337198,0.010898980222433075,0.0
2023-04-19,398.5293884277344,-0.00016891123655060625,0.012376078701114766,0.009878886935308822,0.008679553929455491,0.0023288740270996874,0.016524471074345102,0.02962514455830372,1,0.11521601071900431,0.0411512512590574,16.39998299734933,0.0,0.0,-1,0.6,0.020103266484403855,0.11521601071900431,0.014814364604376351,0.0
2023-04-20,396.3546142578125,-0.005471942041901379,0.012376078701114766,0.009878886935308822,0.008679553929455491,-0.0020960830628897493,0.009921469327027126,0.023043357571462003,1,0.09527586868113705,0.04195136722031495,16.627617972237722,0.0,0.0,-1,0.4,0.012072305631288388,0.09527586868113705,-0.0038527451661298784,0.0
2023-04-21,396.66253662109375,0.0007765844116089937,0.012376078701114766,0.009878886935308822,0.008679553929455491,-0.000880938154635041,0.00967657166672089,0.022881925730368426,1,0.09545593403451735,0.04209354993159351,16.696934291294642,0.0,0.0,-1,0.6,0.0104960069963809,0.09545593403451735,-0.0006305214578086193,0.001940074848352424
2023-04-24,397.0762939453125,0.0010425529047113358,0.012376078701114766,0.009878886935308822,0.008679553929455491,0.00010748721874788815,0.009697969558053944,0.022988128359499288,1,0.09425234174275836,0.04225154955361887,16.777088710239955,0.0,0.0,-1,0.6,0.009461436517325656,0.09425234174275836,-0.0031697265269530206,0.0
2023-04-25,390.7731628417969,-0.01600119295754876,0.012376078701114766,0.009878886935308822,0.008679553929455491,-0.01056759217743572,-0.005730442289813887,0.006482967333837423,1,0.1140669386706535,0.04369940151595376,17.076553344726562,0.0,0.0,-1,0.4,-0.007726588499595042,0.1140669386706535,-0.019822908919680415,0.21115943265221318
2023-04-26,389.1180114746094,-0.004244576440107117,0.012376078701114766,0.009878886935308822,0.008679553929455491,-0.00988758384452422,-0.009003442780254181,0.0021326856101348004,1,0.11508212763677853,0.04431810610236519,17.24497331891741,0.0,0.0,-1,0.4,-0.012985817066357869,0.11508212763677853,-0.023898574123236926,0.22197805928902153
2023-04-27,396.8646240234375,0.0197125561015552,0.012376078701114766,0.009878886935308822,0.008679553929455491,0.006527760639653536,0.009694073654793465,0.021198905652840234,1,0.12435404655072747,0.04393682189461947,17.43697030203683,0.0,0.0,-1,0.6,0.005306794688094335,0.12435404655072747,0.0012859240202196531,0.3207866873217475
2023-04-28,400.2519226074219,0.00849893026934545,0.012376078701114766,0.009878886935308822,0.008679553929455491,0.010028543907900797,0.016539122105254964,0.028708174687768068,1,0.12597325471770254,0.04343212427072857,17.38379124232701,0.0,0.0,-1,0.6,0.012378172830910457,0.12597325471770254,0.00900826987795611,0.3380422024921288
2023-05-01,399.8477478027344,-0.0010103112249968405,0.012376078701114766,0.009878886935308822,0.008679553929455491,0.005987763540083531,0.014014522534928948,0.026555495549414727,1,0.1171720748102383,0.043597189163504,17.432237897600448,0.0,0.0,-1,0.4,0.01060317151198061,0.1171720748102383,0.006955405748247934,0.2442501277558587
2023-05-02,395.35369873046875,-0.01130304009859806,0.012376078701114766,0.009878886935308822,0.008679553929455491,-0.0035522554553326516,0.0023677207965979007,0.014420207963327759,1,0.1240076603856691,0.044771226442289085,17.700469970703125,0.0,0.0,-1,0.4,-0.000742026149951377,0.1240076603856691,0.011653558607198633,0.3170953325917741
2023-05-03,392.6401062011719,-0.006887372055733643,0.012376078701114766,0.009878886935308822,0.008679553929455491,-0.006951801590142971,-0.004084257122837292,0.007162976669315062,1,0.12487958665267682,0.04632840095408015,18.19038827078683,0.0,0.0,-1,0.4,-0.007522182309810051,0.12487958665267682,0.009010762991572108,0.32638724281966836
2023-05-04,389.8590087890625,-0.007108274166673922,0.012376078701114766,0.009878886935308822,0.008679553929455491,-0.009367424202840759,-0.010088300023352603,2.8026683267123357e-05,0,0.12708685983419205,0.047956741064665874,18.696367536272323,0.0,0.0,-1,0.2,-0.014255850881934254,0.12708685983419205,-0.017810067276657016,0.34990962656601854
2023-05-05,397.0762939453125,0.018343280572757692,0.012376078701114766,0.009878886935308822,0.008679553929455491,0.0059633081886134405,0.007447126289227679,0.01780105244542541,1,0.14279629374672892,0.0474498717452775,18.841219220842635,0.0,0.0,-1,0.2,0.0035727947555197937,0.14279629374672892,-0.007965716973244774,0.51732131625771
2023-05-08,397.18218994140625,0.00026665373771628254,0.012376078701114766,0.009878886935308822,0.008679553929455491,0.004145780290025605,0.006975837286494785,0.017351466606955523,1,0.14277890125274614,0.047648446234911795,18.925114222935267,0.0,0.0,-1,0.4,0.003458486313809942,0.14277890125274614,-0.006688752010531651,0.5171359685983469
2023-05-09,395.4403991699219,-0.0043950137155581714,0.012376078701114766,0.009878886935308822,0.008679553929455491,-0.0001718616108870113,0.002315513663964095,0.012378256781760497,1,0.14378356691943764,0.04796832268697868,18.968612670898438,0.0,0.0,-1,0.4,-0.001088979357223592,0.14378356691943764,0.000219274372508238,0.5278424509434444
2023-05-10,397.2879638671875,0.004661289109036737,0.012376078701114766,0.009878886935308822,0.008679553929455491,0.0029951778865152812,0.0063277603539066895,0.01642632713997764,1,0.14372096089263947,0.047039869843202756,18.68837411063058,0.0,0.0,-1,0.6,0.002992957744436745,0.14372096089263947,0.011767935537278618,0.5271752734506386
2023-05-11,396.5950927734375,-0.0017455247693618503,0.012376078701114766,0.009878886935308822,0.008679553929455491,0.0008302898746071721,0.004135424151528645,0.01407093742698868,1,0.1359064036130346,0.04728548488976616,18.753191266741073,0.0,0.0,-1,0.6,0.0014067408808660547,0.1359064036130346,0.01713068493459069,0.44389740069883216
2023-05-12,396.075439453125,-0.0013111459897379163,0.012376078701114766,0.009878886935308822,0.008679553929455491,-0.0003207746777094597,0.002550489183695862,0.012236404530998338,1,0.13571312886842582,0.04748293344416533,18.80682373046875,0.0,0.0,-1,0.4,0.0002003390813700239,0.13571312886842582,-0.0025237416279049185,0.44183771785158044
2023-05-15,397.4420166015625,0.003444356489071154,0.012376078701114766,0.009878886935308822,0.008679553929455491,0.0020834364870468787,0.005434132691543054,0.01510278278843256,1,0.13566448231033962,0.04622357746485165,18.371191842215403,0.0,0.0,-1,0.4,0.0037647440167738267,0.13566448231033962,0.0006539611234499532,0.44131930308678124
2023-05-16,394.7859802246094,-0.006705257423288202,0.012376078701114766,0.009878886935308822,0.008679553929455491,-0.0030802795023999532,-0.001162770419818081,0.007990183145077425,1,0.1376142746810649,0.04591976390232075,18.12847900390625,0.0,0.0,-1,0.4,-0.0024632159117098248,0.1376142746810649,-0.0016562825842800777,0.4620977752550618
2023-05-17,399.5782775878906,0.012065889059881485,0.012376078701114766,0.009878886935308822,0.008679553929455491,0.0059961719784727184,0.009907737930194413,0.019417567259510687,1,0.14465425014869224,0.045052992805947045,18.002197265625,0.0,0.0,-1,0.4,0.009512082689940502,0.14465425014869224,0.00574831736656467,0.5371211144145326
2023-05-18,403.42755126953125,0.009587235925610393,0.012376078701114766,0.009878886935308822,0.008679553929455491,0.010403781562458593,0.01773321448446097,0.028059204855779455,1,0.14677847381341724,0.04471631861795636,18.039794921875,0.0,0.0,-1,0.6,0.018327212810241533,0.14677847381341724,0.017081078061536914,0.5597584592720637
2023-05-19,402.84051513671875,-0.0014561812900764082,0.012376078701114766,0.009878886935308822,0.008679553929455491,0.005937998403697388,0.014681726967291735,0.025494999459591647,1,0.14701400921578878,0.04491220347231322,18.092455182756698,0.0,0.0,-1,0.6,0.01605318680098304,0.14701400921578878,0.016936042761198422,0.5622685038677357
2023-05-22,403.004150390625,0.0004061210879831023,0.012376078701114766,0.009878886935308822,0.008679553929455491,0.004222143898228761,0.013636777505199928,0.02487014806799624,1,0.1470158749625046,0.044087445104514726,17.767423357282365,0.0,0.0,-1,0.6,0.015706600989142304,0.1470158749625046,0.01389780736011037,0.5622883866854089
2023-05-23,398.48126220703125,-0.011286384315368991,0.012376078701114766,0.009878886935308822,0.008679553929455491,-0.004709847243085811,0.0020450461630768775,0.012837131121079141,1,0.14071204828120512,0.044539247582092024,17.748055594308035,0.0,0.0,-1,0.6,0.003332806813059567,0.14071204828120512,0.009316680468029581,0.49511000953219364
2023-05-24,395.5943298339844,-0.007271209747346852,0.012376078701114766,0.009878886935308822,0.008679553929455491,-0.007978746129056767,-0.004720323210503742,0.005282492087942996,1,0.1425990613165671,0.04470442945973454,17.684818812779017,0.0,0.0,-1,0.4,-0.004747639910705286,0.1425990613165671,-0.010020418339198756,0.5152194572996328
2023-05-25,399.0201416015625,0.008622629253245861,0.012376078701114766,0.009878886935308822,0.008679553929455491,0.0004079633246094643,0.003526095396812568,0.013432226016693208,1,0.12778096097568198,0.04396880288534123,17.544437953404017,0.0,0.0,-1,0.4,0.003599034327292076,0.12778096097568198,-0.010985025011563287,0.357306496851779
2023-05-26,404.187744140625,0.012867587414541859,0.012376078701114766,0.009878886935308822,0.008679553929455491,0.008869806568638419,0.014925435074051833,0.025488921224768587,1,0.1323705214558388,0.04335223314667641,17.52244131905692,0.0,0.0,-1,0.6,0.016093449065321973,0.1323705214558388,0.0033387436930549796,0.4062163480407571
2023-05-30,404.3417053222656,0.00038084248781089514,0.012376078701114766,0.009878886935308822,0.008679553929455491,0.006150427926959401,0.01383357297838301,0.024839452057856655,1,0.13225355251296014,0.04309347901295533,17.424490792410715,0.0,0.0,-1,0.6,0.015906637857989053,0.13225355251296014,0.0033134650928827725,0.40496983791965463
2023-05-31,402.0995178222656,-0.005560710968866012,0.012376078701114766,0.009878886935308822,0.008679553929455491,0.00038062305308061295,0.007423721827014988,0.018391382720989384,1,0.12688438081407102,0.04434248884532586,17.830093383789062,0.0,0.0,-1,0.6,0.009417729362311842,0.12688438081407102,0.009039138439385752,0.3477518559503297
2023-06-01,405.919921875,0.009456288633193033,0.012376078701114766,0.009878886935308822,0.008679553929455491,0.006568608936854253,0.015351938294037868,0.026936936607251914,1,0.12693549633018716,0.043352477923233386,17.59763445172991,0.0,0.0,-1,0.8,0.01731263021776662,0.12693549633018716,0.025766636819925637,0.34829658181187945
2023-06-02,411.78997802734375,0.014357553920160804,0.012376078701114766,0.009878886935308822,0.008679553929455491,0.013984670609788044,0.027097070252976065,0.040083178862356565,1,0.1300921014195266,0.04302512596022585,17.717315673828125,0.0,0.0,-1,0.8,0.029195715112040235,0.1300921014195266,0.03150156148684058,0.38193576923504796
2023-06-05,411.0008544921875,-0.0019181637566214604,0.012376078701114766,0.009878886935308822,0.008679553929455491,0.007995604304568905,0.022681316019192013,0.03654173071865073,1,0.11708328277936081,0.04337557146873162,17.827396937779017,0.0,0.0,-1,0.6,0.0254390769193189,0.11708328277936081,0.01671581031567726,0.2433038922642988
2023-06-06,411.89581298828125,0.002175142722809831,0.012376078701114766,0.009878886935308822,0.008679553929455491,0.0067706843078840255,0.02248267029798568,0.037220656728250534,1,0.11696428224460553,0.04312181433212363,17.761694771902903,0.0,0.0,-1,0.6,0.02578913455453178,0.11696428224460553,0.018510110550676195,0.2420357319532072
2023-06-07,410.4715881347656,-0.0034637226025253653,0.012376078701114766,0.009878886935308822,0.008679553929455491,0.002190626126685834,0.017111826949315515,0.03227267028456613,1,0.11635320289141135,0.043663730428405274,17.922720772879465,0.0,0.0,-1,0.6,0.02033248512546318,0.11635320289141135,0.02060709891701684,0.23552360506031503
2023-06-08,412.95440673828125,0.00603047788941069,0.012376078701114766,0.009878886935308822,0.008679553929455491,0.0054866233375481435,0.021001875021089137,0.03695031005047609,1,0.11688984828744346,0.04367343831923414,18.035138811383927,0.0,0.0,-1,0.6,0.02450929654076539,0.11688984828744346,0.0171812881732345,0.24124250702808775
2023-06-09,413.6953430175781,0.0017926249368143132,0.012376078701114766,0.009878886935308822,0.008679553929455491,0.004848683411323954,0.020614314411331745,0.03723217927765903,1,0.11608467156581094,0.04343742281657872,17.969859531947545,0.0,0.0,-1,0.6,0.024175001294422252,0.11608467156581094,0.0046163591898880085,0.23266193078203068
2023-06-12,417.4483642578125,0.00903104172066449,0.012376078701114766,0.009878886935308822,0.008679553929455491,0.009266608470628516,0.026951518474661554,0.04473098119203522,1,0.11783296780780965,0.04283452833601547,17.88120378766741,0.0,0.0,-1,0.8,0.030739315409866647,0.11783296780780965,0.015565564667173959,0.25129310677374234
2023-06-13,420.2005310058594,0.00657119389028793,0.012376078701114766,0.009878886935308822,0.008679553929455491,0.01055766094498442,0.030412740050956052,0.04949426374899081,1,0.1186403273747737,0.0417504302091232,17.543552943638392,0.0,0.0,-1,0.8,0.034627812059280186,0.1186403273747737,0.019961615834652058,0.2598969450817758
2023-06-14,420.700927734375,0.0011901437020442884,0.012376078701114766,0.009878886935308822,0.008679553929455491,0.007810105402113439,0.028540492659334945,0.04865726715282764,1,0.11346169131722705,0.040597745486536815,17.07950919015067,0.0,0.0,-1,1.0,0.03256558275231463,0.11346169131722705,0.02461548213922171,0.20470945598961154
2023-06-15,425.91656494140625,0.012321274331756449,0.012376078701114766,0.009878886935308822,0.008679553929455491,0.013445283806186625,0.037212921353964507,0.059097134387177994,1,0.1137303008977798,0.03988483017930605,16.98760986328125,0.0,0.0,-1,1.0,0.04199883266301535,0.1137303008977798,0.03090627858156747,0.20757196421225507
2023-06-16,424.4658508300781,-0.003411913256321064,0.012376078701114766,0.009878886935308822,0.008679553929455491,0.006640139860863638,0.030375013651958594,0.05319791367848575,1,0.11339485521437245,0.040560359109822156,17.216487339564733,0.0,0.0,-1,0.8,0.03578409591218978,0.11339485521437245,0.025701740388432093,0.20399719958536475
2023-06-20,422.2636413574219,-0.005201695366739756,0.012376078701114766,0.009878886935308822,0.008679553929455491,0.0009445534168276404,0.022591643398312447,0.04577612330568117,1,0.11589809504748026,0.04160381250129205,17.567777361188615,0.0,0.0,-1,0.6,0.027974136129998845,0.11589809504748026,0.011469003301027847,0.2306736293343506
2023-06-21,420.1000671386719,-0.0051369235274920655,0.012376078701114766,0.009878886935308822,0.008679553929455491,-0.0027932545879258944,0.01567365077999736,0.038771359825756246,1,0.11876861633892881,0.04144222520680665,17.409881591796875,0.0,0.0,-1,0.4,0.020583272385909037,0.11876861633892881,-0.00023911411675214822,0.2612640899692096
2023-06-22,421.6164855957031,0.003603160928011384,0.012376078701114766,0.009878886935308822,0.008679553929455491,0.0005374041117796448,0.017465823209581708,0.04078547296885912,1,0.10780166928709548,0.04140888436887114,17.458668300083705,0.0,0.0,-1,0.4,0.02139688726370386,0.10780166928709548,0.0021739031092149474,0.1443919514231146
2023-06-23,418.4291076660156,-0.007588619596918811,0.012376078701114766,0.009878886935308822,0.008679553929455491,-0.0046953689788535955,0.008834814626335842,0.031585595073865325,1,0.10820096780654274,0.04175176508632482,17.47015380859375,0.0,0.0,-1,0.2,0.010879192700679307,0.10820096780654274,-0.017735990819460312,0.14864718049147144
2023-06-26,416.719482421875,-0.004094187914682301,0.012376078701114766,0.009878886935308822,0.008679553929455491,-0.005858445711556165,0.004262138450006838,0.026269165882834143,1,0.10854922239190597,0.04202613560999746,17.513109479631698,0.0,0.0,-1,0.2,0.004601102985767077,0.10854922239190597,-0.01841826547782155,0.15364392146727726
2023-06-27,421.2881164550781,0.010903670331813942,0.012376078701114766,0.009878886935308822,0.008679553929455491,0.0033548019931689986,0.01379763407330903,0.035996139052088844,1,0.10618022010361708,0.04113572221714068,17.329990931919642,0.0,0.0,-1,0.4,0.013525773662997467,0.10618022010361708,-0.002312899779267852,0.13045573121324963
2023-06-28,421.5006408691406,0.0005043361500014498,0.012376078701114766,0.009878886935308822,0.008679553929455491,0.002570663403550036,0.012928671638773596,0.03503647682548917,1,0.1061550364569841,0.040640648477128394,17.130059378487722,0.0,0.0,-1,0.6,0.011948368812914752,0.1061550364569841,0.0033283598982256635,0.13018029656035254
2023-06-29,423.1619873046875,0.003933756561483648,0.012376078701114766,0.009878886935308822,0.008679553929455491,0.0043387668347300715,0.015284965135796871,0.037524552058482125,1,0.10237612660303393,0.040078076342820984,16.959518432617188,0.0,0.0,-1,0.6,0.013374788077104493,0.10237612660303393,0.003658955531697927,0.09723779659268728
2023-06-30,428.1554870605469,0.011731362682496638,0.012376078701114766,0.009878886935308822,0.008679553929455491,0.010735669174303296,0.02460514542818758,0.0477229849733833,1,0.10470296577176132,0.039949717027214074,17.104690551757812,0.0,0.0,-1,0.8,0.022610411408386204,0.10470296577176132,0.022978937811113376,0.12508894204817347
2023-07-03,428.6481628417969,0.0011500320653512475,0.012376078701114766,0.009878886935308822,0.008679553929455491,0.007901139690916856,0.023271372529458295,0.04691979653455124,1,0.09520883560518954,0.03976668362012208,17.045915876116073,0.0,0.0,-1,1.0,0.021730163242190004,0.09520883560518954,0.028223157791146924,0.014198190290932824
2023-07-05,428.01068115234375,-0.0014882979650323591,0.012376078701114766,0.009878886935308822,0.008679553929455491,0.004259043046267478,0.019637507797187145,0.043506497246921634,1,0.09498580250053208,0.039640280274662223,16.966463361467635,0.0,0.0,-1,0.8,0.018146627896426796,0.09498580250053208,0.015831189494300624,0.01341033654750958
2023-07-06,424.6590576171875,-0.007861521629259016,0.012376078701114766,0.009878886935308822,0.008679553929455491,-0.00240623078283738,0.010531531099207138,0.03390244131129033,1,0.10125358909351931,0.04039078626657619,17.152313232421875,0.0,0.0,-1,0.6,0.008642653802235403,0.10125358909351931,0.007465331715040158,0.12936445510859604
2023-07-07,423.5869140625,-0.002527908558191072,0.012376078701114766,0.009878886935308822,0.008679553929455491,-0.003288646601845038,0.0072147210291325,0.03002813998115049,1,0.10069491090258889,0.040658950979576114,17.222599574497767,0.0,0.0,-1,0.4,0.004531494907692075,0.10069491090258889,0.0010036665953654378,0.12210268658467065
2023-07-10,424.6590576171875,0.002527908558191072,0.012376078701114766,0.009878886935308822,0.008679553929455491,-0.0005107064460838605,0.008825968078051607,0.0313153592270361,1,0.09939748095245347,0.040311869639616124,17.118800571986608,0.0,0.0,-1,0.4,0.005678317989617095,0.09939748095245347,-0.008199787528940128,0.0975131666840233
2023-07-11,427.3634948730469,0.006348297543399717,0.012376078701114766,0.009878886935308822,0.008679553929455491,0.0038954192593404283,0.01377821031723293,0.03634366976900392,1,0.10094114075905251,0.03895944246086771,16.64984348842076,0.0,0.0,-1,0.4,0.010447615037047565,0.10094114075905251,-0.0030015220508916585,0.1267693539103431
2023-07-12,430.8020324707031,0.008013736021694307,0.012376078701114766,0.009878886935308822,0.008679553929455491,0.00795006775026259,0.019804580400572487,0.04285469277861559,1,0.10001152872536391,0.03852853384637721,16.598170689174108,0.0,0.0,-1,0.6,0.016972160571661073,0.10001152872536391,0.006500511935835007,0.10915089705270595
2023-07-13,434.22125244140625,0.007905539279821738,0.012376078701114766,0.009878886935308822,0.008679553929455491,0.010577122815735696,0.02517473467549699,0.049028221313468234,1,0.1010029855793007,0.038434794545056467,16.689204624720983,0.0,0.0,-1,0.8,0.023350195013350224,0.1010029855793007,0.02226757284491576,0.12794146685415628
2023-07-14,433.9508361816406,-0.000622955453311036,0.012376078701114766,0.009878886935308822,0.008679553929455491,0.006609931520604264,0.02214775068642501,0.04638986683712755,1,0.1013149173048837,0.038168765192051354,16.563367571149552,0.0,0.0,-1,0.8,0.021118583816856596,0.1013149173048837,0.024172525949795798,0.13385334777926222
2023-07-17,435.4576416015625,0.003466280734832239,0.012376078701114766,0.009878886935308822,0.008679553929455491,0.0067141696310640125,0.023192860381187386,0.04796744810464559,1,0.09339554480334909,0.03763675477546556,16.389212472098215,0.0,0.0,-1,0.8,0.023515268963856882,0.09339554480334909,0.025110898126436965,0.0
2023-07-18,438.69329833984375,0.007403004144451941,0.012376078701114766,0.009878886935308822,0.008679553929455491,0.009418458605059741,0.027781267392370423,0.05345103055400565,1,0.09433910866378822,0.037266647369989865,16.348628452845983,0.0,0.0,-1,0.8,0.02939928089283368,0.09433910866378822,0.02616560472748919,0.017597128880751968
2023-07-19,439.66888427734375,0.0022213760063323207,0.012376078701114766,0.009878886935308822,0.008679553929455491,0.0077453871326542975,0.027125705201887035,0.05348871977690892,1,0.09080370567999481,0.037201392887474864,16.356294904436385,0.0,0.0,-1,0.8,0.029586007457378792,0.09080370567999481,0.020373244712127203,0.0
2023-07-20,436.7518615722656,-0.00665669654757739,0.012376078701114766,0.009878886935308822,0.008679553929455491,0.000706023905849073,0.01834127318888868,0.04459443611027854,1,0.0925360651027845,0.0383330191500164,16.742017473493302,0.0,0.0,-1,0.6,0.020764940500879844,0.0925360651027845,0.005811008884728075,0.030818227527979646
2023-07-21,436.7518615722656,0.0,0.012376078701114766,0.009878886935308822,0.008679553929455491,0.0004705718589053161,0.016565548765619935,0.04277083699388692,1,0.09256289241208007,0.038398461096017765,16.770599365234375,0.0,0.0,-1,0.6,0.018962701077359628,0.09256289241208007,0.006433964338039111,0.03129547844424905
2023-07-24,438.7029113769531,0.004457233189152809,0.012376078701114766,0.009878886935308822,0.008679553929455491,0.003287823154211723,0.01905825636208658,0.04548451987915382,1,0.08606911896218615,0.038210807082189935,16.763192313058035,0.0,0.0,-1,0.6,0.021099704769699933,0.08606911896218615,0.0074249167923596815,0.0
2023-07-25,439.900634765625,0.0027264268073077247,0.012376078701114766,0.009878886935308822,0.008679553929455491,0.00400990835479323,0.019719376532872448,0.046355332092211265,1,0.08261528999613073,0.037960272360654926,16.698747907366073,0.0,0.0,-1,0.6,0.02113269015841661,0.08261528999613073,0.002748339455215465,0.0
2023-07-26,439.96826171875,0.00015372052251905188,0.012376078701114766,0.009878886935308822,0.008679553929455491,0.0027723232080932576,0.01794919741073881,0.044610649245356696,1,0.07709709904387706,0.03755518332866341,16.523088727678573,0.0,0.0,-1,0.6,0.019080210921556238,0.07709709904387706,0.0006806839714021962,0.0
2023-07-27,437.0512390136719,-0.00665215188356072,0.012376078701114766,0.009878886935308822,0.008679553929455491,-0.0025874316122762486,0.010122642116702168,0.03615353763251137,1,0.08309838182705954,0.03836570445810343,16.767778669084823,0.0,0.0,-1,0.6,0.010503755310131126,0.08309838182705954,0.0006852286354188664,0.0858322060753304
2023-07-28,441.33013916015625,0.00974277028044046,0.012376078701114766,0.009878886935308822,0.008679553929455491,0.00477366016439729,0.018071771600720873,0.04440166133758826,1,0.08750744157548906,0.038014594449087113,16.776986258370535,0.0,0.0,-1,0.8,0.018258304166180312,0.08750744157548906,0.010427998915859327,0.148891944900862
2023-07-31,442.1704406738281,0.0019022098824361677,0.012376078701114766,0.009878886935308822,0.008679553929455491,0.004447932261535988,0.01807003077501463,0.0444900613830085,1,0.07977573051133917,0.038076206305473675,16.836172921316965,0.0,0.0,-1,0.8,0.018550297435802235,0.07977573051133917,0.007872975609142685,0.03831061731657803
2023-08-01,440.9051208496094,-0.0028657132985685507,0.012376078701114766,0.009878886935308822,0.008679553929455491,0.0010485119880524253,0.013693447653056889,0.03980885276652637,1,0.08134127192443895,0.03813823359996115,16.815342494419642,0.0,0.0,-1,0.6,0.014203840982842629,0.08134127192443895,0.0022808355032664096,0.06070147574524646
2023-08-02,434.7718200683594,-0.014008364937579287,0.012376078701114766,0.009878886935308822,0.008679553929455491,-0.008621524417867727,-0.00036892393197695633,0.024326304167017063,1,0.09774417674910768,0.03963408981466277,17.231785365513392,0.0,0.0,-1,0.4,-0.0006815433770467256,0.09774417674910768,-0.01188124995683193,0.2953009035693071
2023-08-03,433.5257873535156,-0.0028700610470728805,0.012376078701114766,0.009878886935308822,0.008679553929455491,-0.007671152164133086,-0.002926732168330498,0.020534565908006754,1,0.09339798345256564,0.040335387390854086,17.48643057686942,0.0,0.0,-1,0.4,-0.004559894171089054,0.09339798345256564,-0.00809915912034409,0.23314030022006943
2023-08-04,431.5650634765625,-0.004532997274193207,0.012376078701114766,0.009878886935308822,0.008679553929455491,-0.008139119246543548,-0.006732789550650812,0.015285139853890213,1,0.09467443540188802,0.04106856820069726,17.723759242466517,0.0,0.0,-1,0.2,-0.009968830015554143,0.09467443540188802,-0.022374926674977758,0.25139651155317305
2023-08-07,435.3320007324219,0.008690676483756654,0.012376078701114766,0.009878886935308822,0.008679553929455491,0.00034553235505920937,0.001752194246065776,0.023178213136206983,1,0.09850139664230412,0.04120144033652723,17.936305454799108,0.0,0.0,-1,0.2,-0.0025483860693483983,0.09850139664230412,-0.015586460073657271,0.30613089713323477
2023-08-08,433.4389343261719,-0.004358040367202776,0.012376078701114766,0.009878886935308822,0.008679553929455491,-0.002673253774407618,-0.0023565691903993497,0.017981191652054158,1,0.09847015142287185,0.0417133484425975,18.080189296177455,0.0,0.0,-1,0.2,-0.007576604275530637,0.09847015142287185,-0.017078787142291496,0.3056840183224755
2023-08-09,430.541259765625,-0.006707758916664197,0.012376078701114766,0.009878886935308822,0.008679553929455491,-0.006246578699237746,-0.008173521988723979,0.010732704367703204,0,0.09784310214590258,0.04207382911816641,18.114519391741073,0.0,0.0,-1,0.2,-0.014181833904032996,0.09784310214590258,-0.009778181121376406,0.2967157652498096
2023-08-10,430.69580078125,0.0003588814842343524,0.012376078701114766,0.009878886935308822,0.008679553929455491,-0.003934307521888956,-0.00707825512989818,0.010655748458753164,0,0.09328578221762046,0.04208461516026867,18.125667027064733,0.0,0.0,-1,0.4,-0.013429784436805658,0.09328578221762046,-0.006549238590069173,0.23153556338835254
2023-08-11,430.4446716308594,-0.0005832478336680325,0.012376078701114766,0.009878886935308822,0.008679553929455491,-0.0030145979231546846,-0.006933003991824447,0.009667877988779473,0,0.09328467294001268,0.04305623095542288,18.5333251953125,0.0,0.0,-1,0.4,-0.013608928001487561,0.09328467294001268,-0.0025994891495439987,0.23151969815625703
2023-08-14,432.8207092285156,0.005504781380890833,0.012376078701114766,0.009878886935308822,0.008679553929455491,0.0016577728513729796,-0.0013132745706832512,0.014634763401882142,0,0.09467712646843476,0.04261659071353943,18.445343017578125,0.0,0.0,-1,0.4,-0.007864329475396392,0.09467712646843476,-0.00578538425240982,0.2514350000208469
2023-08-15,427.7788391113281,-0.011717244824432704,0.012376078701114766,0.009878886935308822,0.008679553929455491,-0.0066959454162751906,-0.011728270457765349,0.002704712527824286,0,0.09829219426630045,0.043713212134493376,18.69958714076451,0.0,0.0,-1,0.4,-0.01819340651825863,0.09829219426630045,-0.013144588709639748,0.30313881992285663
2023-08-16,424.6397399902344,-0.007365192144671795,0.012376078701114766,0.009878886935308822,0.008679553929455491,-0.009366962314558601,-0.017203789203037136,-0.004471605386576446,0,0.09966993966338944,0.04438312536471669,18.846838814871653,0.0,0.0,-1,0.4,-0.023714246685720263,0.09966993966338944,-0.013802021937647346,0.32284376153528455
2023-08-17,421.4040222167969,-0.007649092622399323,0.012376078701114766,0.009878886935308822,0.008679553929455491,-0.01134094568054886,-0.02239359590056698,-0.011590084194370229,0,0.10037908856827742,0.04551482941184846,19.180132184709823,0.0,0.0,-1,0.2,-0.02944109742193898,0.10037908856827742,-0.02180999604428102,0.35543957335927623
2023-08-18,421.6068420410156,0.00048117963060878566,0.012376078701114766,0.009878886935308822,0.008679553929455491,-0.007269734558260275,-0.019876666925067784,-0.010683165840257376,0,0.10050725866372487,0.046206800120473825,19.481103079659597,0.0,0.0,-1,0.4,-0.02727747901916742,0.10050725866372487,-0.020745568580004203,0.35739631008899236
2023-08-21,424.3499755859375,0.0064853030373202,0.012376078701114766,0.009878886935308822,0.008679553929455491,-0.0005405834426921613,-0.012229659772074701,-0.0040804544624979695,0,0.10241216231349305,0.04531194618202372,19.228123256138392,0.0,0.0,-1,0.4,-0.019324835641337395,0.10241216231349305,-0.019765046923574836,0.45799702940300563
2023-08-22,423.2005310058594,-0.002712393599788143,0.012376078701114766,0.009878886935308822,0.008679553929455491,-0.002167571665727022,-0.01350487450873244,-0.006514042904000282,0,0.1011319415912886,0.04449511700294141,18.830357142857142,0.0,0.0,-1,0.4,-0.02009027507022307,0.1011319415912886,-0.010760195698930275,0.43483543262937446
2023-08-23,427.9140930175781,0.011076322903672775,0.012376078701114766,0.009878886935308822,0.008679553929455491,0.0059463866102842785,-0.0022781918926795433,0.004372034305773879,0,0.11106803532273483,0.04332149133798758,18.537876674107142,0.0,0.0,-1,0.6,-0.007791463768202992,0.11106803532273483,0.007681319349414295,0.615901388545577
2023-08-24,421.98358154296875,-0.013956051203852127,0.012376078701114766,0.009878886935308822,0.008679553929455491,-0.005344337607586354,-0.014594241419805152,-0.009176692502825337,0,0.11843981969421495,0.044346979312614374,18.713697160993302,0.0,0.0,-1,0.6,-0.019830362995209613,0.11843981969421495,0.001374360767961491,0.7801248947454391
2023-08-25,424.95849609375,0.007025100922859018,0.012376078701114766,0.009878886935308822,0.008679553929455491,0.0011112625543852565,-0.006924022767499145,-0.002105789608361093,0,0.1152919648095073,0.044489264354919476,18.906090872628347,0.0,0.0,-1,0.6,-0.011039944226906613,0.1152919648095073,0.007918282060211723,0.7207258053295277
2023-08-28,427.65325927734375,0.00632121745840486,0.012376078701114766,0.009878886935308822,0.008679553929455491,0.004960697049240839,-0.0005670401044548284,0.0040558516812821575,0,0.11824896636114289,0.04380479994391826,18.733265468052455,0.0,0.0,-1,0.6,-0.003084709868495125,0.11824896636114289,0.007754196481296383,0.7765235488728752
2023-08-29,433.8349304199219,0.014351391732285279,0.012376078701114766,0.009878886935308822,0.008679553929455491,0.01290766867948894,0.0125411833679616,0.017828153573498585,0,0.1310394394520517,0.04229944852194554,18.350978306361608,0.0,0.0,-1,0.8,0.012159665531606925,0.1310394394520517,0.024817981813369805,1.0
2023-08-30,435.62176513671875,0.00411023859267079,0.012376078701114766,0.009878886935308822,0.008679553929455491,0.011321894901665732,0.015095932950479604,0.021138485238276706,1,0.12232533703200855,0.041542354514580195,18.096753801618302,0.0,0.0,-1,0.8,0.016227687449421154,0.12232533703200855,0.01785189750236782,0.8384552402786999
2023-08-31,434.98431396484375,-0.0014643851015723186,0.012376078701114766,0.009878886935308822,0.008679553929455491,0.006539887450767191,0.012298346935499072,0.018859348727328386,1,0.12197428608814412,0.0408528544464956,17.770350864955358,0.0,0.0,-1,0.8,0.014568025382022145,0.12197428608814412,0.030343563604647628,0.8319473479401754
2023-09-01,435.7956237792969,0.0018634100627359373,0.012376078701114766,0.009878886935308822,0.008679553929455491,0.005595788046340764,0.012818025358394115,0.019929342144326376,1,0.12081233977298175,0.041284742517183774,17.991710117885045,0.0,0.0,-1,0.8,0.015959097293139178,0.12081233977298175,0.025181872744524547,0.8104068232545562
2023-09-05,433.91217041015625,-0.00433123935677493,0.012376078701114766,0.009878886935308822,0.008679553929455491,0.0008328068676824496,0.007630738831352419,0.014903585595558842,1,0.11789285652057217,0.04136956995395164,17.950759887695312,0.0,0.0,-1,0.6,0.011735693989252428,0.11789285652057217,0.014529415929344758,0.7562845284056817
2023-09-06,430.9952392578125,-0.006745097056314542,0.012376078701114766,0.009878886935308822,0.008679553929455491,-0.003937865852754129,0.0007753556689137376,0.007761636232354207,1,0.11931524851787861,0.041328783004518595,17.812508719308035,0.0,0.0,-1,0.4,0.005220782691611396,0.11931524851787861,-0.006567072859255063,0.7826532767125477
2023-09-07,429.6719665527344,-0.003074995163834693,0.012376078701114766,0.009878886935308822,0.008679553929455491,-0.004674933847550272,-0.0020789617496840096,0.004483672457277652,1,0.11740215688956557,0.040801424264055336,17.53122820172991,0.0,0.0,-1,0.2,0.002236081634604999,0.11740215688956557,-0.013752306615760546,0.7471877849701254
2023-09-08,430.31903076171875,0.001504816522750474,0.012376078701114766,0.009878886935308822,0.008679553929455491,-0.00211959378325988,-0.0005213010535080742,0.005759867603837528,1,0.1175320945740907,0.039977814465736124,17.203214372907365,0.0,0.0,-1,0.4,0.0037895068589547773,0.1175320945740907,-0.010783104991437753,0.7495966104593776
2023-09-11,433.14910888671875,0.006555165452247991,0.012376078701114766,0.009878886935308822,0.008679553929455491,0.002957728683539788,0.005472435976013566,0.011883406998769292,1,0.11980690872563175,0.04011861725551689,17.377343314034597,0.0,0.0,-1,0.4,0.010072522618283,0.11980690872563175,-0.0060913496019257,0.791767827620662
2023-09-12,430.7730712890625,-0.00550059633393829,0.012376078701114766,0.009878886935308822,0.008679553929455491,-0.0016974338716175584,-3.8976219138329845e-05,0.006082872080972229,1,0.11985068176618702,0.04052021918964699,17.45501926967076,0.0,0.0,-1,0.4,0.004771660514122872,0.11985068176618702,-0.00726070657908906,0.7925793059551954
2023-09-13,431.27532958984375,0.0011652671870878706,0.012376078701114766,0.009878886935308822,0.008679553929455491,-0.0003557076619236374,0.0010194891305186562,0.006969382131908829,1,0.1119473716514938,0.0406974794136912,17.55181884765625,0.0,0.0,-1,0.6,0.005533138557819075,0.1119473716514938,0.0006496576643133523,0.6460652679121682
2023-09-14,434.993896484375,0.008585298018307874,0.012376078701114766,0.009878886935308822,0.008679553929455491,0.005493855684658243,0.008723420382269179,0.015028713411104554,1,0.11157687953153558,0.03948884694644488,17.17740740094866,0.0,0.0,-1,0.8,0.012980382621174891,0.11157687953153558,0.01230995084645592,0.6391969689626836
2023-09-15,429.7530212402344,-0.012121325454149456,0.012376078701114766,0.009878886935308822,0.008679553929455491,-0.004423423931334374,-0.0031042015508313094,0.0026894079235650656,1,0.11726778856675249,0.040147505307767055,17.253511701311385,0.0,0.0,-1,0.6,-0.00019609995280688868,0.11726778856675249,-0.001316191130444011,0.7446968229207162
2023-09-18,430.0050354003906,0.0005862443868407397,0.012376078701114766,0.009878886935308822,0.008679553929455491,-0.0025630147434641095,-0.0022801903612497004,0.003148471097731734,1,0.1172624429349071,0.04053318552580084,17.429473876953125,0.0,0.0,-1,0.6,-0.00058612981162453,0.1172624429349071,-0.007285112195851262,0.7445977239234363
2023-09-19,429.1133117675781,-0.002075904806319251,0.012376078701114766,0.009878886935308822,0.008679553929455491,-0.0030924083085969727,-0.003936633213160316,0.0010262575374185552,0,0.1158669646376992,0.04079218785604936,17.504470825195312,0.0,0.0,-1,0.6,-0.003210433984521756,0.1158669646376992,-0.003860420668232223,0.7187279102177553
2023-09-20,425.1683044433594,-0.00923591305822935,0.012376078701114766,0.009878886935308822,0.008679553929455491,-0.008205105409579713,-0.011861595077120543,-0.007858440262103123,0,0.12052928900856215,0.041704363173029425,17.731373378208705,0.0,0.0,-1,0.4,-0.012599980088841419,0.12052928900856215,-0.014261600913549444,0.8051595395386885
2023-09-21,418.1409912109375,-0.016666425788145922,0.012376078701114766,0.009878886935308822,0.008679553929455491,-0.016534099595522846,-0.025577402079537015,-0.023327803852406574,0,0.12745395843253637,0.044047435892571894,18.418038504464285,0.0,0.0,-1,0.2,-0.027816760466475236,0.12745395843253637,-0.03951332472000324,0.9335312299691769
2023-09-22,417.2008056640625,-0.0022510209530777203,0.012376078701114766,0.009878886935308822,0.008679553929455491,-0.012575519200004229,-0.025190391872334746,-0.024547476332003684,0,0.1183057576347867,0.04444371841728109,18.541955130440847,0.0,0.0,-1,0.2,-0.029463084778022498,0.1183057576347867,-0.029643020218931504,0.7639390185722219
2023-09-25,418.9551696777344,0.004196266342010979,0.012376078701114766,0.009878886935308822,0.008679553929455491,-0.005631356438253399,-0.01912095542511151,-0.019659591432263382,0,0.11630632219040452,0.04347113003418479,18.212454659598215,0.0,0.0,-1,0.2,-0.024700865750084885,0.11630632219040452,-0.026032998263761264,0.7268728581265919
2023-09-26,412.8001708984375,-0.014800292423231554,0.012376078701114766,0.009878886935308822,0.008679553929455491,-0.013584940007520242,-0.030435081406704326,-0.03277007843044792,0,0.12332094528021403,0.04401635515912988,18.169958932059153,0.0,0.0,-1,0.2,-0.03736503372891097,0.12332094528021403,-0.03875738588067357,0.8569121377857758
2023-09-27,412.9649658203125,0.0003991326752226243,0.012376078701114766,0.009878886935308822,0.008679553929455491,-0.008832939508733827,-0.02726432578034386,-0.031153553281370257,0,0.10814445624919844,0.0436557999950212,18.028315952845983,0.0,0.0,-1,0.4,-0.03463161065618376,0.10814445624919844,-0.029122340147221593,0.5755656311978694
2023-09-28,415.3591003417969,0.005780687260490858,0.012376078701114766,0.009878886935308822,0.008679553929455491,-0.002059932920232534,-0.019605819540819212,-0.02455989072065559,0,0.10964369498576575,0.04290201266955987,17.81974138532366,0.0,0.0,-1,0.6,-0.02672991013042042,0.10964369498576575,-0.006675227098584813,0.603358988423803
2023-09-29,414.3510437011719,-0.002429901921434663,0.012376078701114766,0.009878886935308822,0.008679553929455491,-0.0029923942971717982,-0.01993309817737358,-0.02589861522070874,0,0.10959012688478824,0.042962943244519734,17.801740373883927,0.0,0.0,-1,0.6,-0.02673923377462561,0.10959012688478824,-0.006854108066941755,0.6023659261915719
2023-10-02,414.186279296875,-0.00039772355908418433,0.012376078701114766,0.009878886935308822,0.008679553929455491,-0.002261787529140024,-0.01842296781836608,-0.025281199663922407,0,0.10870561251414028,0.04292257351628707,17.777941022600448,0.0,0.0,-1,0.4,-0.024650919246847387,0.10870561251414028,-0.011448097968036919,0.5859685217787313
2023-10-03,408.64190673828125,-0.013476583728469826,0.012376078701114766,0.009878886935308822,0.008679553929455491,-0.010466281029227432,-0.028642678607706366,-0.0368813016867599,0,0.11534549482407763,0.0439774846427563,17.971043178013392,0.0,0.0,-1,0.4,-0.03483537589022089,0.11534549482407763,-0.010124389273275192,0.709060739500362
2023-10-04,411.61767578125,0.00725570822063748,0.012376078701114766,0.009878886935308822,0.008679553929455491,-0.002175966728014203,-0.019555126945438945,-0.028730145872603422,0,0.11993177394908242,0.04353940682601429,17.92158944266183,0.0,0.0,-1,0.4,-0.025577108339008284,0.11993177394908242,-0.003267813727860336,0.7940826182379364
2023-10-05,411.4625549316406,-0.0003769276570064761,0.012376078701114766,0.009878886935308822,0.008679553929455491,-0.0017027840563474984,-0.018061304612023238,-0.02798708287364788,0,0.12008286399672506,0.042278230891550944,17.395908900669642,0.0,0.0,-1,0.2,-0.023840352735551476,0.12008286399672506,-0.00942542864535767,0.7968835728590997
2023-10-06,416.3477478027344,0.011802823826831066,0.012376078701114766,0.009878886935308822,0.008679553929455491,0.0067436852299881545,-0.005796716320074542,-0.0158118473852345,0,0.12945517850058053,0.040351776924807556,16.800371442522323,0.0,0.0,-1,0.4,-0.010610953120890403,0.12945517850058053,0.004807297102908059,0.9706304743271559
2023-10-09,419.0133361816406,0.006381904728776533,0.012376078701114766,0.009878886935308822,0.008679553929455491,0.008754294620353596,0.0005143146073087222,-0.00914120544019254,0,0.12931090215561172,0.03945752002482936,16.533227103097097,0.0,0.0,-1,0.6,-0.002601365483508511,0.12931090215561172,0.011586925390768776,0.9679558342600567
2023-10-10,421.1942138671875,0.005191294896641274,0.012376078701114766,0.009878886935308822,0.008679553929455491,0.00929305262906667,0.005174033168913103,-0.00382835370766373,0,0.13066042854312854,0.038472265367289496,16.204295567103795,0.0,0.0,-1,0.8,0.003734197078893591,0.13066042854312854,0.030254804015879877,0.9929737770727921
2023-10-11,422.9195556640625,0.004087942317419824,0.012376078701114766,0.009878886935308822,0.008679553929455491,0.008911732247734217,0.008399196160224326,0.00024237804512035197,0,0.13174705945143877,0.03628882835104662,15.347255161830358,0.0,0.0,-1,0.8,0.008850232932225236,0.13174705945143877,0.02708703811266222,1.0
2023-10-12,420.34124755859375,-0.00611510965566886,0.012376078701114766,0.009878886935308822,0.008679553929455491,0.0018389421813502502,0.0020366712985584587,-0.0056272127877639196,0,0.12787061853445067,0.03608141802394444,15.166508265904017,0.0,0.0,-1,0.8,0.004455266245601936,0.12787061853445067,0.021348856113999837,0.9290678183830534
2023-10-13,418.24755859375,-0.00499337291357449,0.012376078701114766,0.009878886935308822,0.008679553929455491,-0.0021029717268781596,-0.002673780864182618,-0.01016942385684145,0,0.12256888655742705,0.03693621031656128,15.448479788643974,0.0,0.0,-1,0.6,0.0008279697160256125,0.12256888655742705,0.004552659373594281,0.8320552691060729
2023-10-16,422.6481628417969,0.010466563949020902,0.012376078701114766,0.009878886935308822,0.008679553929455491,0.005581998259859617,0.007069626551187985,0.00023549392259299888,0,0.1294697565307444,0.0358507156789403,15.152239118303571,0.0,0.0,-1,0.6,0.012249209200775518,0.1294697565307444,0.00863731859383865,0.9583292850770435
2023-10-17,422.62872314453125,-4.599604600930007e-05,0.012376078701114766,0.009878886935308822,0.008679553929455491,0.0036837003413477164,0.006350172528646,0.00018205584401210725,0,0.1294179971291141,0.03545624701626791,14.984828404017858,0.0,0.0,-1,0.4,0.012989272181112267,0.1294179971291141,0.0034000276511880756,0.9573821773162269
2023-10-18,416.9971618652344,-0.013414654862172526,0.012376078701114766,0.009878886935308822,0.008679553929455491,-0.00648124517671419,-0.006391485054219414,-0.012636455803892832,0,0.13382232523571796,0.03744793170689751,15.61568123953683,0.0,0.0,-1,0.2,0.00047083218242739575,0.13382232523571796,-0.014102569528404274,1.0
2023-10-19,413.3332824707031,-0.008825168820829177,0.012376078701114766,0.009878886935308822,0.008679553929455491,-0.01019210284701916,-0.013701241657496553,-0.02049314052649567,0,0.12417059865854077,0.03880771639861135,16.040520804268972,0.0,0.0,-1,0.2,-0.007747375026232192,0.12417059865854077,-0.01681262869356459,0.8214184144921975
2023-10-20,408.25421142578125,-0.012364199277761223,0.012376078701114766,0.009878886935308822,0.008679553929455491,-0.015015179890517656,-0.023419409244622484,-0.03129365342603447,0,0.1309800522207542,0.04049811435285719,16.533525739397323,0.0,0.0,-1,0.2,-0.018886668194114078,0.1309800522207542,-0.024183455057751324,0.9474106920249372
2023-10-23,407.546630859375,-0.001734689907544329,0.012376078701114766,0.009878886935308822,0.008679553929455491,-0.01121071781275554,-0.022774854489814124,-0.03172057476239993,0,0.12949242512370956,0.04039934525586063,16.464617047991073,0.0,0.0,-1,0.0,-0.019242653421675485,0.12949242512370956,-0.036384708914316555,0.919885792359545
2023-10-24,410.6192626953125,0.007511059323277891,0.012376078701114766,0.009878886935308822,0.008679553929455491,-0.0025070728514828473,-0.013960353880464729,-0.023485217414706116,0,0.12287448021927304,0.03976277672248984,16.327362060546875,0.0,0.0,-1,0.2,-0.011589016547288415,0.12287448021927304,-0.028827653545029364,0.791394335180158
2023-10-25,404.7259826660156,-0.014456164905040758,0.012376078701114766,0.009878886935308822,0.008679553929455491,-0.011278759963103553,-0.025503099981948465,-0.03608279191548034,0,0.13272924876196845,0.04142302725680096,16.76497541155134,0.0,0.0,-1,0.2,-0.024807852753368286,0.13272924876196845,-0.029869163587897596,0.9730355259407729
2023-10-26,399.8796081542969,-0.012046729918795407,0.012376078701114766,0.009878886935308822,0.008679553929455491,-0.015531796519637354,-0.03375145293805222,-0.04584314365994604,0,0.13568854531049404,0.04422984975859438,17.686614990234375,0.0,0.0,-1,0.2,-0.034685033702201426,0.13568854531049404,-0.033090724685863826,1.0
2023-10-27,398.0669860839844,-0.004543224324131678,0.012376078701114766,0.009878886935308822,0.008679553929455491,-0.013418975478199794,-0.034625564644162624,-0.048295893640062815,0,0.13600520741119204,0.04571358062046685,18.197067260742188,0.0,0.0,-1,0.2,-0.03716828574753589,0.13600520741119204,-0.02526974973223428,1.0
2023-10-30,402.826171875,0.011884835730931798,0.012376078701114766,0.009878886935308822,0.008679553929455491,-0.0010830316692308037,-0.020931357659812473,-0.0355212439435687,0,0.14464379275847467,0.04528633511714296,18.242521013532365,0.0,0.0,-1,0.4,-0.024316453605944154,0.14464379275847467,-0.011650224093758155,1.0
2023-10-31,405.3560485839844,0.006260679605101238,0.012376078701114766,0.009878886935308822,0.008679553929455491,0.003454346867676556,-0.013393494120191378,-0.028341305676678273,0,0.13965150567558074,0.044489753266514075,18.034190586635045,0.0,0.0,-1,0.4,-0.017797999325037693,0.13965150567558074,-0.012900603811934808,0.9027964828731477
2023-11-01,409.6790771484375,0.010608301333918213,0.012376078701114766,0.009878886935308822,0.008679553929455491,0.009392981483448746,-0.002598792237469046,-0.01728592714389395,0,0.14256692828018103,0.04350685493491025,17.823848179408483,0.0,0.0,-1,0.6,-0.007089840149183882,0.14256692828018103,0.012163862427024164,0.9595619145025326
2023-11-02,417.53033447265625,0.01898308453482933,0.012376078701114766,0.009878886935308822,0.008679553929455491,0.018976489173607464,0.01491941051901084,0.001486442134524866,0,0.15803665383739687,0.04231041722470843,17.665882655552455,0.0,0.0,-1,0.8,0.011195161884827354,0.15803665383739687,0.0431936768806489,1.0
2023-11-03,421.339599609375,0.00908195934765832,0.012376078701114766,0.009878886935308822,0.008679553929455491,0.01867265194640814,0.02182584354145152,0.010202477406886701,0,0.15578776848804504,0.04195454958577118,17.677113124302455,0.0,0.0,-1,1.0,0.01980417791679755,0.15578776848804504,0.0568188605524389,0.9652692424511962
2023-11-06,422.3089294433594,0.002297948084189372,0.012376078701114766,0.009878886935308822,0.008679553929455491,0.013913331849923825,0.021823858261732252,0.012029393393708877,0,0.15444471769635376,0.041768571725579295,17.63924080984933,0.0,0.0,-1,1.0,0.0217428276346011,0.15444471769635376,0.04723197290569647,0.943308665796603
2023-11-07,423.51080322265625,0.002841916644379161,0.012376078701114766,0.009878886935308822,0.008679553929455491,0.011136895738176071,0.022323922930833465,0.014316526845824304,0,0.15369972737538679,0.04021582506000652,17.031836373465403,0.0,0.0,-1,1.0,0.024363597709112512,0.15369972737538679,0.043813209944974396,0.9274087255430086
2023-11-08,423.8210144042969,0.0007322071213327064,0.012376078701114766,0.009878886935308822,0.008679553929455491,0.007887125805566393,0.020829574144460215,0.01446038057686564,0,0.153055601836797,0.03882501155761341,16.45485578264509,0.0,0.0,-1,1.0,0.025002173128833117,0.153055601836797,0.03393711573238889,0.9146593727077053
2023-11-09,420.51568603515625,-0.007829448257278493,0.012376078701114766,0.009878886935308822,0.008679553929455491,1.7824582333161185e-05,0.01162845014545467,0.006290299583802147,0,0.1540972895100024,0.0379426130444245,15.95546395438058,0.0,0.0,-1,0.8,0.0169868541639648,0.1540972895100024,0.007124582940281066,0.9316765404677201
2023-11-10,427.0777893066406,0.015484390987323238,0.012376078701114766,0.009878886935308822,0.008679553929455491,0.010361373479334334,0.0247392796858104,0.021112660567105247,0,0.1621911727426422,0.03640979694084234,15.549815586635045,0.0,0.0,-1,0.8,0.03175515678142323,0.1621911727426422,0.013527014579945984,1.0
2023-11-13,426.6706848144531,-0.0009536872635962368,0.012376078701114766,0.009878886935308822,0.008679553929455491,0.006245942349173038,0.02145082767355158,0.019334256324433367,0,0.15841414810997864,0.03651628164719213,15.580426897321429,0.0,0.0,-1,0.6,0.03027105552713636,0.15841414810997864,0.010275379232160375,0.9381416280316228
2023-11-14,434.9484558105469,0.019215045943230535,0.012376078701114766,0.009878886935308822,0.008679553929455491,0.017032345033974643,0.03719139267587145,0.03751892289446402,1,0.17176729251719336,0.035710514417163,15.532233101981026,0.0,0.0,-1,0.6,0.04869933927156929,0.17176729251719336,0.02664850853101175,1.0
2023-11-15,435.8692321777344,0.002114740485956723,0.012376078701114766,0.009878886935308822,0.008679553929455491,0.012708977983241401,0.03550277505623371,0.03809852684883006,1,0.16255714207959068,0.034348706981194195,14.971544538225446,0.0,0.0,-1,0.6,0.048533880982757106,0.16255714207959068,0.028031041895635767,0.8552382921313462
2023-11-16,436.40234375,0.001222352426367479,0.012376078701114766,0.009878886935308822,0.008679553929455491,0.00925538455470415,0.03315136964022683,0.03776606777645441,1,0.1573367609652313,0.03360533938457812,14.665448869977679,0.0,0.0,-1,0.8,0.046911409602913456,0.1573367609652313,0.03708284257928174,0.7731862897281546
2023-11-17,436.9450988769531,0.001242930752034077,0.012376078701114766,0.009878886935308822,0.008679553929455491,0.006982602235634237,0.031054806827280915,0.03746771723463187,1,0.14712177656218162,0.03347562890141225,14.627011980329241,0.0,0.0,-1,0.8,0.044618492924531704,0.14712177656218162,0.022841382343992578,0.6126309765380654
2023-11-20,440.30853271484375,0.0076681365517492495,0.012376078701114766,0.009878886935308822,0.008679553929455491,0.009774636023988781,0.035147474468707564,0.04359353607041204,1,0.14655765128244624,0.03357535891685737,14.783517020089286,0.0,0.0,-1,1.0,0.04855316878612465,0.14655765128244624,0.031463206159338064,0.6037642658909774
2023-11-21,439.3489990234375,-0.0021816082676542337,0.012376078701114766,0.009878886935308822,0.008679553929455491,0.005036686903047321,0.029666181225451744,0.03963471780127585,1,0.14739643079579773,0.034053028993419325,14.961164202008929,0.0,0.0,-1,0.8,0.04270119761346917,0.14739643079579773,0.010066551948453295,0.6169478892965473
2023-11-22,441.0451965332031,0.003853273038471272,0.012376078701114766,0.009878886935308822,0.008679553929455491,0.005926942478488375,0.03034026677319877,0.04186507802791699,1,0.13147737612186838,0.03354311136858524,14.794028145926339,0.0,0.0,-1,0.8,0.04223494126123332,0.13147737612186838,0.011805084500967844,0.3667381280266411
2023-11-24,441.3166198730469,0.0006152200681341924,0.012376078701114766,0.009878886935308822,0.008679553929455491,0.004354498039019727,0.0279419828114266,0.04077137742699632,1,0.1175457161490831,0.033455103344875885,14.764293125697545,0.0,0.0,-1,0.8,0.03779530179309069,0.1175457161490831,0.011197952142734557,0.14776549508551082
2023-11-27,440.5218505859375,-0.0018025285331111363,0.012376078701114766,0.009878886935308822,0.008679553929455491,0.0016957283976924587,0.02354741159280774,0.03731475373127952,1,0.11499101659777371,0.0336771318243735,14.835512433733259,0.0,0.0,-1,0.6,0.030780859013587788,0.11499101659777371,0.008152492857589344,0.10761168080806525
2023-11-28,440.95794677734375,0.0009894639180370035,0.012376078701114766,0.009878886935308822,0.008679553929455491,0.0017899703607234783,0.02216970660629019,0.03678274687913834,1,0.112907992692075,0.033950439749047955,14.970716203962054,0.0,0.0,-1,0.6,0.02721861201416251,0.112907992692075,0.001473820223877098,0.07487148832553417
2023-11-29,440.6478271484375,-0.0007035335994132197,0.012376078701114766,0.009878886935308822,0.008679553929455491,0.0007233551650841566,0.019368324457337178,0.03459081876019165,1,0.11418477905394034,0.03427473203891985,15.103086199079241,0.0,0.0,-1,0.6,0.02229390297281873,0.11418477905394034,0.002951894892118112,0.09493953993655022
2023-11-30,442.3828125,0.003929620346749374,0.012376078701114766,0.009878886935308822,0.008679553929455491,0.003104210912061726,0.021108080208221837,0.03709187619061518,1,0.11162562196404446,0.03387597563852324,14.986149379185267,0.0,0.0,-1,0.6,0.02244030410582925,0.11162562196404446,0.003028242200396214,0.0547156637309048
2023-12-01,444.9998779296875,0.005898408985162362,0.012376078701114766,0.009878886935308822,0.008679553929455491,0.006007509730873094,0.02449984513387838,0.04146167736856636,1,0.09675509700635139,0.03359053600944216,14.947784423828125,0.0,0.0,-1,0.6,0.025234395780486887,0.09675509700635139,0.008311431117424384,0.0
2023-12-04,442.6639404296875,-0.005263125169451932,0.012376078701114766,0.009878886935308822,0.008679553929455491,0.0004843328971666009,0.017269352026829783,0.034534427898715324,1,0.09854334416096963,0.034207782889076145,15.142551967075892,0.0,0.0,-1,0.6,0.017353550002585875,0.09854334416096963,0.004850834481083588,0.023839418943014078
2023-12-05,442.5766906738281,-0.00019712099304047825,0.012376078701114766,0.009878886935308822,0.008679553929455491,0.00019140559247592077,0.015418178342984373,0.03293987786982879,1,0.09899759602915109,0.03375036056949082,14.937122889927455,0.0,0.0,-1,0.4,0.01478956107284438,0.09899759602915109,0.003664249570006106,0.02989512581958196
2023-12-06,440.7931823730469,-0.00403797045511034,0.012376078701114766,0.009878886935308822,0.008679553929455491,-0.002562742658527817,0.010236487614859239,0.027617618058356386,1,0.10151856255788948,0.03430921761517095,15.123269217354911,0.0,0.0,-1,0.4,0.008701543033032022,0.10151856255788948,0.00032981271430898573,0.06350254807366083
2023-12-07,444.1566162109375,0.007601448214910711,0.012376078701114766,0.009878886935308822,0.008679553929455491,0.0033597566032299605,0.016208259646059323,0.03402091722349734,1,0.10329368730577834,0.03413289790373575,15.160352434430804,0.0,0.0,-1,0.4,0.014038909074377054,0.10329368730577834,0.004001640582470323,0.08716703003956057
2023-12-08,446.0661315917969,0.0042899786915446825,0.012376078701114766,0.009878886935308822,0.008679553929455491,0.005102545166408524,0.01858099500655928,0.036902221868947115,1,0.09617643624593063,0.03389686538961319,15.120243617466517,0.0,0.0,-1,0.4,0.015436767175317377,0.09617643624593063,0.002393210288852643,0.0
2023-12-11,447.8011779785156,0.003882116612134112,0.012376078701114766,0.009878886935308822,0.008679553929455491,0.005990041891932566,0.020352289548735754,0.039267074346824186,1,0.08419114798791877,0.03373824949518018,15.108027866908483,0.0,0.0,-1,0.6,0.016987639373793214,0.08419114798791877,0.011538452070438687,0.0
2023-12-12,449.84637451171875,0.004556799751679108,0.012376078701114766,0.009878886935308822,0.008679553929455491,0.007031589385428923,0.02257652269268761,0.0422147249394305,1,0.08357657735338458,0.033111337593262846,14.895015171595983,0.0,0.0,-1,0.8,0.018950870194309365,0.08357657735338458,0.016292372815158274,0.0
2023-12-13,456.0497741699219,0.013695822935328117,0.012376078701114766,0.009878886935308822,0.008679553929455491,0.013849162087494928,0.0330692461575406,0.05424743344407694,1,0.07030565366744637,0.0326190612732733,14.87591552734375,0.0,0.0,-1,1.0,0.030539420686615616,0.07030565366744637,0.03402616620559673,0.0
2023-12-14,457.513427734375,0.0032042770849880498,0.012376078701114766,0.009878886935308822,0.008679553929455491,0.011337382869736344,0.0328058971873915,0.05524605681096833,1,0.07035980296249937,0.03223106250457495,14.746143886021205,0.0,0.0,-1,1.0,0.03132476830252678,0.07035980296249937,0.02962899507567407,0.0005336922965849993
2023-12-15,456.7601318359375,-0.0016478570576845541,0.012376078701114766,0.009878886935308822,0.008679553929455491,0.006427421385246989,0.02805983988033333,0.05130256576324296,1,0.07173374137484341,0.032595687009465316,14.888410295758929,0.0,0.0,-1,0.8,0.027269599446075272,0.07173374137484341,0.023691159326444833,0.014075149224741696
2023-12-18,459.3294677734375,0.005609369816240495,0.012376078701114766,0.009878886935308822,0.008679553929455491,0.00802679431938977,0.030521313011894854,0.05484943567769084,1,0.0725663536256925,0.0321953129540314,14.788255964006696,0.0,0.0,-1,0.8,0.030454306271994414,0.0725663536256925,0.025418412530551215,0.022281327050058423
2023-12-19,462.12255859375,0.0060623869605969105,0.012376078701114766,0.009878886935308822,0.008679553929455491,0.009393277703826274,0.03316790946391706,0.058720188710382114,1,0.07126109963920782,0.031614057208177525,14.609569004603795,0.0,0.0,-1,0.8,0.034189769043758866,0.07126109963920782,0.026923999739469018,0.009416819820704393
2023-12-20,455.7187805175781,-0.013954224363428303,0.012376078701114766,0.009878886935308822,0.008679553929455491,-0.003067499819137278,0.017025079134953918,0.042248769374016365,1,0.09088857348761427,0.03256989884261676,14.842714582170759,0.0,0.0,-1,0.6,0.017994008632373125,0.09088857348761427,-0.0007260475592874016,0.20286405831319987
2023-12-21,460.0398864746094,0.00943728557180723,0.012376078701114766,0.009878886935308822,0.008679553929455491,0.004247872881846839,0.024067485437444587,0.049984774612638914,1,0.09462264156147966,0.03274264542980741,15.062922886439733,0.0,0.0,-1,0.6,0.025471010038195147,0.09462264156147966,0.005506960927531779,0.23966681565280007
2023-12-22,460.96441650390625,0.0020076569389440024,0.012376078701114766,0.009878886935308822,0.008679553929455491,0.0041686817984524505,0.023578714175031157,0.04994991946674768,1,0.0944601808079456,0.03190677973228108,14.707890101841517,0.0,0.0,-1,0.8,0.02528666158045645,0.0944601808079456,0.009162474924160335,0.23806561193309037
2023-12-26,462.9108581542969,0.004213652175086402,0.012376078701114766,0.009878886935308822,0.008679553929455491,0.00559021516530145,0.025176697535250786,0.052139498792520056,1,0.09350694250821724,0.03122982182781169,14.45662362234933,0.0,0.0,-1,0.8,0.027058699215180403,0.09350694250821724,0.007766757283006243,0.22867055079929577
2023-12-27,463.74786376953125,0.0018065029186198345,0.012376078701114766,0.009878886935308822,0.008679553929455491,0.0049268057614254394,0.024393240426051406,0.0518128127234873,1,0.09337924127999626,0.030562796087611914,14.173431396484375,0.0,0.0,-1,0.8,0.026321020507654048,0.09337924127999626,0.0035108732410291665,0.22741193493552003
2023-12-28,463.9230651855469,0.00037772320470530474,0.012376078701114766,0.009878886935308822,0.008679553929455491,0.0035313946851268066,0.022367439052779013,0.05006022754124464,1,0.09296219203673092,0.030126323974611912,13.976296561104911,0.0,0.0,-1,1.0,0.024071239935200106,0.09296219203673092,0.017842820809162774,0.22330152189672667
2023-12-29,462.5799560546875,-0.0028993107219594805,0.012376078701114766,0.009878886935308822,0.008679553929455491,0.00041728566693671797,0.017526835385479136,0.045093108468120896,1,0.09478359539159531,0.03050975385258945,14.11320059640067,0.0,0.0,-1,0.8,0.01883527711110291,0.09478359539159531,0.005506224515396063,0.24125316722311133
2024-01-02,459.9911804199219,-0.005612103667710144,0.012376078701114766,0.009878886935308822,0.008679553929455491,-0.003460266285830414,0.010693421166404284,0.03764743093380457,1,0.0976417744536517,0.03124590297205713,14.372839791434151,0.0,0.0,-1,0.6,0.011463634921416162,0.0976417744536517,-0.0021135360912580836,0.269423213503253
2024-01-03,456.2346496582031,-0.008200056553199886,0.012376078701114766,0.009878886935308822,0.008679553929455491,-0.007762367848908633,0.0022067129931901764,0.02799736672717828,1,0.10090436681895312,0.03222907536699424,14.70402090890067,0.0,0.0,-1,0.4,0.001708923847740064,0.10090436681895312,-0.014527244819544372,0.30157913373368556
2024-01-04,454.7650451660156,-0.003226358417769859,0.012376078701114766,0.009878886935308822,0.008679553929455491,-0.007332466563152751,-0.0009243535239565674,0.023695005436421602,1,0.10214926664298583,0.03267112978843504,14.857687813895089,0.0,0.0,-1,0.2,-0.002851961877857149,0.10214926664298583,-0.019560106155934065,0.31384879385494835
2024-01-05,455.387939453125,0.0013687685364667246,0.012376078701114766,0.009878886935308822,0.008679553929455491,-0.003989812894969682,0.0004017752033796729,0.024089255039355224,1,0.10014419771649204,0.032991196099333514,15.023792811802455,0.0,0.0,-1,0.2,-0.0030813038708511447,0.10014419771649204,-0.018569060824172645,0.29408695135738067
2024-01-08,461.88897705078125,0.014174882924239185,0.012376078701114766,0.009878886935308822,0.008679553929455491,0.006796195250361333,0.013266369220885385,0.037134602744975244,1,0.1077718428448063,0.03189932751362123,14.73394775390625,0.0,0.0,-1,0.4,0.009191738274131646,0.1077718428448063,-0.0014948671779739797,0.3692645772540994
2024-01-09,461.1882629394531,-0.0015182136782572186,0.012376078701114766,0.009878886935308822,0.008679553929455491,0.0035063906341558115,0.010600275439653402,0.034119067418985065,1,0.10807611573454586,0.0320146796273,14.764794485909599,0.0,0.0,-1,0.4,0.005998787413408015,0.10807611573454586,0.002599022811478946,0.3722634731243913
2024-01-10,463.79644775390625,0.005639426677354287,0.012376078701114766,0.009878886935308822,0.008679553929455491,0.006102375989637043,0.014738814894535693,0.038339940823548954,1,0.10873185809296111,0.031767062522078914,14.733450753348214,0.0,0.0,-1,0.6,0.009926214800488284,0.10873185809296111,0.01643850604203312,0.37872643159667
2024-01-11,463.5920715332031,-0.000440756424650246,0.012376078701114766,0.009878886935308822,0.008679553929455491,0.0037655818993904133,0.012912974255582235,0.036342812581925045,1,0.10847054883707313,0.030957792213068654,14.35178702218192,0.0,0.0,-1,0.6,0.007972672932094976,0.10847054883707313,0.01922410803515273,0.37615098279798714
2024-01-12,463.9132995605469,0.0006926710080570331,0.012376078701114766,0.009878886935308822,0.008679553929455491,0.002969652074577215,0.012302230322192378,0.035555861235818345,1,0.09844462884500482,0.030681780815763855,14.233686174665179,0.0,0.0,-1,0.6,0.00780956212519382,0.09844462884500482,0.01854801050674304,0.2773360995994657
2024-01-16,462.21014404296875,-0.003678035470009,0.012376078701114766,0.009878886935308822,0.008679553929455491,-0.00047513293663524253,0.007761745011163805,0.030470845210932223,1,0.09929365892040352,0.03147082349069611,14.546133858816964,0.0,0.0,-1,0.4,0.0035976163895394646,0.09929365892040352,0.000695092112494855,0.28570409054682283
2024-01-17,459.6408386230469,-0.005574245992161053,0.012376078701114766,0.009878886935308822,0.008679553929455491,-0.004028920119938682,0.0019537578710770273,0.023749379917955574,1,0.10138192792930126,0.0322595739942939,14.827817644391741,0.0,0.0,-1,0.4,-0.0022931475216280187,0.10138192792930126,-0.0033609402014089795,0.3062859482082216
2024-01-18,463.7283935546875,0.008853623209354566,0.012376078701114766,0.009878886935308822,0.008679553929455491,0.0032136169699386995,0.009819232416416905,0.031524525555963516,1,0.10424294594513767,0.03196706488223927,14.82403564453125,0.0,0.0,-1,0.4,0.006099059897406739,0.10424294594513767,-0.00014674366940869987,0.3344839750513839
2024-01-19,469.50927734375,0.01238903638504052,0.012376078701114766,0.009878886935308822,0.008679553929455491,0.010425223700140053,0.020230494726217796,0.04256898524904885,1,0.11094301928277987,0.03158482781232293,14.829369681222099,0.0,0.0,-1,0.6,0.0178255995984381,0.11094301928277987,0.012683049140282066,0.4005195074318952
2024-01-22,470.501953125,0.00211205168210693,0.012376078701114766,0.009878886935308822,0.008679553929455491,0.008339447350104024,0.02021230798847387,0.042942058918971876,1,0.09631104102751081,0.031260211091929606,14.707990373883929,0.0,0.0,-1,0.6,0.018345789690467854,0.09631104102751081,0.014102429814331963,0.256307582401418
2024-01-23,471.87420654296875,0.002912328317737689,0.012376078701114766,0.009878886935308822,0.008679553929455491,0.007492057822130009,0.020933238754827638,0.04410105963019093,1,0.0919516448393997,0.030610282926550592,14.444202968052455,0.0,0.0,-1,0.8,0.02000954433259953,0.0919516448393997,0.020692793602078652,0.2133416276077361
2024-01-24,472.3899841308594,0.0010924435010437605,0.012376078701114766,0.009878886935308822,0.008679553929455491,0.005712495215033135,0.019907436036521422,0.0433911114368054,1,0.09191164100280345,0.0299070808271349,14.127805437360491,0.0,0.0,-1,1.0,0.019865042079925656,0.09191164100280345,0.027359483095283466,0.21294735212539848
2024-01-25,474.95928955078125,0.0054242121481840044,0.012376078701114766,0.009878886935308822,0.008679553929455491,0.007427324617967207,0.022974711412979697,0.04705136965700818,1,0.09253221505382848,0.029352142474408312,13.941072736467634,0.0,0.0,-1,1.0,0.02408012197704994,0.09253221505382848,0.023930072034112904,0.21906369380941199
2024-01-26,474.35589599609375,-0.0012712187588057589,0.012376078701114766,0.009878886935308822,0.008679553929455491,0.004089937573109423,0.019570417363966364,0.04384957462148976,1,0.09294603158986717,0.029145848011173394,13.825504847935267,0.0,0.0,-1,0.8,0.02161078296702008,0.09294603158986717,0.010269816890266625,0.22314224547415984
2024-01-29,478.1125183105469,0.007888223351784518,0.012376078701114766,0.009878886935308822,0.008679553929455491,0.007995735696363292,0.02494630130075617,0.04997035220698169,1,0.09591485629713503,0.02890221287629876,13.818509783063616,0.0,0.0,-1,0.8,0.0281303855112885,0.09591485629713503,0.016045988559944213,0.25240280878582044
2024-01-30,477.7427062988281,-0.0007737825156963751,0.012376078701114766,0.009878886935308822,0.008679553929455491,0.004799168229214875,0.02180303276295396,0.047139570107357025,1,0.09491144249745632,0.028941864743548474,13.826764787946429,0.0,0.0,-1,0.6,0.0256630111329616,0.09491144249745632,0.012359877726510149,0.2425132208484065
2024-01-31,469.9472351074219,-0.016451893557086095,0.012376078701114766,0.009878886935308822,0.008679553929455491,-0.007760960850686953,0.004639131149758788,0.02884053710886999,1,0.11209860399814606,0.030788522584508444,14.468981061662946,0.0,0.0,-1,0.4,0.007849840676490995,0.11209860399814606,-0.005184459331619706,0.41190888304682555
2024-02-01,476.0979919433594,0.01300327579829208,0.012376078701114766,0.009878886935308822,0.008679553929455491,0.003477707758731223,0.016066717814193103,0.04057980245359578,1,0.11409006941042564,0.0303899842802999,14.468610491071429,0.0,0.0,-1,0.4,0.018870625115299345,0.11409006941042564,0.002394604318488369,0.43153665010101944
2024-02-02,481.11004638671875,0.010472332133569573,0.012376078701114766,0.009878886935308822,0.008679553929455491,0.009317507360563325,0.024152776571260685,0.04941354168817384,1,0.11590649780942705,0.0299242269713098,14.396846226283483,0.0,0.0,-1,0.6,0.026702395530909764,0.11590649780942705,0.014138155210863701,0.44943926255232564
2024-02-05,479.3581848144531,-0.003647936408689212,0.012376078701114766,0.009878886935308822,0.008679553929455491,0.003754464631984973,0.018442566993488684,0.04372620807041566,1,0.11808463937950228,0.030078579841628716,14.418413434709821,0.0,0.0,-1,0.4,0.02035415563275715,0.11808463937950228,0.002601995450389971,0.4709068989395203
2024-02-06,480.74993896484375,0.002899163314511455,0.012376078701114766,0.009878886935308822,0.008679553929455491,0.004435962702829317,0.01932205734395271,0.044840722439544844,1,0.10987898594448939,0.029495391498188736,14.179907662527901,0.0,0.0,-1,0.6,0.02126657454620917,0.10987898594448939,0.006274941280597801,0.3900324568544232
2024-02-07,484.7596130371094,0.008305867332628836,0.012376078701114766,0.009878886935308822,0.008679553929455491,0.008505948182036866,0.02510726458053614,0.0513471291130636,1,0.1112309277100688,0.029521197350606286,14.310684204101562,0.0,0.0,-1,0.8,0.02721261906201763,0.1112309277100688,0.03103270217031273,0.4033571161138847
2024-02-08,484.97369384765625,0.00044152513377504476,0.012376078701114766,0.009878886935308822,0.008679553929455491,0.005949798616231719,0.02306953400804263,0.04967866894179789,1,0.11080985622661821,0.029617846338807634,14.363876342773438,0.0,0.0,-1,0.8,0.02536560095092937,0.11080985622661821,0.018470951505795696,0.3992070601102147
2024-02-09,487.776611328125,0.0057628873983848194,0.012376078701114766,0.009878886935308822,0.008679553929455491,0.007811841521645923,0.026149982234017002,0.05344239220302993,1,0.11101277544999355,0.02948361417232958,14.381417410714286,0.0,0.0,-1,0.8,0.028661816084182445,0.11101277544999355,0.013761506770610943,0.4012070201510321
2024-02-12,487.5625,-0.000439050026963983,0.012376078701114766,0.009878886935308822,0.008679553929455491,0.00490093347526349,0.023195201736414015,0.05079679577063746,1,0.11133512779073142,0.029605221743488643,14.434395926339286,0.0,0.0,-1,0.8,0.025652647086984445,0.11133512779073142,0.016970393152336172,0.444756771185968
2024-02-13,480.84722900390625,-0.013868878910357374,0.012376078701114766,0.009878886935308822,0.008679553929455491,-0.00597762401378839,0.008228535726958643,0.034849901004473834,1,0.12397729310224828,0.03145170542644721,15.123465401785714,0.0,0.0,-1,0.6,0.0095471856216576,0.12397729310224828,0.00020235092746734296,0.6166948933690969
2024-02-14,485.217041015625,0.009046689646524442,0.012376078701114766,0.009878886935308822,0.008679553929455491,0.0020351187359378556,0.015708740473311972,0.04244521571602216,1,0.12302607895321042,0.031130484354502927,15.10504150390625,0.0,0.0,-1,0.6,0.015993856619496278,0.12302607895321042,0.000943173241362949,0.6838746118486757
2024-02-15,488.56488037109375,0.006875980077593269,0.012376078701114766,0.009878886935308822,0.008679553929455491,0.005948146537516572,0.020508923690027745,0.04759851518414681,1,0.12191093015935667,0.030862902868375983,15.078530447823661,0.0,0.0,-1,0.6,0.020350715359971336,0.12191093015935667,0.007377628185181173,0.66940921358194
2024-02-16,486.1318664550781,-0.004992360910679672,0.012376078701114766,0.009878886935308822,0.008679553929455491,0.0006255412583764209,0.013937168438666298,0.040651972232816684,1,0.11899376426195875,0.03149548939004811,15.310961042131696,0.0,0.0,-1,0.4,0.01351021492918524,0.11899376426195875,-0.003377620123883318,0.6315685534399231
2024-02-20,483.4554748535156,-0.005520695836536582,0.012376078701114766,0.009878886935308822,0.008679553929455491,-0.0032608997119083828,0.007553232800830057,0.03350727303545005,1,0.12172988960476627,0.032517497056083665,15.720761980329241,0.0,0.0,-1,0.4,0.006571171678247584,0.12172988960476627,-0.008459265933455917,0.840653718319526
2024-02-21,483.8934020996094,0.0009054174485401134,0.012376078701114766,0.009878886935308822,0.008679553929455491,-0.00157325396579532,0.0076534549900877605,0.03304808985081428,1,0.1215983816509998,0.03143173215319482,15.209607805524554,0.0,0.0,-1,0.6,0.006223944737834739,0.1215983816509998,0.00631503042544157,0.9556765644519154
2024-02-22,493.9078674316406,0.020484357755583993,0.012376078701114766,0.009878886935308822,0.008679553929455491,0.012646055652573073,0.025722617974660772,0.0521818469415487,1,0.13942521035381772,0.03155712082789245,15.586310250418526,0.0,0.0,-1,0.6,0.02475572052544096,0.13942521035381772,0.01775269853450112,1.0
2024-02-23,494.2484436035156,0.0006893164199963664,0.012376078701114766,0.009878886935308822,0.008679553929455491,0.008856823770518753,0.023852734423547923,0.05072733481678374,1,0.13899758912153898,0.03168561091146669,15.66056387765067,0.0,0.0,-1,0.6,0.02341444315179635,0.13899758912153898,0.011566034876904219,0.9938133105479964
2024-02-26,492.438232421875,-0.0036692766946524458,0.012376078701114766,0.009878886935308822,0.008679553929455491,0.003435310539948492,0.018153509285844728,0.04495794804154801,1,0.14000096133585097,0.03194713414482121,15.731990269252233,0.0,0.0,-1,0.6,0.01776077581342924,0.14000096133585097,0.012889119092931445,1.0
2024-02-27,493.3531494140625,0.0018562086699889235,0.012376078701114766,0.009878886935308822,0.008679553929455491,0.00352685340362865,0.018101548972826377,0.04497749456979091,1,0.13818774684010957,0.032143686916581336,15.858189174107142,0.0,0.0,-1,0.8,0.01804833092788217,0.13818774684010957,0.02026602359945695,0.9739836933589807
2024-02-28,492.7010498046875,-0.001322644749051527,0.012376078701114766,0.009878886935308822,0.008679553929455491,0.0014658723364817917,0.015135903164247745,0.04181512683671167,1,0.13832482697995765,0.03216432531823479,15.847396850585938,0.0,0.0,-1,0.6,0.015135996143555245,0.13832482697995765,0.01803796140186531,0.975950542267953
2024-02-29,494.4722900390625,0.0035885129057531273,0.012376078701114766,0.009878886935308822,0.008679553929455491,0.003371707139773047,0.016965848439448504,0.04369565682904548,1,0.12094991072511731,0.03191803980093153,15.782586233956474,0.0,0.0,-1,0.6,0.016217885813776776,0.12094991072511731,0.0011421165520344445,0.7266523206788255
2024-03-01,499.1145935058594,0.009344602519887779,0.012376078701114766,0.009878886935308822,0.008679553929455491,0.008491633487819457,0.023928011543766496,0.05128887891429355,1,0.11739852420756246,0.03170294261222436,15.823401314871651,0.0,0.0,-1,0.6,0.02333821161429879,0.11739852420756246,0.009797402651925857,0.6756964294378887
2024-03-04,498.5793151855469,-0.001073031251385359,0.012376078701114766,0.009878886935308822,0.008679553929455491,0.004927875250035998,0.02061080485629878,0.048099686079332,1,0.1139195756478863,0.03182625692455148,15.867913382393974,0.0,0.0,-1,0.6,0.020413300799922107,0.1139195756478863,0.012393648095192944,0.6257798902035939
2024-03-05,493.5964050292969,-0.010044495041036328,0.012376078701114766,0.009878886935308822,0.008679553929455491,-0.003416220388021277,0.009409783182351793,0.03609601043387153,1,0.12006153846061512,0.03185101102440254,15.721544538225446,0.0,0.0,-1,0.4,0.008745299234770925,0.12006153846061512,0.0004929443841676928,0.71390580596755
2024-03-06,496.09759521484375,0.005054482516642977,0.012376078701114766,0.009878886935308822,0.008679553929455491,0.0010885716073501688,0.013123280711440616,0.03966047116685853,1,0.1206457024196911,0.03187340399720862,15.812319074358259,0.0,0.0,-1,0.6,0.012269377551510705,0.1206457024196911,0.006870071649862197,0.7222874887324113
2024-03-07,501.02203369140625,0.009877407626364132,0.012376078701114766,0.009878886935308822,0.008679553929455491,0.007323569025979135,0.020926091326405667,0.047926548327438194,1,0.12193133528318456,0.031578583049390416,15.821565900530134,0.0,0.0,-1,0.6,0.020624155117069682,0.12193133528318456,0.013158966370473202,0.7407339653533372
2024-03-08,498.01483154296875,-0.0060202207457829005,0.012376078701114766,0.009878886935308822,0.008679553929455491,0.0008512884628380731,0.01337014402046135,0.039938724890569155,1,0.12490182968251724,0.03202844370670429,15.950639997209821,0.0,0.0,-1,0.4,0.013152465373027077,0.12490182968251724,-0.0022058568951974777,0.7833551187524392
2024-03-11,497.5866394042969,-0.0008601678032169602,0.012376078701114766,0.009878886935308822,0.008679553929455491,-6.160977772619029e-06,0.011295038487225796,0.0374560761327986,1,0.1239911376120688,0.03223096574188621,16.03769792829241,0.0,0.0,-1,0.4,0.011272243459797184,0.1239911376120688,-0.001992993447029079,0.7702883557103515
2024-03-12,502.93927001953125,0.010699736270193938,0.012376078701114766,0.009878886935308822,0.008679553929455491,0.007141710529543869,0.020019663967735437,0.046620780943029946,1,0.12850376169693264,0.03171137134534075,15.94889395577567,0.0,0.0,-1,0.6,0.020556012287255766,0.12850376169693264,0.018751237864201187,0.8349079781631294
2024-03-13,502.1510009765625,-0.0015685540440157908,0.012376078701114766,0.009878886935308822,0.008679553929455491,0.0037019302466554087,0.016637396532338547,0.04314035296423996,1,0.11570580420514688,0.031206738887300457,15.670495169503349,0.0,0.0,-1,0.4,0.016758783338839695,0.11570580420514688,0.012128201303542419,0.6465637763729961
2024-03-14,501.1582946777344,-0.001978864597529828,0.012376078701114766,0.009878886935308822,0.008679553929455491,0.00114448066403419,0.013216082039974172,0.039403776397775675,1,0.11361164215493878,0.03153794939233802,15.805504935128349,0.0,0.0,-1,0.2,0.013113682709641418,0.11361164215493878,0.0002719290796484586,0.6160987448975201
2024-03-15,497.71710205078125,-0.006890161179722298,0.012376078701114766,0.009878886935308822,0.008679553929455491,-0.0038272140160168413,0.005659400699609965,0.030962192320241843,1,0.11564917875783653,0.032003004825662484,15.928442818777901,0.0,0.0,-1,0.2,0.005227242755542408,0.11564917875783653,-0.0005980113542909393,0.6457400120256042
2024-03-18,500.6750793457031,0.005925499027248371,0.012376078701114766,0.009878886935308822,0.008679553929455491,0.0013944471016729238,0.010516268057447221,0.03558305593213041,1,0.11472600094580243,0.03171778299777543,15.880303519112724,0.0,0.0,-1,0.4,0.009718496547489875,0.11472600094580243,0.006187655476174392,0.4853648641937089
2024-03-19,503.4573669433594,0.005541688705190673,0.012376078701114766,0.009878886935308822,0.008679553929455491,0.00462877464552322,0.014573030565113474,0.03965249266491086,1,0.112478804138948,0.031196840568662752,15.70627920968192,0.0,0.0,-1,0.4,0.01328587395750476,0.112478804138948,0.0010296079111711265,0.42768670868509984
2024-03-20,508.11407470703125,0.00920694370519115,0.012376078701114766,0.009878886935308822,0.008679553929455491,0.0092378307693421,0.02162629182010538,0.047245325259046365,1,0.11520778716965488,0.03076665734235871,15.632971627371651,0.0,0.0,-1,0.6,0.02017166020180151,0.11520778716965488,0.011805105660378068,0.4844349224632742
2024-03-21,509.7931213378906,0.003299020107549566,0.012376078701114766,0.009878886935308822,0.008679553929455491,0.008346901787371665,0.02256732246988247,0.04862076577610377,1,0.09364422236640467,0.03062443855756528,15.612128121512276,0.0,0.0,-1,0.8,0.021913150270722347,0.09364422236640467,0.017082990365457462,0.036028401973703224
2024-03-22,508.8266906738281,-0.0018975302515098491,0.012376078701114766,0.009878886935308822,0.008679553929455491,0.004281048140960257,0.01862756464428613,0.044722337567542854,1,0.09441857429316516,0.030762989997140444,15.653030395507812,0.0,0.0,-1,0.8,0.018487712631766837,0.09441857429316516,0.02207562129366991,0.05213076984660391
2024-03-25,507.4209289550781,-0.002766574972928204,0.012376078701114766,0.009878886935308822,0.008679553929455491,0.001003808689401539,0.014285801574912074,0.040129563019793826,1,0.09382147336148962,0.0300860210864442,15.26627676827567,0.0,0.0,-1,0.6,0.014153163481892134,0.09382147336148962,0.013383547293493336,0.03971427222217792
2024-03-26,506.48370361328125,-0.0018487450961988117,0.012376078701114766,0.009878886935308822,0.008679553929455491,-0.0005635471494510636,0.011216986764523703,0.03665511330099569,1,0.09455304870775343,0.030091304507719983,15.240755353655134,0.0,0.0,-1,0.4,0.010953447767777088,0.09455304870775343,0.005993113492103852,0.054927116595881
2024-03-27,510.7401428222656,0.008368785427243175,0.012376078701114766,0.009878886935308822,0.008679553929455491,0.0052101374232251816,0.01780409146487848,0.0435105508042531,1,0.0971908652250962,0.029741775205594012,15.190318516322545,0.0,0.0,-1,0.4,0.017617361322115676,0.0971908652250962,0.005154955214155876,0.10977955574607719
2024-03-28,510.642578125,-0.00019104434716066265,0.012376078701114766,0.009878886935308822,0.008679553929455491,0.0033398241593553158,0.015905877511471298,0.041542175600287085,1,0.09719328598688189,0.029005012347339,14.811194283621651,0.0,0.0,-1,0.2,0.015786625253114542,0.09719328598688189,0.0016648907594456475,0.10982989461069233
2024-04-01,509.7540588378906,-0.001741517914674695,0.012376078701114766,0.009878886935308822,0.008679553929455491,0.0010621093323155497,0.012774502956010741,0.038112474307197816,1,0.09338224585836023,0.028246018376097026,14.398522513253349,0.0,0.0,-1,0.2,0.012947234818535623,0.09338224585836023,0.0018209030962808015,0.030580695367951848
2024-04-02,506.5130310058594,-0.006378320920347846,0.012376078701114766,0.009878886935308822,0.008679553929455491,-0.0035413703640415316,0.005728445389820108,0.03023899341452936,1,0.09682102249272964,0.029074550687612773,14.726638793945312,0.0,0.0,-1,0.2,0.005714123182218894,0.09682102249272964,-0.0017908428511388408,0.1020888100710462
2024-04-03,507.0694274902344,0.0010978811552968537,0.012376078701114766,0.009878886935308822,0.008679553929455491,-0.0016325157706939303,0.00617841818155938,0.030103437249221012,1,0.08795742594508703,0.0285751926644639,14.489606584821429,0.0,0.0,-1,0.4,0.005473984694636308,0.08795742594508703,0.0011557834003568246,0.0
2024-04-04,500.8800964355469,-0.012281188097314377,0.012376078701114766,0.009878886935308822,0.008679553929455491,-0.009255078451498972,-0.005525044048792414,0.016830892327725794,1,0.09908583467153059,0.029489909872154142,14.770908900669642,0.0,0.0,-1,0.2,-0.007269630221382423,0.09908583467153059,-0.019494190124200728,0.21382883854617035
2024-04-05,506.1127014160156,0.010392630588688334,0.012376078701114766,0.009878886935308822,0.008679553929455491,0.0007297715766542045,0.004398776984998552,0.026348566541211184,1,0.0997486113816038,0.028951360170538558,14.652651105608259,0.0,0.0,-1,0.4,0.0025954593702535093,0.0997486113816038,-0.00891051518835173,0.22656388248768616
2024-04-08,506.3958435058594,0.0005592883114795555,0.012376078701114766,0.009878886935308822,0.008679553929455491,0.0008593802979294675,0.004486117190148177,0.025839676280267315,1,0.09672802044285957,0.02883943413114697,14.604169573102679,0.0,0.0,-1,0.6,0.0023242988565411165,0.09672802044285957,-0.00660970896219748,0.1685241871429249
2024-04-09,506.98162841796875,0.0011561042031882351,0.012376078701114766,0.009878886935308822,0.008679553929455491,0.0013438611813494307,0.005107419693787953,0.02593899159779094,1,0.0965240825669723,0.028971763363656654,14.68815176827567,0.0,0.0,-1,0.8,0.002551598835219694,0.0965240825669723,0.0009247161613386012,0.1646055856421618
2024-04-10,501.9051208496094,-0.010063667535703757,0.012376078701114766,0.009878886935308822,0.008679553929455491,-0.005805331126696064,-0.00448695078657498,0.01504246430073554,1,0.09680366013233271,0.030292628301515422,15.204025268554688,0.0,0.0,-1,0.6,-0.007385653264980178,0.09680366013233271,-0.01023683252966201,0.1699775797478895
2024-04-11,505.69293212890625,0.007518532040220016,0.012376078701114766,0.009878886935308822,0.008679553929455491,0.0011311758458772993,0.002737069535516189,0.021793144302480943,1,0.10029011846205609,0.029595528803191013,14.966249738420759,0.0,0.0,-1,0.8,-0.000244681599131779,0.10029011846205609,0.009562887607872383,0.23696876901944128
2024-04-12,498.71282958984375,-0.013899193288507306,0.012376078701114766,0.009878886935308822,0.008679553929455491,-0.008494245734792566,-0.010056890447171883,0.007385519360993566,0,0.11218441287230205,0.030795184806836073,15.357953752790179,0.0,0.0,-1,0.6,-0.013805952777823618,0.11218441287230205,-0.014728936269323256,0.4655138576829762
2024-04-15,492.46490478515625,-0.012607239535006975,0.012376078701114766,0.009878886935308822,0.008679553929455491,-0.014041852922564612,-0.020363602506886375,-0.005030842840557254,0,0.11834270582027294,0.03237031229646003,15.94124276297433,0.0,0.0,-1,0.4,-0.025655109016395245,0.11834270582027294,-0.027895464115809787,0.5838435003894513
2024-04-16,491.5667419433594,-0.0018254760285358884,0.012376078701114766,0.009878886935308822,0.008679553929455491,-0.010616089208641611,-0.020083090383935093,-0.006578794340380533,0,0.11590773652669059,0.033776017447815644,16.603166852678573,0.0,0.0,-1,0.2,-0.026555011951597582,0.11590773652669059,-0.03087704434753391,0.5370563389235822
2024-04-17,488.6575622558594,-0.005935760247283817,0.012376078701114766,0.009878886935308822,0.008679553929455491,-0.011041583408726298,-0.023475288128549578,-0.011975338325090469,0,0.11457639089763132,0.034684014998833834,16.94860621861049,0.0,0.0,-1,0.2,-0.030895912126263005,0.11457639089763132,-0.02674913705911397,0.511474955586286
2024-04-18,487.65203857421875,-0.0020598466640446844,0.012376078701114766,0.009878886935308822,0.008679553929455491,-0.008755892058167026,-0.02311369348769881,-0.013466470871848841,0,0.10737638943219141,0.03563445516399845,17.377214704241073,0.0,0.0,-1,0.0,-0.030923796004528492,0.10737638943219141,-0.03632751576337867,0.3731292146334591
2024-04-19,483.3955993652344,-0.008766751091678238,0.012376078701114766,0.009878886935308822,0.008679553929455491,-0.01167300216033212,-0.02871353705373458,-0.021229966279683918,0,0.1079368369942575,0.03681685576988331,17.797106061662948,0.0,0.0,-1,0.0,-0.03685608864522102,0.1079368369942575,-0.031195073566549603,0.3838980365026505
2024-04-22,487.8472900390625,0.009167061910401841,0.012376078701114766,0.009878886935308822,0.008679553929455491,-0.0017156659312837176,-0.017919757259583106,-0.011742825589776558,0,0.11582857907870638,0.03571158688705845,17.421800885881698,0.0,0.0,-1,0.2,-0.02595050770936411,0.11582857907870638,-0.009420772121140786,0.5355353537063047
2024-04-23,493.6363830566406,0.011796752838408864,0.012376078701114766,0.009878886935308822,0.008679553929455491,0.006730992957549047,-0.005672437659818445,-1.495381022298579e-05,0,0.12582974076291906,0.03525981247496629,17.405526297433035,0.0,0.0,-1,0.4,-0.013033648867263447,0.12582974076291906,0.0042014567458039664,0.727704498425623
2024-04-24,493.4021301269531,-0.0004746581434389441,0.012376078701114766,0.009878886935308822,0.008679553929455491,0.004160164002910504,-0.005562375675895188,-0.00047030547938935657,0,0.1258559580513635,0.034207872265835694,16.87823704310826,0.0,0.0,-1,0.4,-0.012210225915831088,0.1258559580513635,0.009662558849648839,0.7282082552947053
2024-04-25,491.5277099609375,-0.003806204975510319,0.012376078701114766,0.009878886935308822,0.008679553929455491,0.00023023289570379957,-0.008458194592539168,-0.004100823120658121,0,0.12075640834440005,0.034060034417525295,16.741450718470983,0.0,0.0,-1,0.4,-0.014066700713365762,0.12075640834440005,0.007916200538183205,0.630222027635997
2024-04-26,496.1844177246094,0.009429351197460356,0.012376078701114766,0.009878886935308822,0.008679553929455491,0.006450038996854666,0.0008464383679023315,0.005124014413180434,0,0.12723502588699687,0.033758826786343336,16.750603812081472,0.0,0.0,-1,0.6,-0.0032807288803523692,0.12723502588699687,0.0261123028273218,0.7547066056715347
2024-04-29,497.94158935546875,0.0035351121453253143,0.012376078701114766,0.009878886935308822,0.008679553929455491,0.0066539545358842945,0.00397097158920287,0.00834015785170108,0,0.1284399616559028,0.033458959505115314,16.660607474190847,0.0,0.0,-1,0.6,0.0014371513527604177,0.1284399616559028,0.02048035306224527,0.7778590637022734
2024-04-30,490.0535888671875,-0.015968029534862538,0.012376078701114766,0.009878886935308822,0.008679553929455491,-0.006214361755949897,-0.010808943662861295,-0.00733603252970352,0,0.13776742105024703,0.034267394709696586,16.792859758649552,0.0,0.0,-1,0.4,-0.01279288157318494,0.13776742105024703,-0.0072844293110261304,0.9570832329350109
2024-05-01,488.46234130859375,-0.003252372112080515,0.012376078701114766,0.009878886935308822,0.008679553929455491,-0.006314052261804674,-0.012702569890259873,-0.010149413210033126,0,0.13748096183468336,0.03593355707051931,17.552189418247767,0.0,0.0,-1,0.4,-0.014150764341471587,0.13748096183468336,-0.010062143279667701,0.9515790101067034
2024-05-02,493.03106689453125,0.009309810022751108,0.012376078701114766,0.009878886935308822,0.008679553929455491,0.0019848094652118358,-0.003138841049378777,-0.0008561487154628667,0,0.13715524908148646,0.03478807677742391,17.151602608816965,0.0,0.0,-1,0.6,-0.004141046007743836,0.13715524908148646,0.003053871718593726,0.9453205430223419
2024-05-03,499.1423645019531,0.012319166593901087,0.012376078701114766,0.009878886935308822,0.008679553929455491,0.009557291119270369,0.00833242939262118,0.0110714917300971,0,0.13939078132713062,0.033242200045580546,16.59259033203125,0.0,0.0,-1,0.6,0.008913217788604667,0.13939078132713062,0.005943687115034457,0.9882755849667232
2024-05-06,504.29693603515625,0.010273898720914332,0.012376078701114766,0.009878886935308822,0.008679553929455491,0.013233746909362604,0.016929839417709477,0.020651624851648894,1,0.1447124978064413,0.03154613116862385,15.908617292131696,0.0,0.0,-1,0.6,0.01954839184469968,0.1447124978064413,0.012682473690623475,1.0
2024-05-07,504.8534851074219,0.0011030052944143165,0.012376078701114766,0.009878886935308822,0.008679553929455491,0.009522421964861747,0.01630485394513837,0.020906135019021627,1,0.14470598344660202,0.03070640251073023,15.502234322684151,0.0,0.0,-1,0.8,0.02089319995980956,0.14470598344660202,0.02975350851990033,0.9998852197763894
2024-05-08,504.90216064453125,9.641052734199462e-05,0.012376078701114766,0.009878886935308822,0.008679553929455491,0.006392671518759729,0.014817518245607302,0.020164247935752375,1,0.13994611636108006,0.03001022221804118,15.152226039341517,0.0,0.0,-1,1.0,0.020682337998448694,0.13994611636108006,0.03310229115932284,0.9160184052448225
2024-05-09,507.8114013671875,0.005745452287134967,0.012376078701114766,0.009878886935308822,0.008679553929455491,0.00809476761046689,0.0186600767217446,0.02499562434962947,1,0.13887010885531856,0.028582689756449713,14.514615740094866,0.0,0.0,-1,1.0,0.02634372847632649,0.13887010885531856,0.029537933423706697,0.8970596149469252
2024-05-10,508.465576171875,0.0012873948923290968,0.012376078701114766,0.009878886935308822,0.008679553929455491,0.006242732747491962,0.018035904903282794,0.025257980076723505,1,0.12848136811382524,0.028428746340930698,14.455038888113839,0.0,0.0,-1,1.0,0.02665404994726275,0.12848136811382524,0.018506161722134706,0.7140144631960518
2024-05-13,508.5338134765625,0.00013419340362297305,0.012376078701114766,0.009878886935308822,0.008679553929455491,0.004242828697453781,0.016413403886341032,0.024375391806111993,1,0.11817222290608087,0.028765334974169433,14.628145490373884,0.0,0.0,-1,1.0,0.02512880968873065,0.11817222290608087,0.008366456404843348,0.5323717505777266
2024-05-14,510.8670654296875,0.004577700639478266,0.012376078701114766,0.009878886935308822,0.008679553929455491,0.005882970899895176,0.01903137954816511,0.027903396597643168,1,0.11789204755494974,0.02854144153699525,14.580882481166295,0.0,0.0,-1,1.0,0.027832826242705024,0.11789204755494974,0.011841151749907297,0.5274351811762189
2024-05-15,517.193115234375,0.012306924767553795,0.012376078701114766,0.009878886935308822,0.008679553929455491,0.012151575700718868,0.028549667424169364,0.03897637731676934,1,0.11953060691453286,0.027981120019076034,14.471642630440849,0.0,0.0,-1,1.0,0.03758197535328557,0.11953060691453286,0.024051665990119098,0.5563058936226047
2024-05-16,516.12890625,-0.002059782601176785,0.012376078701114766,0.009878886935308822,0.008679553929455491,0.006690151923916912,0.023855750146954402,0.03534280884676006,1,0.11953057210070385,0.02800820312367871,14.455843244280134,0.0,0.0,-1,0.8,0.032497667808372814,0.11953057210070385,0.016246431101807346,0.5563052802178838
2024-05-17,516.8709716796875,0.0014367195450564196,0.012376078701114766,0.009878886935308822,0.008679553929455491,0.00541033962930224,0.02286048599367961,0.03533596938141534,1,0.11161756872439099,0.028342585754491414,14.649459838867188,0.0,0.0,-1,0.8,0.030531599042386285,0.11161756872439099,0.01639575575453467,0.41688155795314313
2024-05-20,517.4664916992188,0.001151500562277974,0.012376078701114766,0.009878886935308822,0.008679553929455491,0.004369590450035815,0.021699881001242163,0.03504613850950344,1,0.1096846908497518,0.027150831571655966,14.049645560128349,0.0,0.0,-1,0.8,0.02868152990693416,0.1096846908497518,0.01741306291318967,0.38282507962886264
2024-05-21,518.7355346679688,0.0024494134752437446,0.012376078701114766,0.009878886935308822,0.008679553929455491,0.004544797049120296,0.021849856643645905,0.036057454757079006,1,0.1045818184760922,0.025945211534244565,13.458703177315849,0.0,0.0,-1,0.8,0.028638085536250232,0.1045818184760922,0.015284775748955148,0.29291465918000315
2024-05-22,529.83,0.02116201419764341,0.012376078701114766,0.009878886935308822,0.008679553929455491,0.017203742624558455,0.03937843021736703,0.055805761581310225,1,0.12304606630350018,0.024553343830936932,13.009098161969868,4.839e+16,4.839e+16,1,0.8,0.04685709099742437,0.12304606630350018,0.02413986517904476,0.6182467787923945
2024-05-23,525.96,-0.007331036157657067,0.012376078701114766,0.009878886935308822,0.008679553929455491,0.006494742367129756,0.02867247895973611,0.04612089233192562,1,0.12643487003522125,0.02336115234227325,12.2870316859654,-8821199999999999.0,5.72112e+16,-1,0.8,0.03568758292191285,0.12643487003522125,0.01886861162256448,0.677956045657557
2024-05-24,529.44,0.006594679954571525,0.012376078701114766,0.009878886935308822,0.008679553929455491,0.008731174424156395,0.0319916449287149,0.05085663692893653,1,0.12503020607796383,0.021787282022001,11.535058593749998,3.2469899999999996e+16,4.12911e+16,1,0.8,0.039137794233724425,0.12503020607796383,0.024026572032079585,0.6532064697837242
2024-05-28,529.81,0.0006986075337218622,0.012376078701114766,0.009878886935308822,0.008679553929455491,0.006271027152920139,0.029505419630522455,0.049467770063675975,1,0.1253474997379203,0.020447727101675098,10.833410295758929,6.873949999999999e+16,3.62696e+16,1,0.8,0.036622040449567635,0.1253474997379203,0.023573679003523473,0.6587970478510304
2024-05-29,526.1,-0.007027142970250644,0.012376078701114766,0.009878886935308822,0.008679553929455491,-0.0005170643855063253,0.020130095017082215,0.04040041094468931,1,0.11043762252084276,0.01933905795485197,10.174278390066961,2.35492e+16,4.51903e+16,1,0.6,0.02574588735035697,0.11043762252084276,0.014097122558029085,0.3960914124234062
2024-05-30,522.61,-0.006655820739547735,0.012376078701114766,0.009878886935308822,0.008679553929455491,-0.004776282026626718,0.012074819530503792,0.0321427870048918,1,0.11382635423307187,0.018506293430030227,9.671574009486603,-2.28284e+16,4.63776e+16,-1,0.4,0.015560663631146263,0.11382635423307187,-0.013720712379162059,0.4557994103360398
2024-05-31,527.37,0.009066901482690959,0.012376078701114766,0.009878886935308822,0.008679553929455491,0.0028548160675284564,0.01922604246246062,0.039849592683844776,1,0.11366162574607992,0.01731955751373916,9.133815046037942,6.795739999999999e+16,9.07858e+16,1,0.6,0.02140266098251725,0.11366162574607992,0.002677225261185967,0.4528969651167939
2024-06-03,527.8,0.0008150345893129796,0.012376078701114766,0.009878886935308822,0.008679553929455491,0.0024453468859287095,0.018112288865798798,0.039039167376552324,1,0.10887837311717534,0.016041954402700103,8.466943533761155,1.147931e+17,4.68357e+16,1,0.6,0.019406437475875473,0.10887837311717534,-0.0031024201040725785,0.3686181073507516
2024-06-04,528.39,0.0011172233430878364,0.012376078701114766,0.009878886935308822,0.008679553929455491,0.0023744629991155823,0.01738514008423172,0.03856336361935306,1,0.10532556395390466,0.014782239497127108,7.810787527901774,1.494258e+17,3.4632699999999996e+16,1,0.6,0.018176988184150644,0.10532556395390466,-0.0026838042947066043,0.30601913519281376
2024-06-05,534.67,0.011815086740545766,0.012376078701114766,0.009878886935308822,0.008679553929455491,0.009480079668941972,0.02659493890608779,0.0488130608558103,1,0.11040683363077439,0.013433933633876037,7.182721296037934,1.970362e+17,4.76104e+16,1,0.8,0.027326947073708762,0.11040683363077439,0.016158425416089806,0.39554892539874725
2024-06-06,534.66,-1.870330019837496e-05,0.012376078701114766,0.009878886935308822,0.008679553929455491,0.006287636630060074,0.023984011592366915,0.04679044431355734,1,0.11044592492009901,0.01183622533205637,6.328356236049095,2.4351663566852655,-0.3633292002479851,1,0.8,0.024379166957319162,0.11044592492009901,0.022795542855439166,0.3962376971338993
2024-06-07,534.01,-0.0012164654760660198,0.012376078701114766,0.009878886935308822,0.008679553929455491,0.0033704881201481606,0.020529038188918984,0.04365489641440982,1,0.11080048538764817,0.010174761234137188,5.433424246651774,14.944043894254747,-0.24447485806974859,1,0.6,0.02057241725480042,0.11080048538764817,0.012512175896682187,0.4024849003515307
2024-06-10,535.66,0.003085066064620001,0.012376078701114766,0.009878886935308822,0.008679553929455491,0.004304536920325257,0.021378623566547912,0.04495854370573406,1,0.11071999061422451,0.008695404897367507,4.6577805873325735,3.8872740599755464,-0.13574353795369948,1,0.6,0.021072423753843834,0.11071999061422451,0.014782207371989209,0.40106661700197743
2024-06-11,536.95,0.0024053488629807163,0.012376078701114766,0.009878886935308822,0.008679553929455491,0.004472076078602435,0.021519177850086228,0.04552852835836838,1,0.11034059953077689,0.007448746934660949,3.9996046665736458,1.8378545086885998,0.0031376138694664403,1,0.6,0.020766832033075812,0.11034059953077689,0.01607033289188209,0.3943819089925431
2024-06-12,541.36,0.008179511619728963,0.012376078701114766,0.009878886935308822,0.008679553929455491,0.008445426623405396,0.02698363564166786,0.05188322956484102,1,0.11187549241825592,0.006792416981557651,3.6771428571428424,9.969544612980483,0.399665414923114,1,0.6,0.026176152716773975,0.11187549241825592,0.012434757771065286,0.4214260627067449
2024-06-13,542.45,0.0020114233444861185,0.012376078701114766,0.009878886935308822,0.008679553929455491,0.006959616408259528,0.026212088476621886,0.05177380855489562,1,0.10621819425825377,0.006298144661115789,3.416428571428558,14.276659774666644,-0.034859501138480645,1,0.8,0.025786789349828212,0.10621819425825377,0.014464884415749779,0.3217468979296788
2024-06-14,542.78,0.0006081660296350933,0.012376078701114766,0.009878886935308822,0.008679553929455491,0.005035424449451148,0.024218640255883467,0.05025492285213701,1,0.10515465840175438,0.006158769930452435,3.3428571428571314,4.049851818933626,-0.5584122186509344,1,1.0,0.023830881540797107,0.10515465840175438,0.016289515921450892,0.3030078527374275
2024-06-17,547.1,0.007927519771669722,0.012376078701114766,0.009878886935308822,0.008679553929455491,0.008652092872223521,0.02919751244933438,0.05618619462017868,1,0.10678146865394271,0.006366033892982578,3.482857142857134,2.4759432404909356,0.19224224256283134,1,1.0,0.029045759231728873,0.10678146865394271,0.021131969628500613,0.3316715509556666
2024-06-18,548.49,0.0025374469387378085,0.012376078701114766,0.009878886935308822,0.008679553929455491,0.007448651067224127,0.028695673140153206,0.056430725138173585,1,0.10660364997696722,0.005819874304248086,3.1921428571428527,1.947219957999221,0.19472059643054107,1,1.0,0.02865898674847464,0.10660364997696722,0.021264067704257705,0.32853846220881633
2024-06-20,547.0,-0.00272024558653694,0.012376078701114766,0.009878886935308822,0.008679553929455491,0.0031363189403779777,0.023376727486027184,0.05135259024812893,1,0.10846384426394147,0.005645077043604203,3.087857142857144,0.8781447267050421,0.4771604523381446,1,0.8,0.023152807029970288,0.10846384426394147,0.010364310497991802,0.3613142869230987
2024-06-21,544.51,-0.004562494744689616,0.012376078701114766,0.009878886935308822,0.008679553929455491,-0.0009538281980174633,0.01690538799681692,0.044659025614960324,1,0.08644166244304922,0.005849295697037985,3.1850000000000023,0.8391874519108428,1.0883392570232242,1,0.6,0.017098902412568267,0.08644166244304922,0.003790392408816068,0.0
2024-06-24,542.74,-0.0032559237776954575,0.012376078701114766,0.009878886935308822,0.008679553929455491,-0.0028048324754022325,0.012288669716006905,0.0395810122941403,1,0.08210492696364535,0.005623581930827348,3.0521428571428584,1.1153530965048064,0.053307730569468706,1,0.4,0.012206380141530353,0.08210492696364535,-7.369739851448287e-05,0.0
2024-06-25,544.83,0.0038434354989282937,0.012376078701114766,0.009878886935308822,0.008679553929455491,0.0006898936463406952,0.014622677802175514,0.04180362605925159,1,0.0804357432367139,0.00550761574382612,3.000714285714293,0.8787114191063922,0.06305256108120529,1,0.4,0.014648081949524314,0.0804357432367139,-0.004157781671255911,0.0
2024-06-26,545.51,0.0012473175122638125,0.012376078701114766,0.009878886935308822,0.008679553929455491,0.0012917321321583499,0.014354062508414136,0.041343662617622685,1,0.08039289487830681,0.005013656944868106,2.7350000000000136,0.725930896532421,0.059565626082224314,1,0.4,0.014431440661470717,0.08039289487830681,-0.005447911097729907,0.0
2024-06-27,546.37,0.0015752650068439067,0.012376078701114766,0.009878886935308822,0.008679553929455491,0.001911687606741039,0.014411949134963199,0.04123014599713188,1,0.07388316498569436,0.004863266389329585,2.6571428571428686,0.43898166643440023,-0.4459955763755053,1,0.6,0.014119380878022156,0.07388316498569436,-0.0011524005043490604,0.0
2024-06-28,544.22,-0.003942825049371379,0.012376078701114766,0.009878886935308822,0.008679553929455491,-0.0013548487352413703,0.009418430459493869,0.03562477422623282,1,0.07025978535067356,0.005053103524300751,2.750000000000008,-0.024765008088492697,0.7011387170499253,-1,0.6,0.008106979152276275,0.07025978535067356,-0.0005327308090308236,0.0
2024-07-01,545.34,0.0020558764904787807,0.012376078701114766,0.009878886935308822,0.008679553929455491,0.00046679386060828,0.010389591286867242,0.03622181919309091,1,0.06516381391919071,0.005501155242590873,3.000000000000008,-0.021266130263644066,0.005185844813781027,-1,0.8,0.008503130883104266,0.06516381391919071,0.004779069459143415,0.0
2024-07-02,549.01,0.006707202921142574,0.012376078701114766,0.009878886935308822,0.008679553929455491,0.004788296492955477,0.015526766634039482,0.04143121318841847,1,0.06744849399671884,0.005401931268481249,2.9657142857142924,-0.056896958329563624,-0.2758746048943848,-1,0.8,0.013302817908715223,0.06744849399671884,0.007642836881357695,0.028720526423370578
2024-07-03,551.46,0.004452650318176765,0.012376078701114766,0.009878886935308822,0.008679553929455491,0.006162448583700595,0.018113684622526764,0.044191819266216396,1,0.06792663608740254,0.005131831864495841,2.8300000000000085,-0.07104873013894253,-0.20752167902475807,-1,0.8,0.01566241095039811,0.06792663608740254,0.010848169687270648,0.0347312115449673
2024-07-05,554.64,0.0057499480361515865,0.012376078701114766,0.009878886935308822,0.008679553929455491,0.007944645526768778,0.02165093968979063,0.04814920624911474,1,0.059333133940123496,0.005236343780254731,2.90428571428572,0.21760486404323595,-0.4100744793695843,1,0.8,0.019644106262528004,0.059333133940123496,0.015022852716578328,0.0
2024-07-08,555.28,0.001153236397090751,0.012376078701114766,0.009878886935308822,0.008679553929455491,0.006053432020528347,0.020610742088901336,0.04733141701311564,1,0.058992770852009414,0.004953742770691059,2.750714285714285,0.5919605892767952,-0.43874283866916597,1,1.0,0.0188894933901564,0.058992770852009414,0.020118914163040458,0.0
2024-07-09,555.82,0.0009720097966257057,0.012376078701114766,0.009878886935308822,0.008679553929455491,0.004676905129308337,0.019505681880529598,0.04636593938389534,1,0.057965820105973356,0.004452880428907807,2.4749999999999903,0.9754019290132946,-0.40060445389391747,1,1.0,0.017843670111819938,0.057965820105973356,0.019035047469187383,0.0
2024-07-10,561.32,0.009846652054961602,0.012376078701114766,0.009878886935308822,0.008679553929455491,0.009698390975676048,0.026700257227888036,0.05437477196707926,1,0.06426853988859833,0.0048889861652547965,2.7442857142857116,0.8538513554761424,0.020165435652490234,1,1.0,0.025506112076305508,0.06426853988859833,0.02217449660300641,0.07265661290669784
2024-07-11,556.48,-0.00865992171700114,0.012376078701114766,0.009878886935308822,0.008679553929455491,0.0006612704094722629,0.016120338070217836,0.043430447237052305,1,0.07519232817950461,0.005211328349616845,2.8999999999999937,0.4840030058036961,0.37622241936571676,1,0.8,0.01485313279914442,0.07519232817950461,0.009061924567828505,0.19858406719636626
2024-07-12,559.99,0.006287695260967396,0.012376078701114766,0.009878886935308822,0.008679553929455491,0.004637850631973586,0.02034020942111359,0.04795658384606749,1,0.07333588372816038,0.004761564619767861,2.666428571428566,0.4869156779165159,0.5149009032147597,1,0.8,0.01952238164677731,0.07333588372816038,0.009599671792644315,0.17718331156449713
2024-07-15,561.53,0.002746274641362234,0.012376078701114766,0.009878886935308822,0.008679553929455491,0.004921628281884077,0.020895733026059606,0.048747662004698114,1,0.07342470860755927,0.004650559313703484,2.6114285714285677,1.00726641608504,-0.4670094360065402,1,0.8,0.02055355938791761,0.07342470860755927,0.011192710036915798,0.1782072686975368
2024-07-16,564.86,0.005912711763124356,0.012376078701114766,0.009878886935308822,0.008679553929455491,0.007227811958885644,0.024320797866978956,0.052697811756666955,1,0.07475354167212384,0.0044271399739933045,2.500714285714285,0.8750360251139704,-0.09485629488458427,1,0.8,0.024549947852855244,0.07475354167212384,0.01613341200341445,0.1935258157565142
2024-07-17,556.94,-0.014120398634484665,0.012376078701114766,0.009878886935308822,0.008679553929455491,-0.004607057321176829,0.00900164099676094,0.036395850075884126,1,0.09078924603187032,0.005317320665463512,2.961428571428566,0.5217763683075409,0.4126198225291086,1,0.6,0.009283874907787842,0.09078924603187032,-0.007833638686031819,0.37838251326736283
2024-07-18,552.66,-0.007714529968676054,0.012376078701114766,0.009878886935308822,0.008679553929455491,-0.008204520999773363,0.001128660765319265,0.027285928463137654,1,0.09549512650103245,0.006256753054049297,3.4578571428571405,0.2622581437613893,0.716089405579157,1,0.6,0.001149403424296257,0.09549512650103245,-0.006888246937706732,0.4326310515850067
2024-07-19,548.99,-0.006662757820797616,0.012376078701114766,0.009878886935308822,0.008679553929455491,-0.009909287485324757,-0.00499641007787518,0.019645841688908497,1,0.09817970493599025,0.007223654867496787,3.9657142857142844,0.0006495929003291019,0.5789738818561333,1,0.4,-0.005678062033043808,0.09817970493599025,-0.019838700019471744,0.46357838589361866
2024-07-22,554.65,0.010257057777260492,0.012376078701114766,0.009878886935308822,0.008679553929455491,0.00019890757495510852,0.004758399648695049,0.02894132507223236,1,0.10267192749143557,0.006775186410980563,3.757857142857144,0.015469270212229125,0.200390468146384,1,0.4,0.0036516162654286716,0.10267192749143557,-0.012327916883573486,0.5153639144524961
2024-07-23,553.78,-0.0015697882205563118,0.012376078701114766,0.009878886935308822,0.008679553929455491,-0.0009137247026940449,0.002878422956149285,0.026227603441638783,1,0.10193358999532014,0.006574297168022886,3.640714285714288,-0.10545028007348779,0.2619999486985932,-1,0.2,0.0010773992017103283,0.10193358999532014,-0.019810416867254155,0.5068524934311069
2024-07-24,541.23,-0.022923168831246343,0.012376078701114766,0.009878886935308822,0.008679553929455491,-0.015827908890793434,-0.017992848329165558,0.002853958932336223,0,0.1319231365955158,0.008450328748522765,4.573571428571427,-0.3029121319622726,0.9254002459872045,-1,0.2,-0.02129098523695798,0.1319231365955158,-0.028613187064015833,0.852566558743765
2024-07-25,538.41,-0.005223975423517047,0.012376078701114766,0.009878886935308822,0.008679553929455491,-0.014068803699425057,-0.02095467222983023,-0.0022784864761386313,0,0.1328922773305928,0.009549281349564502,5.141428571428572,-0.3512969713417999,0.15275133731165488,-1,0.2,-0.025764997312895287,0.1328922773305928,-0.026122632518856825,0.8637386377301602
2024-07-26,544.44,0.011137391754558301,0.012376078701114766,0.009878886935308822,0.008679553929455491,-0.0020198551088677352,-0.009046919638990274,0.008543809610678538,0,0.13920539268597135,0.009788563871640465,5.3292857142857235,-0.31632856691842093,0.012798486937782098,-1,0.4,-0.014681862809389646,0.13920539268597135,-0.008322482943500908,0.9365150889180365
2024-07-29,544.76,0.0005875872368825696,0.012376078701114766,0.009878886935308822,0.008679553929455491,-0.0009559783280538104,-0.007664515151485367,0.00877514940875576,0,0.1385069858172531,0.010045052605060632,5.472142857142875,-0.296491455165279,-0.02632791498190187,-1,0.4,-0.014150904982877415,0.1385069858172531,-0.01799195348387883,0.9284639809421229
2024-07-30,542.0,-0.0050793292611013285,0.012376078701114766,0.009878886935308822,0.008679553929455491,-0.004019787266594786,-0.011497257416145849,0.003520037789083009,0,0.13944867881334705,0.010372957300982463,5.622142857142868,-0.4116335024979314,0.2845295309428572,-1,0.4,-0.018849139003880567,0.13944867881334705,-0.021501494524423848,0.9393196473613669
2024-07-31,550.81,0.01612392066032875,0.012376078701114766,0.009878886935308822,0.008679553929455491,0.008080212786682936,0.004133389455336511,0.019039339623222816,0,0.1493832665120314,0.010218716850749302,5.628571428571441,-0.2382846708381784,0.1495894535968767,-1,0.6,-0.0030633345550419152,0.1493832665120314,0.017545594967151246,1.0
2024-08-01,543.01,-0.014262186129357701,0.012376078701114766,0.009878886935308822,0.008679553929455491,-0.00413866241267359,-0.009134298955022914,0.004427225399959028,0,0.15684145658153517,0.011554641193116463,6.274285714285725,-0.30328702029873833,0.3582398561232904,-1,0.6,-0.01642877843787788,0.15684145658153517,0.008507384261310591,1.0
2024-08-02,532.9,-0.018793946667849504,0.012376078701114766,0.009878886935308822,0.008679553929455491,-0.01523521085249515,-0.025021482306694327,-0.013721574192284505,0,0.16716247369565224,0.014431815135484834,7.690714285714299,-0.385676670601172,0.263780146575056,-1,0.4,-0.03283707778495777,0.16716247369565224,-0.021423954161097214,1.0
2024-08-05,517.38,-0.029556175110391436,0.012376078701114766,0.009878886935308822,0.008679553929455491,-0.029711710717581875,-0.048576270234439674,-0.04084907542882587,0,0.19302303147974004,0.01791029527892588,9.26642857142858,-0.735506777926764,2.3743606779754862,-1,0.2,-0.057763823579656454,0.19302303147974004,-0.05156771650837122,1.0
2024-08-06,522.15,0.009177288733251743,0.012376078701114766,0.009878886935308822,0.008679553929455491,-0.013940570158935989,-0.0361507222006587,-0.030789657585914836,0,0.19770464595432138,0.016813723478442816,8.779285714285729,-0.5312061144475398,1.4630454476823191,-1,0.4,-0.04615241284246938,0.19770464595432138,-0.03731109851401815,1.0
2024-08-07,518.66,-0.006706340408361378,0.012376078701114766,0.009878886935308822,0.008679553929455491,-0.01378185030316268,-0.03869348060282473,-0.03585869138400329,0,0.191948049173101,0.01737306575733029,9.0107142857143,-0.6240386072887272,-0.05122437942274942,-1,0.2,-0.048821571976953665,0.191948049173101,-0.060141359582708276,0.9588046003229788
2024-08-08,530.65,0.022854107690604586,0.012376078701114766,0.009878886935308822,0.008679553929455491,0.005993196649925321,-0.014925478457405767,-0.013045152892217166,0,0.21312451421053732,0.015991169859037625,8.485714285714307,-0.35786929436704934,0.03463634535296108,-1,0.4,-0.024522509604910953,0.21312451421053732,-0.02302506576274599,1.0
2024-08-09,532.99,0.0043999920559221195,0.012376078701114766,0.009878886935308822,0.008679553929455491,0.0069287865105716615,-0.009583494604376868,-0.00835493826672109,0,0.21221006577505816,0.015929004296486044,8.490000000000025,-0.3285049032774699,-0.15148110810619786,-1,0.6,-0.017783429161105327,0.21221006577505816,0.00016887296102563454,0.9941063667701218
2024-08-12,533.27,0.0005252002446605175,0.012376078701114766,0.009878886935308822,0.008679553929455491,0.004959514139030848,-0.008207114007706417,-0.007529087034204879,0,0.211631508110227,0.015994310038572847,8.529285714285736,-0.29015416306397024,0.07658455605099733,-1,0.8,-0.014701779475128558,0.211631508110227,0.030250248316077588,0.9903775543553868
2024-08-13,542.04,0.01631193694605937,0.012376078701114766,0.009878886935308822,0.008679553929455491,0.014222653500476749,0.007326189941657577,0.008445067293415586,0,0.2202129975692088,0.014523176992709677,7.872142857142876,-0.0591630478695943,0.11694939129543941,-1,0.8,0.003617942327696576,0.2202129975692088,0.037384896528885214,1.0
2024-08-14,543.75,0.0031497829483750905,0.012376078701114766,0.009878886935308822,0.008679553929455491,0.011547784539304055,0.009494167321416858,0.011165427793029498,0,0.21616582041587168,0.01331625615761101,7.2407142857143025,-0.10348081351564802,-0.3535683501006649,-1,1.0,0.008014993701629539,0.21616582041587168,0.04724101988562168,0.9750554849913848
2024-08-15,553.07,0.016994993387029922,0.012376078701114766,0.009878886935308822,0.008679553929455491,0.019073643986583656,0.024183303461709372,0.027348941581460263,1,0.22394130499711712,0.013741479378715666,7.600000000000015,0.2560937781424483,-0.2038749841355407,1,1.0,0.025253639375091362,0.22394130499711712,0.04138190558204702,1.0
2024-08-16,554.31,0.002239521245211762,0.012376078701114766,0.009878886935308822,0.008679553929455491,0.01413830167143906,0.02389742571572396,0.02845636465833338,1,0.22263453109308287,0.013630846071152732,7.5557142857143,0.7919355263789691,-0.46332669397299886,1,1.0,0.02704585585296803,0.22263453109308287,0.03922143477133666,0.9921267053089717
2024-08-19,559.61,0.00951601550355008,0.012376078701114766,0.009878886935308822,0.008679553929455491,0.015764697156577398,0.03038156278038942,0.03673316380641988,1,0.2222181539663886,0.013291144087567892,7.437857142857159,3.096271963880132,-0.7325323346145485,1,1.0,0.036389665179454835,0.2222181539663886,0.04821225003022622,0.9896180388817141
2024-08-20,558.7,-0.0016274560736322385,0.012376078701114766,0.009878886935308822,0.008679553929455491,0.0093645656396206,0.02590130685544475,0.03362667783857123,1,0.22222518337042418,0.012890894678951095,7.202142857142868,1.3277268117427972,-0.6023367752689909,1,0.8,0.03423317357969412,0.22222518337042418,0.030272857010534615,0.9896603909437682
2024-08-21,560.62,0.0034306576905658304,0.012376078701114766,0.009878886935308822,0.008679553929455491,0.00851908837843371,0.02654990067241066,0.03566879026782654,1,0.20445285399169155,0.011902638405417668,6.672857142857156,2.75046307067463,-0.41279210391197524,1,0.8,0.035928204569053095,0.20445285399169155,0.030553731752725355,0.8825823523383155
2024-08-22,556.22,-0.007879414713894306,0.012376078701114766,0.009878886935308822,0.008679553929455491,0.0004024344813148538,0.016702409573861782,0.026431829776043393,1,0.20586830120015392,0.009931835810067586,5.524285714285725,1.3405498332972172,-0.11307655594643201,1,0.6,0.026109318589720293,0.20586830120015392,0.005679323651801127,0.8911104021848979
2024-08-23,562.13,0.010569240428295323,0.012376078701114766,0.009878886935308822,0.008679553929455491,0.007327721928053051,0.02482061115075466,0.03582128306534545,1,0.20552979490376877,0.007087836824717829,3.9842857142857206,1.1193212069621215,0.11003603714193022,1,0.6,0.035322676150567375,0.20552979490376877,0.014009042834884688,0.8890709064328164
2024-08-26,560.79,-0.0023866359777269253,0.012376078701114766,0.009878886935308822,0.008679553929455491,0.003278924798184597,0.02020339110016313,0.032002320176206106,1,0.20599449914108334,0.007314935817570832,4.102142857142861,0.6942295061605891,-0.15874862782984384,1,0.4,0.031332240925509756,0.20599449914108334,0.002106391353607684,0.8918707430328982
2024-08-27,561.56,0.0013721212113981807,0.012376078701114766,0.009878886935308822,0.008679553929455491,0.0030995156913672553,0.019506516799387683,0.032066737199136136,1,0.20455015480793554,0.006208470281755039,3.4864285714285677,0.5336809709835675,-0.3752730107713856,1,0.6,0.030894147753605095,0.20455015480793554,0.005105968638638103,0.8831685884099124
2024-08-28,558.3,-0.0058221727874254725,0.012376078701114766,0.009878886935308822,0.008679553929455491,-0.001817473156687116,0.012278033595940353,0.025027171186961277,1,0.19888370411459058,0.006672040121786349,3.7249999999999903,0.26220290866057083,-0.03253241108302373,1,0.4,0.02420540610941526,0.19888370411459058,-0.0041468618393532,0.8490283013846245
2024-08-29,558.35,8.955357548678933e-05,0.012376078701114766,0.009878886935308822,0.008679553929455491,-0.0011527162210894395,0.011177553394032126,0.024110162592576305,1,0.1909536267816832,0.006826235464174317,3.8114285714285563,0.17792612478408473,-0.3637266051789083,1,0.6,0.022857901799371135,0.1909536267816832,0.0038221064500278956,0.8012496951759526
2024-08-30,563.68,0.009500708701109417,0.012376078701114766,0.009878886935308822,0.008679553929455491,0.005572605431056711,0.018809091582358425,0.032514219624937966,1,0.1771987094894433,0.0066565123068694845,3.752142857142847,0.1988068358221645,0.4111886600931338,1,0.6,0.029718959137632842,0.1771987094894433,0.0027535747228419893,0.7183765088059222
2024-09-03,552.08,-0.020793751280543837,0.012376078701114766,0.009878886935308822,0.008679553929455491,-0.010131818465955308,-0.001952002863351559,0.010819469645802847,1,0.1576208504504843,0.007813308630205055,4.31357142857142,-0.00195213177907314,0.5490110373244584,-1,0.6,0.005341926061614958,0.1576208504504843,-0.015653540579974923,0.6004201789792656
2024-09-04,550.95,-0.002048902378557038,0.012376078701114766,0.009878886935308822,0.008679553929455491,-0.008138238203919821,-0.0036157296249937207,0.008404477804573868,1,0.15705391628386087,0.008858724540712248,4.880714285714272,-0.028975336712550245,0.39999051354339904,-1,0.4,0.0006602050722264065,0.15705391628386087,-0.01907456416993014,0.597004408469571
2024-09-05,549.61,-0.002435125140223704,0.012376078701114766,0.009878886935308822,0.008679553929455491,-0.007058562248349042,-0.005467090409299961,0.005717132873496257,1,0.15437559459749908,0.008452747012801467,4.645714285714267,-0.18466108125162678,0.06623452953900555,-1,0.4,-0.0045713540553476446,0.15437559459749908,-0.015687516522728373,0.5808675573670219
2024-09-06,540.36,-0.01697335169204628,0.012376078701114766,0.009878886935308822,0.008679553929455491,-0.015973147763019765,-0.020132990966958773,-0.01077436260365029,0,0.15078180910124242,0.010134777872933617,5.476428571428544,-0.23133427094018866,0.22045561861318747,-1,0.2,-0.022184342029149928,0.15078180910124242,-0.03275042179026144,0.5592150494763917
2024-09-09,546.41,0.011134025598148689,0.012376078701114766,0.009878886935308822,0.008679553929455491,-0.0033092982872422196,-0.008296817746132381,0.0002894276629782505,0,0.1546949969809438,0.01010099689660802,5.519285714285688,-0.22850585040596647,-0.20129780368645758,-1,0.2,-0.012435601189587656,0.1546949969809438,-0.03111710489322217,0.5827919523079627
2024-09-10,548.79,0.004346244971658919,0.012376078701114766,0.009878886935308822,0.008679553929455491,0.0006877574020885458,-0.0035998302326353954,0.004463367192313605,0,0.15505391573928137,0.010154808110291664,5.572857142857117,-0.10099954679243592,0.016932766299883203,-1,0.4,-0.009523225100219076,0.15505391573928137,-0.005977108641019413,0.5849544328608767
2024-09-11,554.42,0.010206667589745422,0.012376078701114766,0.009878886935308822,0.008679553929455491,0.007275931330569345,0.005987713180723823,0.014180736446270194,0,0.1486672508077365,0.010677825475252136,5.919999999999967,-0.015233281600624234,1.3016097804177538,-1,0.6,-0.0004786496131584647,0.1486672508077365,0.006278461327283047,0.5464748650154589
2024-09-12,559.09,0.008387939723515814,0.012376078701114766,0.009878886935308822,0.008679553929455491,0.0104520471530024,0.013066097504830666,0.021812849431016388,1,0.15075954605355593,0.010312676466586672,5.765714285714255,0.1716772142282074,0.2618613938537963,1,0.8,0.006548714786580999,0.15075954605355593,0.017101526191022565,0.5590809149221164
2024-09-13,562.01,0.005209181345072977,0.012376078701114766,0.009878886935308822,0.008679553929455491,0.010431578174849248,0.01657982869703533,0.026057114939682612,1,0.14000114473604353,0.010454821596953446,5.875714285714261,0.16030959538293277,0.015376389635078728,1,1.0,0.010992094794093195,0.14000114473604353,0.03928405922814182,0.4942616958394406
2024-09-16,562.84,0.0014757525903590363,0.012376078701114766,0.009878886935308822,0.008679553929455491,0.007917747397333495,0.016331019367450805,0.026462553883121815,1,0.13992334155484296,0.010316304049851163,5.806428571428545,0.09964712152031013,-0.41537413815926927,1,1.0,0.011708962011461654,0.13992334155484296,0.029625786220352168,0.4937929327492071
2024-09-17,563.07,0.00040855841621212363,0.012376078701114766,0.009878886935308822,0.008679553929455491,0.00553770753008879,0.01512731936995301,0.025800614112707267,1,0.13604843815304993,0.010258810754290401,5.776428571428555,0.3166292616714251,-0.18612345524182303,1,1.0,0.011807748082185626,0.13604843815304993,0.025688099664905373,0.4704466933673224
2024-09-18,561.4,-0.0029702904084807358,0.012376078701114766,0.009878886935308822,0.008679553929455491,0.001702150025084268,0.010949975168616817,0.02184623295248083,1,0.13638492053354823,0.010118835564132806,5.680714285714275,0.32305950155142993,0.2502916893418514,1,0.8,0.008562179097919639,0.13638492053354823,0.012511141666679215,0.4724739950541889
2024-09-19,570.98,0.01692051884506185,0.012376078701114766,0.009878886935308822,0.008679553929455491,0.01245243467320566,0.025447126297467978,0.0376849247238957,1,0.14844226468189456,0.010371891935150939,5.9221428571428545,0.6253180515086535,0.7014953359705225,1,0.8,0.02481907989197769,0.14844226468189456,0.02104372078822525,0.5451193267202131
2024-09-20,568.25,-0.0047927200402124726,0.012376078701114766,0.009878886935308822,0.008679553929455491,0.005061586433581762,0.0185513156795112,0.03139992143494861,1,0.14640708852794712,0.010999937150379738,6.2507142857142854,0.7156431405393048,0.13153453305262666,1,0.6,0.018819245419313638,0.14640708852794712,0.011041819402939801,0.5328574185517735
2024-09-23,569.67,0.0024957830727778685,0.012376078701114766,0.009878886935308822,0.008679553929455491,0.0050360437633429475,0.019049102792157265,0.03260140471263316,1,0.14220386030943882,0.009240938989724713,5.264285714285718,0.6547256409873232,0.0907659138896993,1,0.6,0.020675272180931344,0.14220386030943882,0.012061849885358633,0.5075330266919454
2024-09-24,571.3,0.0028572199249765617,0.012376078701114766,0.009878886935308822,0.008679553929455491,0.0052606324425455596,0.019831531704246435,0.03411407325066529,1,0.14192872237474047,0.008240604135916171,4.707857142857149,0.6249936846023959,0.2860616684892814,1,0.6,0.022632890365408005,0.14192872237474047,0.014510511394123071,0.5058753244422499
2024-09-25,570.04,-0.002207931925401141,0.012376078701114766,0.009878886935308822,0.008679553929455491,0.002026966220425264,0.015881199473676173,0.030546838694560097,1,0.14234856946094607,0.00795432901950349,4.534285714285724,0.31977244834354046,-0.48931142904984276,1,0.6,0.019603634542427414,0.14234856946094607,0.015272869877202666,0.5084048973275526
2024-09-26,572.3,0.003956795610037922,0.012376078701114766,0.009878886935308822,0.008679553929455491,0.0039917745749083345,0.01797863195432564,0.03322930934148992,1,0.14058223932782127,0.006296647612380121,3.6035714285714397,0.2850975765034853,-0.0672255285644814,1,0.6,0.022365929472252702,0.14058223932782127,0.0023091466421787388,0.4977627827147635
2024-09-27,571.47,-0.001451340996337258,0.012376078701114766,0.009878886935308822,0.008679553929455491,0.0016890370649581222,0.014907195919674331,0.030448594125432566,1,0.14085538274782386,0.006062060500603112,3.4642857142857224,0.13514578567673596,0.07098357945078287,1,0.6,0.01968824272527158,0.14085538274782386,0.005650525686053953,0.4994084680410135
2024-09-30,573.76,0.003999201998044377,0.012376078701114766,0.009878886935308822,0.008679553929455491,0.0037947959857566175,0.017136114537713052,0.03317683710097798,1,0.13785713052949908,0.006082682654757959,3.490000000000009,0.16868843158807226,0.7338833100084297,1,0.6,0.02285449424176774,0.13785713052949908,0.007153944611320462,0.4813440399100085
2024-10-01,568.62,-0.008998817706594053,0.012376078701114766,0.009878886935308822,0.008679553929455491,-0.003471113228407565,0.007254403191925741,0.022961549386406915,1,0.1182131949122396,0.006003256003245469,3.413571428571442,-0.01650688184677882,0.4733845623568054,-1,0.4,0.01219900777366373,0.1182131949122396,-0.004702093020250153,0.36298959961334
2024-10-02,568.86,0.00042198544776361757,0.012376078701114766,0.009878886935308822,0.008679553929455491,-0.0020357392104840707,0.0069430768038063065,0.022455330269311433,1,0.11755957375170714,0.006185302936689609,3.5185714285714362,0.13268596465126842,-0.3547656105777129,1,0.6,0.011014595783420747,0.11755957375170714,-0.0020721756470853947,0.33375155635897263
2024-10-03,567.82,-0.0018298910690806025,0.012376078701114766,0.009878886935308822,0.008679553929455491,-0.0025768058755976106,0.0046140029444720915,0.019762808310960632,1,0.11730342796449642,0.0062922354669628705,3.5728571428571496,-0.04255301120537672,-0.457661437552695,-1,0.4,0.007535847175064137,0.11730342796449642,-0.00785886232620392,0.2919386557660309
2024-10-04,572.98,0.0090463450027638,0.012376078701114766,0.009878886935308822,0.008679553929455491,0.004315444693740435,0.01241817749854033,0.0278596483407501,1,0.09721420047245695,0.006368958278263387,3.6492857142857247,0.13980061995515888,-0.4459692580038734,1,0.6,0.0137578644170712,0.09721420047245695,0.0026388236728971393,0.158548852644911
2024-10-07,567.8,-0.00908156805273208,0.012376078701114766,0.009878886935308822,0.008679553929455491,-0.003181067597344782,0.002953541974587449,0.017826218900277552,1,0.10099942774990532,0.0069679967795378845,3.9564285714285785,-0.00622488959506099,0.13255237788693222,-1,0.4,0.0026956938652386983,0.10099942774990532,-0.010441946377879319,0.1832005227581605
2024-10-08,573.17,0.009413112792495681,0.012376078701114766,0.009878886935308822,0.008679553929455491,0.004155615954109895,0.011241044221450773,0.02634743873820916,1,0.10416558365103955,0.006472774220551549,3.710000000000004,-0.01865546724987417,-0.20097979519588427,-1,0.6,0.010004537504883334,0.10416558365103955,0.007969984121210416,0.1971478177794247
2024-10-09,577.14,0.006902514561184958,0.012376078701114766,0.009878886935308822,0.008679553929455491,0.00737986209730494,0.016479013975731663,0.032102192084144804,1,0.10140971343317673,0.006017356521556513,3.4728571428571433,0.09017228926429637,-0.013437908224603551,1,0.6,0.014968472385722817,0.10140971343317673,0.014450513234631757,0.07976194648314373
2024-10-10,576.13,-0.001751541717400329,0.012376078701114766,0.009878886935308822,0.008679553929455491,0.0037376277323543233,0.013281556609970624,0.029073384240569867,1,0.09931458979661009,0.005636128750693794,3.2471428571428516,-0.04011375731888579,-0.08684831181727905,-1,0.6,0.011676431414224768,0.09931458979661009,0.01452886258631203,0.029735904487762296
2024-10-11,579.58,0.005970373619730296,0.012376078701114766,0.009878886935308822,0.008679553929455491,0.006477778574611077,0.01747432739155688,0.033807206960832344,1,0.09972742690425129,0.005804696011387389,3.3642857142857077,0.0778102047778844,0.003969036291385695,1,0.6,0.016167010602066132,0.09972742690425129,0.011452891203278526,0.01983179873967126
2024-10-14,584.32,0.008145074671618069,0.012376078701114766,0.009878886935308822,0.008679553929455491,0.009758216538852907,0.023281656439965957,0.04053751098293492,1,0.10244403692935944,0.005992313409471826,3.50142857142857,0.03558955694075412,-0.4301654882043633,1,0.8,0.022552075221377667,0.10244403692935944,0.028679533927628675,0.04126849166576516
2024-10-15,579.78,-0.00780005672726336,0.012376078701114766,0.009878886935308822,0.008679553929455491,0.0012743093839576532,0.013850725990285358,0.03114053948912439,1,0.10799346115802257,0.0064568826599140676,3.7435714285714345,0.06600989279196091,-0.25410079704082084,1,0.6,0.013125831668153926,0.10799346115802257,0.011466364407869634,0.08505884140569195
2024-10-16,582.3,0.0043370576037951025,0.012376078701114766,0.009878886935308822,0.008679553929455491,0.003743861532872124,0.016489931003330707,0.03417766708867091,1,0.10712705496107167,0.006697578567737099,3.9000000000000097,0.05246790650482224,-0.19351248628529732,1,0.6,0.015674670141178088,0.10712705496107167,0.008900907450479778,0.07822205459358339
2024-10-17,582.35,8.586270558641473e-05,0.012376078701114766,0.009878886935308822,0.008679553929455491,0.0025501105812675996,0.014974789173650582,0.032878503550788106,1,0.09114386749770202,0.006358473671934051,3.702857142857153,0.16473638861271114,-0.15797681563903884,1,0.8,0.01475564663116341,0.09114386749770202,0.010738311873466522,0.0
2024-10-18,584.59,0.003839105268864884,0.012376078701114766,0.009878886935308822,0.008679553929455491,0.004261834731623076,0.017050229471918466,0.035355205440641906,1,0.08901057837706548,0.006106844112957633,3.5700000000000096,0.14753375195674898,-0.12860772582564609,1,0.8,0.01721074858314155,0.08901057837706548,0.00860704352260111,0.0
2024-10-21,583.63,-0.0016435264181273723,0.012376078701114766,0.009878886935308822,0.008679553929455491,0.0017402574188525592,0.013894933584297523,0.03229254687040667,1,0.08955651789639318,0.005655491125728014,3.3007142857142964,0.17816378786086576,-0.2707051178131761,1,0.6,0.014308381865017785,0.08955651789639318,-0.0011815575671443312,0.004046072625585126
2024-10-22,583.32,-0.0005312995540371901,0.012376078701114766,0.009878886935308822,0.008679553929455491,0.0008051255072746056,0.012069004911991607,0.030461443375371267,1,0.0895378605688917,0.005419715715941794,3.161428571428587,0.06943550097173128,-0.08596288106271073,1,0.6,0.012711849693900483,0.0895378605688917,0.006087199606081839,0.003907799246579125
2024-10-23,577.99,-0.00917935336069764,0.012376078701114766,0.009878886935308822,0.008679553929455491,-0.005575220282971327,0.002551986404364216,0.02020375638805954,1,0.09607405142877788,0.006153097062963788,3.5564285714285933,-0.04918186863116054,0.30075806732397486,-1,0.4,0.002766329716309848,0.09607405142877788,-0.007429211358410903,0.052348884710317116
2024-10-24,579.24,0.002160331975747276,0.012376078701114766,0.009878886935308822,0.008679553929455491,-0.0022856828275673664,0.004268713462386788,0.021512383735060692,1,0.09547424717722991,0.0060522655301917215,3.505714285714305,0.05867531985127923,-0.20748967445358998,1,0.4,0.004330355401232985,0.09547424717722991,-0.005354742088250042,0.04790360922286682
2024-10-25,579.04,-0.00034533964496930025,0.012376078701114766,0.009878886935308822,0.008679553929455491,-0.0017549877402013316,0.003547114664619819,0.020313029131144213,1,0.0952390863639,0.0054141337385925,3.1350000000000153,-0.06309000238855979,0.11829753004637078,-1,0.2,0.0033251259267929214,0.0952390863639,-0.009539187002084226,0.04616078296512273
2024-10-28,580.83,0.003086555253746681,0.012376078701114766,0.009878886935308822,0.008679553929455491,0.0008868802771303389,0.0060123195278848195,0.022526136219722815,1,0.09486880528650908,0.005631104257198608,3.2707142857142992,-0.06783497518066298,-0.16684061716532475,-1,0.4,0.005810646184366921,0.09486880528650908,-0.004809105330210173,0.0434165520055313
2024-10-29,581.77,0.0016170655510618914,0.012376078701114766,0.009878886935308822,0.008679553929455491,0.0016697310260020343,0.006907737561540603,0.023210682403610634,1,0.08782690791871975,0.005504138847203143,3.2021428571428765,0.05881069937593797,-0.20854518888044338,1,0.6,0.006292680564289369,0.08782690791871975,-0.002660740225111091,0.0
2024-10-30,580.01,-0.003029835849098994,0.012376078701114766,0.009878886935308822,0.008679553929455491,-0.0009074587921429745,0.003492534526699039,0.019311148583992147,1,0.08904901765283282,0.005551628420190114,3.2200000000000193,-0.03744883199325373,0.34858455870387367,-1,0.6,0.0022818800064590018,0.08904901765283282,0.0034887772864875544,0.008978548635154151
2024-10-31,568.64,-0.019797799804823768,0.012376078701114766,0.009878886935308822,0.008679553929455491,-0.013755818365827278,-0.014660769530384811,-0.0006442423099647423,0,0.11546573780702479,0.007255406383137054,4.125714285714309,-0.15364973041219046,0.7498117387777413,-1,0.4,-0.017435576663028102,0.11546573780702479,-0.01846935449408349,0.20305588888136497
2024-11-01,571.04,0.0042117147755567075,0.012376078701114766,0.009878886935308822,0.008679553929455491,-0.006416036687225568,-0.009511368179199989,0.003433011449668688,0,0.11169579265300053,0.007299963975490604,4.168571428571454,-0.13698798550405542,0.220507900194565,-1,0.6,-0.01312315999676296,0.11169579265300053,-0.013912300073557482,0.17535900130045096
2024-11-04,569.81,-0.002156287814488067,0.012376078701114766,0.009878886935308822,0.008679553929455491,-0.005720436007317586,-0.010547510334082088,0.0012217225300069957,0,0.10697236975054969,0.007310707579205341,4.165714285714306,-0.1454101538201235,0.04879387469469525,-1,0.4,-0.015419864739214492,0.10697236975054969,-0.01915514314179223,0.1406571401907088
2024-11-05,576.7,0.012019228693987749,0.012376078701114766,0.009878886935308822,0.008679553929455491,0.004192621693597341,0.0012816048008617964,0.012798879222820967,0,0.11030496483416684,0.007421536327367089,4.280000000000022,-0.056155554706643164,0.1548833072976088,-1,0.4,-0.0038183795249804695,0.11030496483416684,-0.008752979998866373,0.16514092115105558
2024-11-06,591.04,0.02456149638946581,0.012376078701114766,0.009878886935308822,0.008679553929455491,0.019254489400369446,0.023626933211038873,0.03643894995380801,1,0.13851314119590302,0.00891165209991534,5.267142857142874,0.10312209842154132,0.38259257907394567,1,0.6,0.019728073663863345,0.13851314119590302,0.01883835223969843,0.37237966273317646
2024-11-07,595.61,0.007702393449825706,0.012376078701114766,0.009878886935308822,0.008679553929455491,0.01792817061415234,0.028452306459473924,0.04263526171522271,1,0.13990846890530848,0.009101113624192355,5.420714285714309,0.11456967803224642,0.35029545539009543,1,0.8,0.025888788701588793,0.13990846890530848,0.046338545494347905,0.38263080250498027
2024-11-08,598.19,0.004322338778281143,0.012376078701114766,0.009878886935308822,0.008679553929455491,0.014781620741814737,0.029680204736689676,0.04521894069917858,1,0.13935667648002817,0.008769311231724945,5.245714285714314,0.2545799892741522,-0.01741762961145125,1,0.8,0.02868394352628739,0.13935667648002817,0.04644916949707234,0.38224669605411477
2024-11-11,598.76,0.0009524208080309293,0.012376078701114766,0.009878886935308822,0.008679553929455491,0.010444226272119132,0.027660459031380515,0.04432222668574942,1,0.13718454473426783,0.008515217163075265,5.098571428571461,0.2542145318782309,0.24563955896827475,1,1.0,0.02838730952605064,0.13718454473426783,0.049557878119591336,0.3672490338857405
2024-11-12,596.9,-0.003111254872425029,0.012376078701114766,0.009878886935308822,0.008679553929455491,0.004858410640143873,0.022086349769650758,0.03940374075274586,1,0.1340695684151153,0.008002058253343264,4.776428571428596,0.13026939366421295,0.0024802038242691675,1,0.8,0.02368767664568011,0.1340695684151153,0.03442739455317856,0.3440718293518037
2024-11-13,597.19,0.00048572554112524813,0.012376078701114766,0.009878886935308822,0.008679553929455491,0.0035580685212228185,0.020388318884892266,0.038283764224990066,1,0.13366791176858275,0.007953917513675818,4.750000000000016,0.2576573258708637,0.14366320910903133,1,0.8,0.022878993546911277,0.13366791176858275,0.010351623704837998,0.3879321172215572
2024-11-14,593.35,-0.006450876604571221,0.012376078701114766,0.009878886935308822,0.008679553929455491,-0.001931813908726355,0.012493785466969857,0.030330377042780507,1,0.13641669734199843,0.00857359544473633,5.087142857142875,0.31179527316622746,-0.3535645744194741,1,0.6,0.015345257600945659,0.13641669734199843,-0.003801646349558929,0.41119387236932115
2024-11-15,585.75,-0.012891366723221331,0.012376078701114766,0.009878886935308822,0.008679553929455491,-0.009858825832591716,-0.00042966531605583187,0.016450312233004978,1,0.1443877191901388,0.009712822388862171,5.689285714285729,0.12438795702139567,0.6639579569715881,1,0.4,0.0022406044755586183,0.1443877191901388,-0.021015351851061403,0.4786491007080352
2024-11-18,588.15,0.00408894001853799,0.012376078701114766,0.009878886935308822,0.008679553929455491,-0.0038754345533098277,0.003315595832424734,0.019790593694155298,1,0.14490298757953582,0.009630682163183026,5.664285714285727,0.24081041070675463,-0.03179998430018055,1,0.4,0.005958097479492971,0.14490298757953582,-0.017878832640554343,0.4830095889270716
2024-11-19,590.3,0.003648864840187116,0.012376078701114766,0.009878886935308822,0.008679553929455491,-0.0001560596889845893,0.00631397584048832,0.022575354870257223,1,0.1453112522769184,0.009743229834692264,5.751428571428586,0.2413981279035543,0.25162431006400987,1,0.6,0.009033093994929959,0.1453112522769184,-0.011118712927942198,0.4924841099798922
2024-11-20,590.5,0.00033875339077305,0.012376078701114766,0.009878886935308822,0.008679553929455491,0.00012179138997253067,0.0060173096094249,0.02200314122818487,1,0.1406736677961896,0.008650054433274344,5.10785714285715,0.19784232147904757,-0.2661904901586929,1,0.6,0.008296891781811281,0.1406736677961896,-0.011265685078294396,0.47585345235661247
2024-11-21,593.67,0.005353973791495825,0.012376078701114766,0.009878886935308822,0.008679553929455491,0.003653830629229669,0.010319299719376878,0.026383128422131457,1,0.14145637248738932,0.008418577901609861,4.9978571428571446,0.18616791401949181,-0.010223740927991328,1,0.8,0.012462427252744749,0.14145637248738932,0.0005391653177726496,0.5200346249737017
2024-11-22,595.51,0.003094571836684601,0.012376078701114766,0.009878886935308822,0.008679553929455491,0.004499534370321683,0.012154064343116862,0.028371987420642265,1,0.14147516926147374,0.007766452284583355,4.625,0.16718117773254798,-0.17695161363249787,1,1.0,0.014176087304509805,0.14147516926147374,0.016525103877678582,0.6002817488276763
2024-11-25,597.53,0.003386310484629007,0.012376078701114766,0.009878886935308822,0.008679553929455491,0.005257375264794459,0.014081928541124741,0.030572656344414723,1,0.14152649084620592,0.007403095122527777,4.423571428571425,0.16563749438213535,0.12915704449434376,1,1.0,0.016171191164913914,0.14152649084620592,0.0158224743437696,0.7694017701184664
2024-11-26,600.65,0.005207910417128758,0.012376078701114766,0.009878886935308822,0.008679553929455491,0.006979770614203122,0.017499234869323844,0.03449519747875195,1,0.1421662420016439,0.005728318131538438,3.4407142857142907,0.2740958389733076,0.06080997811938307,1,1.0,0.019839888618135383,0.1421662420016439,0.01738151992071124,0.7849441333115073
2024-11-27,598.83,-0.0030346506764775683,0.012376078701114766,0.009878886935308822,0.008679553929455491,0.002615621965662869,0.013025309523275467,0.030093785895769134,1,0.14216832128500656,0.005708751112278477,3.4185714285714295,0.17263870751075333,-0.282523644927261,1,0.8,0.015127833926057457,0.14216832128500656,0.014008115853460623,0.8083271162585686
2024-11-29,602.55,0.0061928979824887875,0.012376078701114766,0.009878886935308822,0.008679553929455491,0.00587865916259454,0.017446397538074438,0.0350116486631887,1,0.11820838904085756,0.005692473653629239,3.4299999999999904,0.2576787560465131,-0.22431311866872644,1,0.8,0.01850654536876844,0.11820838904085756,0.014847040044453585,0.45192374474303953
2024-12-02,603.63,0.0017907779744614771,0.012376078701114766,0.009878886935308822,0.008679553929455491,0.0051079731297901795,0.01740286912882315,0.03536989276897969,1,0.11816339414025483,0.005574606961208704,3.3649999999999847,0.4138307315056332,-0.5822279072705452,1,0.8,0.017529427828253195,0.11816339414025483,0.013543246182230462,0.45125444676204307
2024-12-03,603.91,0.00046375276184296155,0.012376078701114766,0.009878886935308822,0.008679553929455491,0.003709243193752608,0.016144955291466288,0.03439591432733213,1,0.1170741204578288,0.005205364091613331,3.143571428571412,0.3840213043643536,-0.2728280051997611,1,0.8,0.015083975419179286,0.1170741204578288,0.010620688459444416,0.43505152895059673
2024-12-04,607.66,0.006190334813609866,0.012376078701114766,0.009878886935308822,0.008679553929455491,0.006605981794321749,0.020272841157430856,0.03915560695172065,1,0.11280684982487481,0.005337806386081165,3.243571428571418,0.3556322612039509,-0.1340645996923824,1,0.8,0.018736462335923836,0.11280684982487481,0.011603112855925524,0.39693142773761275
2024-12-05,606.66,-0.0016470126919632122,0.012376078701114766,0.009878886935308822,0.008679553929455491,0.0032942008370603266,0.016793243569776614,0.03592430853762644,1,0.07824562799286071,0.004814417112895959,2.9207142857142765,0.2541504995392828,-0.42513081470880987,1,0.8,0.015730036081109955,0.07824562799286071,0.01299075084043988,0.0
2024-12-06,607.81,0.0018938307965008505,0.012376078701114766,0.009878886935308822,0.008679553929455491,0.0034580576520054705,0.016907633419460867,0.036348221205996074,1,0.07457659678475767,0.0034667788571089496,2.107142857142857,0.226719690087592,-0.3317369086401585,1,0.8,0.01661718586658303,0.07457659678475767,0.008691683654451943,0.0
2024-12-09,604.68,-0.005162940647351455,0.012376078701114766,0.009878886935308822,0.008679553929455491,-0.0011402401444546002,0.010547688642027996,0.029759080968789504,1,0.07656918845353618,0.0037611393038995103,2.2742857142857167,0.14797796236463878,-0.09113335286608208,1,0.6,0.010833342388265409,0.07656918845353618,0.0017379650326390106,0.026975883729276368
2024-12-10,602.8,-0.003113925728161604,0.012376078701114766,0.009878886935308822,0.008679553929455491,-0.0028345299503233857,0.006695774406819455,0.025489458935020616,1,0.07763149636191592,0.003884254431693254,2.3414285714285774,0.0683294429339051,-0.12268445432997027,1,0.4,0.007350416066792384,0.07763149636191592,-0.001839713457365555,0.04135750293915182
2024-12-11,607.46,0.007700862673165609,0.012376078701114766,0.009878886935308822,0.008679553929455491,0.0032441611836753676,0.01308122071721155,0.032064603805191313,1,0.0806898669529029,0.0035052278574428295,2.1292857142857264,0.05049464072536638,-0.3713966940880685,1,0.4,0.014242911728318328,0.0806898669529029,-0.00032918559780981127,0.08276199677309329
2024-12-12,604.33,-0.00516592307378172,0.012376078701114766,0.009878886935308822,0.008679553929455491,-0.0012842623558963762,0.00710720745521771,0.025670965363489215,1,0.08349818722019338,0.003647486827200496,2.2042857142857235,0.054320425384221466,-0.07224663384333033,1,0.4,0.008415841171112135,0.08349818722019338,-0.0038480959796283187,0.12078128702308151
2024-12-13,604.21,-0.0001985867251290685,0.012376078701114766,0.009878886935308822,0.008679553929455491,-0.0009888715931231737,0.00624528949153159,0.024444170439056997,1,0.079347709567775,0.003935481277789531,2.3778571428571484,-0.006091470995017278,0.18978772193760893,-1,0.2,0.007302908576508292,0.079347709567775,-0.005940513501258238,0.06642183099727554
2024-12-16,606.79,0.004260947817448013,0.012376078701114766,0.009878886935308822,0.008679553929455491,0.0021822459336230276,0.009528429553198292,0.02765718938913533,1,0.06103257556135915,0.0038740161929339935,2.3507142857142918,0.004442200129153193,0.3764001764001764,1,0.4,0.009833053605394835,0.06103257556135915,0.0034833749635412303,0.0
2024-12-17,604.29,-0.004128552285604492,0.012376078701114766,0.009878886935308822,0.008679553929455491,-0.001298700457699649,0.004855301997926306,0.022483989441167754,1,0.06378975941276958,0.004287203636846543,2.5907142857142844,-0.06574801834651779,1.072855730564248,-1,0.4,0.004323665817105801,0.06378975941276958,0.0024687484060983422,0.03271508237743141
2024-12-18,586.28,-0.030256723999292134,0.012376078701114766,0.009878886935308822,0.008679553929455491,-0.020925719607971977,-0.02275755354370919,-0.007678769814845401,0,0.12841193115528965,0.006309759354368906,3.6992857142857116,-0.1870004739724965,1.529908197702138,-1,0.2,-0.025283152185165445,0.12841193115528965,-0.0354888382663594,0.799482837412552
2024-12-19,586.1,-0.0003070676767151781,0.012376078701114766,0.009878886935308822,0.008679553929455491,-0.014251714139386721,-0.020907538505132755,-0.007672759169756575,0,0.12838700414816648,0.008579715796899584,5.028571428571427,-0.23938996286750897,1.9872367204177706,-1,0.2,-0.02522587700145907,0.12838700414816648,-0.03062998286929286,0.7991870685645515
2024-12-20,591.15,0.008579368826723943,0.012376078701114766,0.009878886935308822,0.008679553929455491,-0.003846204963472814,-0.011297071689006462,0.0008429701627093405,0,0.13078368610805727,0.009099696717037333,5.379285714285719,-0.1561562203882055,3.024028935870557,-1,0.4,-0.016620878778096926,0.13078368610805727,-0.02185202731743985,0.827624652699618
2024-12-23,594.69,0.005970469061097106,0.012376078701114766,0.009878886935308822,0.008679553929455491,0.0014117298294582517,-0.004866848867707774,0.006566493556364307,0,0.1321396437525004,0.009309772438445692,5.536428571428579,-0.08309675656527839,0.6589326678697971,-1,0.4,-0.01066460600180717,0.1321396437525004,-0.020142506073790756,0.8437136291440334
2024-12-24,601.3,0.011053716675275105,0.012376078701114766,0.009878886935308822,0.008679553929455491,0.008326824376926755,0.0056008732355440115,0.01704639094737285,0,0.13749318528691865,0.0095044071178954,5.715000000000008,-0.024723577433923255,-0.10942539848796143,-1,0.6,1.829403165524226e-05,0.13749318528691865,-0.004960237112911159,0.9072355274824051
2024-12-26,601.34,6.65203219831767e-05,0.012376078701114766,0.009878886935308822,0.008679553929455491,0.005580320336757289,0.005125214365561806,0.01643188025769954,0,0.13627202855591994,0.00972471005229557,5.847857142857143,-0.013509746333319115,0.4373223794097853,-1,0.8,2.7439473095658385e-05,0.13627202855591994,0.025363007208364152,0.8927460174593643
2024-12-27,595.01,-0.010582286240401473,0.012376078701114766,0.009878886935308822,0.008679553929455491,-0.003342183572043879,-0.004938247209405547,0.005506380784889347,0,0.1410918526726698,0.011017822029383147,6.555714285714283,-0.04294417608392117,1.059653561080149,-1,0.8,-0.010184942587515667,0.1410918526726698,0.015087788644677858,0.9499351464844531
2024-12-30,588.22,-0.011477184545106489,0.012376078701114766,0.009878886935308822,0.008679553929455491,-0.009858770573832516,-0.014764619325652286,-0.005735330557267743,0,0.1441814924820366,0.011899095090737832,6.999285714285707,-0.06288376830327928,0.5758048389208098,-1,0.6,-0.020312583275561614,0.1441814924820366,-0.004968764727152575,0.986594950954264
2024-12-31,586.08,-0.0036447285514507044,0.012376078701114766,0.009878886935308822,0.008679553929455491,-0.009014446498430506,-0.016630537394106887,-0.008989089336174615,0,0.14397514455562116,0.01201566826564774,7.042142857142843,-0.14752280564416967,0.3056971932843882,-1,0.4,-0.022448099663286678,0.14397514455562116,-0.014583962339700385,0.984146550784054
2025-01-02,584.64,-0.0024600258408584708,0.012376078701114766,0.009878886935308822,0.008679553929455491,-0.007662108887704358,-0.01726402560527921,-0.01098092481653975,0,0.14382687243609157,0.012448442020465033,7.277857142857125,-0.14993492345611978,-0.09985925215380063,-1,0.2,-0.02328029069035088,0.14382687243609157,-0.02809770485583396,0.9823872431476752
2025-01-03,591.95,0.01242589866798216,0.012376078701114766,0.009878886935308822,0.008679553929455491,0.003158676455942898,-0.00450465009008532,0.0013308032262354908,0,0.14989397974611257,0.01201597625280026,7.11285714285713,-0.01922254741491597,-0.6499865587300355,-1,0.2,-0.009768488740585377,0.14989397974611257,-0.015738326509834977,1.0
2025-01-06,595.36,0.005744092740657791,0.012376078701114766,0.009878886935308822,0.008679553929455491,0.005940631261186553,0.00111274669413691,0.0068187970987163326,0,0.15195520373653645,0.011924357891483776,7.099285714285705,0.12610689989168633,-0.44506893080150606,1,0.4,-0.0031219415814269153,0.15195520373653645,0.0005880524712242874,1.0
2025-01-07,588.63,-0.011368461698173071,0.012376078701114766,0.009878886935308822,0.008679553929455491,-0.003626970258418429,-0.009241095722821559,-0.004384236102337067,0,0.15591535350346097,0.013282658764517848,7.818571428571423,-0.06928459196391609,-0.5196095665890053,-1,0.4,-0.012805537130669432,0.15591535350346097,0.0006967753181577052,1.0
2025-01-08,589.49,0.0014599534050070417,0.012376078701114766,0.009878886935308822,0.008679553929455491,-0.0014485481715492226,-0.007056569721260318,-0.002815058182216667,0,0.15568202766024303,0.013791582554388037,8.129999999999995,-0.07509233956621778,-0.179247967409145,-1,0.6,-0.010102333141882467,0.15568202766024303,0.005801457274615451,0.9975409041737762
2025-01-10,580.49,-0.015385181844389528,0.012376078701114766,0.009878886935308822,0.008679553929455491,-0.011191521336137926,-0.020143052843515533,-0.017344352053350515,0,0.16350470801862355,0.01302717162591919,7.562142857142858,-0.16738347352866054,1.204607344368684,-1,0.6,-0.02338614092919838,0.16350470801862355,-0.007123698728915606,1.0
2025-01-13,581.39,0.0015492136537389456,0.012376078701114766,0.009878886935308822,0.008679553929455491,-0.006459769489072605,-0.01688010711864552,-0.015209840585711544,0,0.1601445496446084,0.011143245374981148,6.478571428571432,-0.1557244055099544,0.16232765877954639,-1,0.6,-0.01972223299445154,0.1601445496446084,-0.01800038374315882,0.9672090519301285
2025-01-14,582.19,0.0013750668214518313,0.012376078701114766,0.009878886935308822,0.008679553929455491,-0.003400870178365997,-0.014069334784883692,-0.013318669411228563,0,0.16021727271487995,0.010864150878560491,6.324999999999997,-0.06189831567911139,-0.25471568879455375,-1,0.6,-0.01653772086892028,0.16021727271487995,-0.02236940966236478,0.9679187382470585
2025-01-15,592.78,0.018026480285158186,0.012376078701114766,0.009878886935308822,0.008679553929455491,0.009770175003839017,0.003495331335007995,0.004446666087595995,0,0.17510251203341165,0.01118699782620429,6.6314285714285655,0.04343320031314942,0.005680572935445785,1,0.8,0.0023190400543746837,0.17510251203341165,0.007025532320966477,1.0
2025-01-16,591.64,-0.0019249934179264017,0.012376078701114766,0.009878886935308822,0.008679553929455491,0.005205246530721397,0.001416164227944229,0.002416108038899033,0,0.17403208331688308,0.010761853250510605,6.3671428571428565,0.05985687647883921,-0.24070727590455843,1,0.6,0.0016744236444164904,0.17403208331688308,0.0036405854980330332,0.9906160312731407
2025-01-17,597.58,0.009989824253240798,0.012376078701114766,0.009878886935308822,0.008679553929455491,0.010146525362338286,0.010366540194672086,0.011984967164158202,1,0.17811790892885904,0.01074452673399971,6.4207142857142925,0.1786380998787954,0.15669269380925824,1,0.8,0.012306131212864462,0.17811790892885904,0.02901559159566336,1.0
2025-01-21,603.05,0.009111945972810176,0.012376078701114766,0.009878886935308822,0.008679553929455491,0.012845620732502195,0.01771382930460287,0.02039799673834639,1,0.1422687522128873,0.009830978241541494,5.928571428571429,0.1764591160255003,0.12258073030075088,1,0.8,0.02012335195224905,0.1422687522128873,0.03657832391473459,0.6938202618132304
2025-01-22,606.44,0.005605683184120025,0.012376078701114766,0.009878886935308822,0.008679553929455491,0.01228359433032601,0.021155724824832484,0.02508351356182461,1,0.142869066810376,0.008925626843295665,5.412857142857149,0.16873536673130457,0.010834867888438193,1,0.8,0.024096080355126996,0.142869066810376,0.04080894027740278,0.6989474163442295
2025-01-23,609.75,0.005443241882639782,0.012376078701114766,0.009878886935308822,0.008679553929455491,0.01180241962856242,0.02412222563454551,0.02944000744731513,1,0.14129289033763823,0.008440227259401618,5.146428571428577,0.28488224208990187,-0.31859599854950316,1,0.8,0.028071104246952763,0.14129289033763823,0.02822570187488438,0.6854856408390894
2025-01-24,607.97,-0.0029234984524828533,0.012376078701114766,0.009878886935308822,0.008679553929455491,0.005881808786933062,0.019081547619569796,0.02537187387277255,1,0.14112843063328204,0.008106603004364245,4.928571428571437,0.19037782676541254,-0.2684722659693434,1,0.8,0.02392360614043623,0.14112843063328204,0.027227196840327927,0.6840810267885832
2025-01-27,599.37,-0.014246435063551388,0.012376078701114766,0.009878886935308822,0.008679553929455491,-0.00558007648620485,0.004219921071406902,0.010436916739401066,1,0.14596297390142995,0.009598173320065333,5.752857142857157,0.2081743607271795,-0.03753368442650981,1,0.6,0.009603844569806898,0.14596297390142995,0.0029909375235357416,0.7253717942066813
2025-01-28,604.52,0.008555651121938901,0.012376078701114766,0.009878886935308822,0.008679553929455491,0.0019742710813985868,0.011610657783102746,0.01835542479421526,1,0.14921256513075518,0.009760991010561328,5.900714285714295,0.19450700674636412,-0.072569249490191,1,0.6,0.018006070786519637,0.14921256513075518,0.0024346426726644665,0.7531258359458427
2025-01-29,601.81,-0.004492973827807667,0.012376078701114766,0.009878886935308822,0.008679553929455491,-0.0016797261494637826,0.0063975243309943725,0.013242288598273146,1,0.14484361285959144,0.009120106725648147,5.488571428571431,0.10248620237243557,-0.2321986922921236,1,0.4,0.012862534554628224,0.14484361285959144,-0.007664014339263225,0.7158115785106202
2025-01-30,605.04,0.005352790673660124,0.012376078701114766,0.009878886935308822,0.008679553929455491,0.002449264191136392,0.010663306105021381,0.017934797032385458,1,0.13845973870753142,0.008224957972068531,4.976428571428569,0.0809612438706508,-0.30964566029644885,1,0.4,0.01685942301661754,0.13845973870753142,-0.007754465548242884,0.661288317838656
2025-01-31,601.82,-0.005336174271609373,0.012376078701114766,0.009878886935308822,0.008679553929455491,-0.0019256742502215863,0.00477889433017895,0.012020607982250894,1,0.13940562357293299,0.007537849475625644,4.536428571428563,0.06209173380929658,0.5366426821977068,1,0.4,0.010111691008055602,0.13940562357293299,-0.010167141367369403,0.6693669117854545
2025-02-03,597.77,-0.006752332693595875,0.012376078701114766,0.009878886935308822,0.008679553929455491,-0.005778180378717774,-0.0017943483222549429,0.005004786045794791,1,0.14176403116421715,0.008431336467188995,5.0399999999999965,-0.05340663273687835,0.13408850605986505,-1,0.4,0.0022097335577678907,0.14176403116421715,-0.00267303899741389,0.6895095506920864
2025-02-04,601.78,0.006685865428699422,0.012376078701114766,0.009878886935308822,0.008679553929455491,0.0005940393547580437,0.0044329651667945995,0.01128077672069802,1,0.13707399105116497,0.008191175702544988,4.929285714285713,-0.05933961883249892,-0.21336659386028228,-1,0.4,0.008102106815790414,0.13707399105116497,-0.004542824690653369,0.6494529528402326
2025-02-05,604.22,0.00404644001543808,0.012376078701114766,0.009878886935308822,0.008679553929455491,0.0030959241148769945,0.007689293426617683,0.01476906313906791,1,0.13639650117973753,0.0076166675335726,4.602142857142853,-0.0716273337022808,-0.36399078761722964,-1,0.6,0.011438993013716637,0.13639650117973753,0.003996589152592378,0.6436666613215419
2025-02-06,606.32,0.003469529477063915,0.012376078701114766,0.009878886935308822,0.008679553929455491,0.004378552726893411,0.010114927994093602,0.017565857600117727,1,0.12889060776452538,0.00754905471885358,4.577142857142852,-0.07359563614994076,-0.13074909907392332,-1,0.6,0.01345376927844846,0.12889060776452538,0.0021133279559961693,0.5795604816717549
2025-02-07,600.77,-0.009195733722652477,0.012376078701114766,0.009878886935308822,0.008679553929455491,-0.003215233221105533,0.0007859540250811476,0.007925332631398501,1,0.13434748964864207,0.007892252561580437,4.741428571428571,-0.08918522942698665,0.46767635610191677,-1,0.6,0.0032312740571221023,0.13434748964864207,-0.0017462314950469349,0.6261665059035771
2025-02-10,604.85,0.006768327624739889,0.012376078701114766,0.009878886935308822,0.008679553929455491,0.0023666732665387487,0.006855475385908154,0.01418299212751045,1,0.1209752220952197,0.00779059743264457,4.712142857142859,-0.009498840526665234,-0.6297854922677445,-1,0.8,0.007994293837364419,0.1209752220952197,0.01177442882328883,0.5119569190251733
2025-02-11,605.31,0.0007602300888374103,0.012376078701114766,0.009878886935308822,0.008679553929455491,0.002083821448790492,0.006890377648246092,0.014359433664270418,1,0.12105140065511694,0.007671393878448658,4.643571428571428,-0.021369481169797668,-0.32355463132380446,-1,0.8,0.00675427318796899,0.12105140065511694,0.005848793483426817,0.5126075432981394
2025-02-12,603.36,-0.0032266899846433716,0.012376078701114766,0.009878886935308822,0.008679553929455491,-0.000763212052495486,0.0032982411977266046,0.010652083721489533,1,0.12246833060123923,0.008272720384878512,4.991428571428571,-0.029005961051954066,0.2124597201525658,-1,0.6,0.001747446279513806,0.12246833060123923,-0.001424336516654634,0.5247092293536842
2025-02-13,609.73,0.010502202720019227,0.012376078701114766,0.009878886935308822,0.008679553929455491,0.006502969863651299,0.012551087974690647,0.020468812464596805,1,0.11167072193538712,0.008447532982969247,5.150714285714287,-0.02664585240726862,0.04175014574364901,-1,0.6,0.010901012177614617,0.11167072193538712,0.005608336726300678,0.43248923599242123
2025-02-14,609.7,-4.9203316312862455e-05,0.012376078701114766,0.009878886935308822,0.008679553929455491,0.004293063511571355,0.011297220908041066,0.01960217766815903,1,0.11112497503616298,0.006963612080871441,4.245714285714281,0.007449369639991385,-0.5957390234485909,1,0.6,0.009340162699592942,0.11112497503616298,0.014754867132640292,0.4278281321331429
2025-02-18,611.49,0.002931568849972699,0.012376078701114766,0.009878886935308822,0.008679553929455491,0.004816066417109136,0.0128900533230829,0.021690275570581563,1,0.10671258824909961,0.006533222129541728,3.9950000000000045,0.09651759933052062,-0.5938333242227122,1,0.6,0.011139249297422568,0.10671258824909961,0.010918108357873102,0.39014291008048796
2025-02-19,612.93,0.002352135156078461,0.012376078701114766,0.009878886935308822,0.008679553929455491,0.004776771503457797,0.013800443387642268,0.023129450189700928,1,0.1026437925654518,0.006125145961658919,3.7542857142857264,0.09125568201886755,-0.07312794027102798,1,0.6,0.012693154453322314,0.1026437925654518,0.012510013425114153,0.3553922238363198
2025-02-20,610.38,-0.004169022886111762,0.012376078701114766,0.009878886935308822,0.008679553929455491,0.000397623541130729,0.008662142233732299,0.018119355856378007,1,0.10245395026727103,0.006714786573224434,4.098571428571445,0.028151217704925718,0.19250581507253753,1,0.6,0.00815186197907801,0.10245395026727103,0.011567680523645762,0.35377082265206644
2025-02-21,599.94,-0.017252063817870145,0.012376078701114766,0.009878886935308822,0.008679553929455491,-0.01120460625233023,-0.007778372336039191,0.0006776623167303408,1,0.11791843562599519,0.007660289838494908,4.595714285714296,-0.07078955124496501,1.139127517716618,-1,0.4,-0.008288233485507342,0.11791843562599519,-0.01618658601424361,0.48584958020392166
2025-02-24,597.21,-0.004560839881853518,0.012376078701114766,0.009878886935308822,0.008679553929455491,-0.010524475880883368,-0.011135666849613656,-0.00372444734565134,0,0.1184495223440751,0.007802950385948323,4.660000000000001,-0.0740280757801163,-0.0010100711775303465,-1,0.4,-0.01192225222361417,0.1184495223440751,-0.020698222579784264,0.4903854746904922
2025-02-25,594.24,-0.0049855321696030686,0.012376078701114766,0.009878886935308822,0.008679553929455491,-0.010350127727900975,-0.014546756843670856,-0.008341534405752561,0,0.10876813112225588,0.008719420724656451,5.181428571428569,-0.14756330638902573,1.2368294770948263,-1,0.2,-0.01641867751807851,0.10876813112225588,-0.028615323599360032,0.4076988482499977
2025-02-26,594.54,0.0005047191345211033,0.012376078701114766,0.009878886935308822,0.008679553929455491,-0.006588638092144603,-0.0127282607084437,-0.007535729968842492,0,0.10357732275186043,0.008733042111774024,5.192142857142861,-0.1321776025543158,0.44132922110544404,-1,0.2,-0.01510865792939077,0.10357732275186043,-0.03046273962091739,0.36336529919562666
2025-02-27,585.05,-0.016090683633868785,0.012376078701114766,0.009878886935308822,0.008679553929455491,-0.015076392452068583,-0.02584408072986698,-0.022481215828327017,0,0.1164011295073501,0.010410587617646154,6.090714285714292,-0.1639128412607987,0.6460319326649822,-1,0.2,-0.029482144412278165,0.1164011295073501,-0.04238440036867441,0.4728906034046443
2025-02-28,594.18,0.015484990096273243,0.012376078701114766,0.009878886935308822,0.008679553929455491,0.00019587191605137822,-0.009638142178475485,-0.00694511709538802,0,0.12907745621299732,0.00995850223355364,5.917142857142859,-0.11634105824206521,1.1686529997825092,-1,0.4,-0.013448075187660525,0.12907745621299732,-0.009647346454531025,0.581156313046172
2025-03-03,583.77,-0.017675234123061934,0.012376078701114766,0.009878886935308822,0.008679553929455491,-0.011618776931683325,-0.024481751409297602,-0.02341108925716832,0,0.14152574290771108,0.01148201713490872,6.7028571428571455,-0.16142878251779,1.7591265830310958,-1,0.4,-0.029277807431895144,0.14152574290771108,-0.02276174069573944,0.6874743832663069
2025-03-04,576.86,-0.011907466885946683,0.012376078701114766,0.009878886935308822,0.008679553929455491,-0.01566717675251525,-0.032709739505546946,-0.03364556581099363,0,0.14518794519428035,0.01385580061512895,7.992857142857141,-0.2766697041793079,3.0991513701446785,-1,0.4,-0.03909756526179435,0.14518794519428035,-0.029683675412083055,0.7187524450118766
2025-03-05,583.06,0.010690494254756544,0.012376078701114766,0.009878886935308822,0.008679553929455491,-0.003397577528230437,-0.020231359199647622,-0.022367612427763132,0,0.14893271290469365,0.013338494935563269,7.777142857142857,-0.2352133925023891,1.2969356133771457,-1,0.4,-0.027253291023994628,0.14893271290469365,-0.019497900291847614,0.7507356798262615
2025-03-06,572.71,-0.01791061661063953,0.012376078701114766,0.009878886935308822,0.008679553929455491,-0.014158487727239686,-0.034162633250904816,-0.038223562154270266,0,0.15804572858557508,0.014547377505917504,8.331428571428562,-0.28092639270021325,1.1911391366197954,-1,0.4,-0.0420026094810443,0.15804572858557508,-0.021317833268618358,0.8285679361711112
2025-03-07,575.92,0.00558928176472584,0.012376078701114766,0.009878886935308822,0.008679553929455491,-0.005771885484484993,-0.026082578773747513,-0.031585976998563685,0,0.1593133270886458,0.015262536463371187,8.789999999999996,-0.15294170718401054,0.060624831742895305,-1,0.4,-0.03417742746933728,0.1593133270886458,-0.031213541600165762,0.839394215318236
2025-03-10,560.58,-0.026996800128079812,0.012376078701114766,0.009878886935308822,0.008679553929455491,-0.0217362194548576,-0.047303247188993564,-0.0552544338249612,0,0.1802806816622333,0.018102424529663968,10.14785714285713,-0.20855060325370248,0.9576681409301262,-1,0.4,-0.0567239422470041,0.1802806816622333,-0.04053510760518364,1.0
2025-03-11,555.92,-0.008347563026832816,0.012376078701114766,0.009878886935308822,0.008679553929455491,-0.020112474850372448,-0.0502276877745518,-0.060783540079763144,0,0.17685602304635106,0.019756182801189688,10.982857142857126,-0.25251401292585873,0.5120540962645774,-1,0.4,-0.06069842728816932,0.17685602304635106,-0.036975203746069774,0.9712812326513156
2025-03-12,558.87,0.005292488963645425,0.012376078701114766,0.009878886935308822,0.008679553929455491,-0.009991455238871745,-0.041060821233236275,-0.05372892234265056,0,0.17926336508315469,0.01955476484433206,10.928571428571413,-0.21524729749058563,0.6063164795390752,-1,0.4,-0.05199466686560984,0.17926336508315469,-0.04237320903718089,0.9914689078733205
2025-03-13,551.42,-0.013420118728400432,0.012376078701114766,0.009878886935308822,0.008679553929455491,-0.01557958015371423,-0.0489670407659084,-0.06390773664499125,0,0.18231251396410358,0.01981248413184176,10.924999999999995,-0.23240140333230286,-0.0015809328447222047,-1,0.4,-0.060493248711401805,0.18231251396410358,-0.037882711154941795,1.0
2025-03-14,562.81,0.020445324142390753,0.012376078701114766,0.009878886935308822,0.008679553929455491,0.00316456698448308,-0.026604386265050507,-0.04289909938353177,0,0.19606296040976107,0.01821980013551197,10.254285714285711,-0.2377913346795459,-0.29392151140188477,-1,0.4,-0.03723876499149434,0.19606296040976107,-0.023026668777276882,1.0
2025-03-17,567.15,0.007681725621307756,0.012376078701114766,0.009878886935308822,0.008679553929455491,0.00724054249512073,-0.01731084186011323,-0.03417331488971664,0,0.20001178504902847,0.017391468621271323,9.863571428571422,-0.1252891069097377,-0.33994305662552593,-1,0.6,-0.026270856886751345,0.20001178504902847,0.011651856972110686,1.0
2025-03-18,561.02,-0.010867263493918422,0.012376078701114766,0.009878886935308822,0.008679553929455491,-0.0024337208948814614,-0.025339368547032275,-0.04293799820747484,0,0.20001701510578143,0.018261381055901277,10.244999999999996,-0.08925965937547345,-0.39769736302100717,-1,0.6,-0.03260404739893127,0.20001701510578143,0.00913215650502508,1.0
2025-03-19,567.13,0.010831998832632195,0.012376078701114766,0.009878886935308822,0.008679553929455491,0.005604683675806875,-0.013340837976014534,-0.03127954917087868,0,0.20593876290005794,0.016500374063866546,9.357857142857133,-0.0873896096957186,-0.06562497806417195,-1,0.6,-0.018191323977961516,0.20593876290005794,0.01467166637401185,1.0
2025-03-20,565.49,-0.002895942409898211,0.012376078701114766,0.009878886935308822,0.008679553929455491,0.001796200781441787,-0.014674357917628283,-0.032788167253502955,0,0.20596489983932897,0.016752854035534965,9.47357142857142,-0.07502944568946808,-0.21395494594537232,-1,0.6,-0.017211699471722717,0.20596489983932897,0.02519584269251407,1.0
2025-03-21,563.98,-0.0026738220574618055,0.012376078701114766,0.009878886935308822,0.008679553929455491,-0.0005860690907617532,-0.015683136574371065,-0.0340309765777092,0,0.19976203899364892,0.015933949025519756,8.986428571428567,-0.2512529501411719,0.03208770952749425,-1,0.4,-0.0167635555020624,0.19976203899364892,0.0020766964926615117,0.940075316946426
2025-03-24,574.08,0.01774996955395025,0.012376078701114766,0.009878886935308822,0.008679553929455491,0.01147502978350939,0.0017589290046675118,-0.016086380723230848,0,0.21285357835004062,0.014248885172773392,8.179999999999998,-0.08524348673331286,-0.40834781418069277,-1,0.4,0.0028666809913319947,0.21285357835004062,0.012144940425304007,1.0
2025-03-25,575.46,0.0024009615375346627,0.012376078701114766,0.009878886935308822,0.008679553929455491,0.009228196247934816,0.003768650274035804,-0.013190214807588817,0,0.21308269035769495,0.013793933797037758,7.937857142857142,0.08137693499547055,-0.5646448836066337,1,0.6,0.006929133858255655,0.21308269035769495,0.025413165456757092,1.0
2025-03-26,568.59,-0.012010108961575838,0.012376078701114766,0.009878886935308822,0.008679553929455491,-0.0018819344856327179,-0.007438091109769942,-0.024015283201624917,0,0.2160487520082664,0.013373935022199374,7.604285714285717,-0.08084880601394587,-0.2549268410448898,-1,0.4,-0.0028279427045604442,0.2160487520082664,0.002571057662549059,1.0
2025-03-27,567.08,-0.0026592247568828498,0.012376078701114766,0.009878886935308822,0.008679553929455491,-0.003026324934346449,-0.009123351784066128,-0.025590480224847126,0,0.20979103261239923,0.013682876691599124,7.759285714285714,-0.0443021067732705,-0.4308242237383132,-1,0.4,-0.003906524457927621,0.20979103261239923,0.0028077753155644203,0.944911921144638
2025-03-28,555.66,-0.020343790839161713,0.012376078701114766,0.009878886935308822,0.008679553929455491,-0.015521959304828697,-0.026381613213896912,-0.043517470560014336,0,0.20973175618845738,0.013309783474968473,7.395714285714291,-0.21468805517547238,0.14366991540097956,-1,0.4,-0.02065289806791823,0.20973175618845738,-0.014862193466135487,0.9443900977598232
2025-03-31,559.39,0.006690307901799919,0.012376078701114766,0.009878886935308822,0.008679553929455491,-0.005959985373770949,-0.017989878398304626,-0.03569400221773383,0,0.205450244471818,0.01260429089848171,7.050714285714288,-0.1454593131163436,0.9451281099070165,-1,0.4,-0.011956005291778546,0.205450244471818,-0.02592185511828582,0.9066990093383518
2025-04-01,560.97,0.002820523844929035,0.012376078701114766,0.009878886935308822,0.008679553929455491,-0.0021037533098728837,-0.01378700468587631,-0.0317183717071766,0,0.20279111602108518,0.012640095345030309,7.090714285714292,0.0016157177189228638,-0.17310050968029145,1,0.4,-0.007772861578666697,0.20279111602108518,-0.025502292810891447,0.8832901172941908
2025-04-02,564.52,0.006308384388816535,0.012376078701114766,0.009878886935308822,0.008679553929455491,0.002803569555484801,-0.006832179260489518,-0.024611911539867873,0,0.19990290991409937,0.011860898259941959,6.695714285714295,0.012997450633020784,0.1421134082577078,1,0.6,0.0001461632155904518,0.19990290991409937,-0.007183799460499074,0.8578646043066235
2025-04-03,536.7,-0.050536533362931735,0.012376078701114766,0.009878886935308822,0.008679553929455491,-0.031567441302162776,-0.050733760516235335,-0.07002922911956302,0,0.2597606529535016,0.0160717612925251,8.625714285714293,-0.0690062446423979,1.0011054953921807,-1,0.6,-0.046098994555910475,0.2597606529535016,-0.05506110806654796,1.0
2025-04-04,505.28,-0.06032654811539029,0.012376078701114766,0.009878886935308822,0.008679553929455491,-0.060625199192892304,-0.09716591611346709,-0.12017780703028311,0,0.32675832306581337,0.02263667103949201,11.437857142857158,-0.27643185139095744,1.6021644401466042,-1,0.6,-0.0962699314080607,0.32675832306581337,-0.09504386534277653,1.0
2025-04-07,504.38,-0.0017827788332125394,0.012376078701114766,0.009878886935308822,0.008679553929455491,-0.04241302444383357,-0.09021564790303829,-0.1175317599862538,0,0.3179639291679919,0.024771572453826385,12.494285714285724,-0.6841801794138972,3.3666049538174616,-1,0.4,-0.09332278736984288,0.3179639291679919,-0.10351695207778899,0.9607925882670146
2025-04-08,496.48,-0.01578675153395892,0.012376078701114766,0.009878886935308822,0.008679553929455491,-0.039021094617701535,-0.09546612659195854,-0.12685600463125826,0,0.3200051316264339,0.028702062520083994,14.250000000000004,-0.9146661989502807,3.3231279835852297,-1,0.2,-0.10273023170896084,0.3200051316264339,-0.12212422745667695,0.9698927338993751
2025-04-09,548.62,0.0998628335732823,0.012376078701114766,0.009878886935308822,0.008679553929455491,0.040432585359921495,-0.00042759135714941785,-0.03382685745003146,0,0.4924962524897846,0.028341240619268508,15.54857142857143,-0.5726558903641636,3.6649031887255705,-1,0.2,-0.0075803552935270755,0.4924962524897846,-0.028569778272211188,1.0
2025-04-10,524.58,-0.04480809185260615,0.012376078701114766,0.009878886935308822,0.008679553929455491,-0.0034447017467376406,-0.040184977787806594,-0.07339604479664527,0,0.5151399955115722,0.03397547970342591,17.822857142857142,-0.7855171938740818,2.849976994701666,-1,0.2,-0.04875799796353038,0.5151399955115722,-0.0228413367618856,1.0
2025-04-11,533.94,0.017685530675938033,0.012376078701114766,0.009878886935308822,0.008679553929455491,0.009512328711322685,-0.020908955605626663,-0.054754978792338926,0,0.5136008088449269,0.032753813965124674,17.488571428571422,-0.5987511846394853,0.36565186631260055,-1,0.4,-0.02924412526698001,0.5136008088449269,0.05517074202944272,0.9962703205393482
2025-04-14,539.12,0.009654707541117524,0.012376078701114766,0.009878886935308822,0.008679553929455491,0.012788419805260099,-0.010334870500286874,-0.04387551515769159,0,0.5141737698467378,0.032743836516590734,17.65285714285714,-0.5563019753408773,-0.2863182143374154,-1,0.6,-0.017322444262746144,0.5141737698467378,0.06660822840377278,0.9976586907263549
2025-04-15,537.61,-0.0028047904115400257,0.012376078701114766,0.009878886935308822,0.008679553929455491,0.0066125582197077365,-0.01187334050482042,-0.044809665420742766,0,0.5132363526543202,0.03262322395144957,17.538571428571426,-0.6635735144538695,0.04181132987606575,-1,0.6,-0.01797962564819625,0.5132363526543202,0.07959018952619168,0.9953871886893461
2025-04-16,525.66,-0.022478774320046746,0.012376078701114766,0.009878886935308822,0.008679553929455491,-0.01056379366108148,-0.030713795309385436,-0.06361653494642903,0,0.5156919693380222,0.03449540985203867,18.132857142857144,-0.7946128043223296,0.09827467127982162,-1,0.4,-0.03615739132102303,0.5156919693380222,-0.04275141836713736,1.0
2025-04-17,526.41,0.0014257608848238235,0.012376078701114766,0.009878886935308822,0.008679553929455491,-0.006120062504970364,-0.02661176369118035,-0.05998465528652347,0,0.5160201550519765,0.03393606830085254,17.864285714285717,-0.6448907774361862,-0.3660557522264379,-1,0.6,-0.03131155972616056,0.5160201550519765,0.0034824343702926086,1.0
2025-04-21,513.88,-0.02409060162769805,0.012376078701114766,0.009878886935308822,0.008679553929455491,-0.020050433143277938,-0.045254570203831085,-0.07938620805234417,0,0.521095954827291,0.03603676233466061,18.51857142857143,-0.628439303564707,-0.681746756705546,-1,0.4,-0.04998978592963285,0.521095954827291,-0.038293697933343473,1.0
2025-04-22,527.25,0.025685044195425277,0.012376078701114766,0.009878886935308822,0.008679553929455491,0.0036238533160622595,-0.018506010689824534,-0.0533760652577985,0,0.526355008598848,0.03510126668014747,18.507142857142856,0.1108806331152856,-0.7040345830309955,1,0.4,-0.021034982797284923,0.526355008598848,-0.02226336127903572,1.0
2025-04-23,535.42,0.01537666627806189,0.012376078701114766,0.009878886935308822,0.008679553929455491,0.012702476023802098,-0.002984185921736211,-0.03724624880117823,0,0.5305298345617258,0.03462835584341199,18.540714285714277,4.282262985800552,-0.45366929487156293,1,0.6,-0.002156260890790852,0.5305298345617258,-0.004081904589433805,1.0
2025-04-24,546.69,0.020830428529060363,0.012376078701114766,0.009878886935308822,0.008679553929455491,0.02242487484241417,0.016259553666117605,-0.016326282177233496,0,0.5364045089883929,0.03006535435328707,16.436428571428575,0.339180959703077,-0.7347702645210824,1,0.8,0.020930675540875392,0.5364045089883929,0.039227298259673304,1.0
2025-04-25,550.64,0.007199323924021783,0.012376078701114766,0.009878886935308822,0.008679553929455491,0.019679241276930118,0.021306599894386463,-0.00886061930023448,0,0.5373756271278671,0.024728368028846155,13.616428571428575,2.2545018667660623,-0.6234882758212839,1,0.8,0.029888153218811983,0.5373756271278671,0.045000861298871264,1.0
2025-04-28,550.85,0.0003813016959650639,0.012376078701114766,0.009878886935308822,0.008679553929455491,0.01328984647599048,0.01958932750617675,-0.008152684193015578,0,0.5327373652763352,0.022403039458458545,12.340714285714293,1.1409937265237904,-0.5134811472386307,1,1.0,0.03074457425294023,0.5327373652763352,0.06947276462253438,0.9893354088832444
2025-04-29,554.32,0.006279597533040082,0.012376078701114766,0.009878886935308822,0.008679553929455491,0.013029834694023917,0.023476582424348233,-0.0018301284652283705,0,0.5326665010969172,0.01911995134318142,10.598571428571445,0.8265657433277591,-0.297776111944028,1,1.0,0.037729844280546466,0.5326665010969172,0.05006731796014918,0.9891724733866062
2025-04-30,554.54,0.00039680392995755653,0.012376078701114766,0.009878886935308822,0.008679553929455491,0.008914678793366004,0.021559194340975276,-0.0013778154230515774,0,0.5325382733463264,0.017716099315230677,9.824285714285736,1.600957160089663,0.6364344232760151,1,1.0,0.038766906842650384,0.5325382733463264,0.03508745561204485,0.9888776438634692
2025-05-01,558.47,0.007061960508576881,0.012376078701114766,0.009878886935308822,0.008679553929455491,0.010652829217636436,0.02598491202776391,0.005474646501881184,0,0.5326741897147313,0.012989570996244648,7.254285714285738,3.240921522571511,-0.24314246425696653,1,1.0,0.04672172012691274,0.5326741897147313,0.021318987591561367,0.9891901515530974
2025-05-02,566.76,0.014735031938326593,0.012376078701114766,0.009878886935308822,0.008679553929455491,0.016958369759514733,0.03714375032861889,0.019584371440847115,0,0.5008549371862312,0.012723954709958131,7.211428571428594,2.132491848170633,-0.2397803378320005,1,1.0,0.05927538805136136,0.5008549371862312,0.028854695605866176,0.9160292717409397
2025-05-05,563.51,-0.005750854144721096,0.012376078701114766,0.009878886935308822,0.008679553929455491,0.007390439349330832,0.02814170776792824,0.013191877211765363,0,0.4439660605481989,0.013097752099698679,7.3807142857143,3.117066489559593,-0.4426948410004022,1,0.8,0.04750105259431289,0.4439660605481989,0.022722539765180017,0.7852266935648542
2025-05-06,558.8,-0.008393452168473203,0.012376078701114766,0.009878886935308822,0.008679553929455491,-0.000686674242403956,0.017653568567901266,0.004537222248758503,0,0.44601059056455034,0.01335898353612502,7.465000000000019,1.7146870068139803,-0.3645041811447554,1,0.6,0.03351813234315544,0.44601059056455034,0.008049490063666731,0.7899276089827968
2025-05-07,561.15,0.004196622079450485,0.012376078701114766,0.009878886935308822,0.008679553929455491,0.0023411750506556273,0.019803002773778,0.008415254247964715,0,0.43917317177344417,0.011417879100296633,6.407142857142873,1.1676984987066537,-0.38638292893199855,1,0.6,0.0316945235525083,0.43917317177344417,0.01184930821315966,0.774206574242793
2025-05-08,565.06,0.006943670736172081,0.012376078701114766,0.009878886935308822,0.008679553929455491,0.00619761633230465,0.024283842597949884,0.014827187721104548,0,0.2657236088209048,0.010044445343333892,5.675714285714292,0.9883156440651193,0.015282835336958149,1,0.6,0.03731552889206764,0.2657236088209048,0.011731018440754859,0.3754001403934759
2025-05-09,564.34,-0.0012750134541139602,0.012376078701114766,0.009878886935308822,0.008679553929455491,0.003271651614651779,0.02074485257443026,0.012996447304012872,0,0.20258267174829603,0.008540950490823724,4.820000000000001,0.6520648047209543,-0.38475709919567536,1,0.4,0.03222667503163003,0.20258267174829603,-0.004279026951685694,0.23022242120417213
2025-05-12,582.99,0.032513126800331804,0.012376078701114766,0.009878886935308822,0.008679553929455491,0.023993478079834693,0.04903509002080702,0.04456968652153543,0,0.22210191597843987,0.009485582943087394,5.530000000000006,0.6527032078472195,0.6590484271366704,1,0.6,0.0615770790104374,0.22210191597843987,0.033984953993367206,0.2751023277911236
2025-05-13,586.84,0.006582176726710465,0.012376078701114766,0.009878886935308822,0.008679553929455491,0.020295805422373674,0.05036457604598273,0.0493499518318284,0,0.22140342000716137,0.009083760966711896,5.3307142857142935,0.6333394415581812,0.4222304087275589,1,0.8,0.06396499380381647,0.22140342000716137,0.048960582888550874,0.27349630075581816
2025-05-14,587.59,0.0012772155036122612,0.012376078701114766,0.009878886935308822,0.008679553929455491,0.014296913685266484,0.046553250971128314,0.0486065454428544,1,0.2201511648561748,0.009100125695014819,5.347142857142858,0.503705946969302,-0.2880512129235297,1,0.8,0.060519782658220264,0.2201511648561748,0.04604117631271265,0.27061703486126504
2025-05-15,590.46,0.004872468363883442,0.012376078701114766,0.009878886935308822,0.008679553929455491,0.012752237171193554,0.046515637396657095,0.05151278553433071,1,0.19585370849140504,0.008968794305635124,5.2957142857142845,0.4709503037439452,0.1279078784732718,1,0.8,0.05950401804408306,0.19585370849140504,0.04396997394042401,0.21475075443082847
2025-05-16,594.2,0.006314068889547109,0.012376078701114766,0.009878886935308822,0.008679553929455491,0.012696915874065597,0.04784081118623258,0.05576460014984025,1,0.19516903844159172,0.008625042073361452,5.125,0.45407224276959424,0.25256063757775793,1,1.0,0.05976942613350079,0.19516903844159172,0.05155905628408508,0.21113894352694756
2025-05-19,594.85,0.0010933098940260066,0.012376078701114766,0.009878886935308822,0.008679553929455491,0.009160987004307796,0.044115799503524955,0.05456557376700615,1,0.16106736626135768,0.00907191488849205,5.396428571428568,0.6205855621699116,0.7633189512457578,1,1.0,0.05332309847149374,0.16106736626135768,0.020139239377779283,0.13252712822885115
2025-05-20,592.85,-0.0033678570184498824,0.012376078701114766,0.009878886935308822,0.008679553929455491,0.0038379501466753517,0.036596586677057716,0.048921259693138326,1,0.14973832788244076,0.008192869793598137,4.857142857142849,0.645778410941714,0.25587644800444215,1,0.8,0.043719680678213316,0.14973832788244076,0.010189205632618936,0.10641121614566985
2025-05-21,582.86,-0.016994395612386803,0.012376078701114766,0.009878886935308822,0.008679553929455491,-0.008756523115505514,0.01727580691178848,0.02998401418664009,1,0.16569842061397927,0.009297748540432351,5.4192857142856985,0.39828678517281957,0.7125584658559402,1,0.6,0.02186492189091843,0.16569842061397927,-0.008082405483380128,0.1432027217152828
2025-05-22,583.09,0.0003945280723582911,0.012376078701114766,0.009878886935308822,0.008679553929455491,-0.005592509530279776,0.01596680340259463,0.029163912496114445,1,0.15403620572125462,0.00997763148544333,5.81785714285713,0.373621972293003,0.08797066825526478,1,0.6,0.01901666962301514,0.15403620572125462,-0.01256034577490528,0.08939989578140731
2025-05-23,579.11,-0.006849106106606051,0.012376078701114766,0.009878886935308822,0.008679553929455491,-0.00828756088149027,0.00816488947555522,0.02125249064547162,1,0.15726433836819118,0.010348391743963643,5.992857142857133,0.3424435995306388,1.021865044118351,1,0.4,0.009549676447601452,0.15726433836819118,-0.02572352077105844,0.06903504390439902
2025-05-27,591.15,0.020577350051682153,0.012376078701114766,0.009878886935308822,0.008679553929455491,0.008186790344170528,0.026278448111169958,0.04075089734888531,1,0.16948541751496976,0.010317661700541974,6.099285714285705,0.3035784857778993,-0.08108378400275465,1,0.4,0.026931435410890697,0.16948541751496976,-0.006239480613402293,0.07063201410893584
2025-05-28,587.73,-0.005802133541061849,0.012376078701114766,0.009878886935308822,0.008679553929455491,0.0015681650368222324,0.01836825484129543,0.03332246931363707,1,0.1722887724338552,0.010547846314251706,6.199285714285703,0.13451605963762372,0.00733363552876351,1,0.4,0.018036002719442917,0.1722887724338552,-0.00867375713601426,0.06910167883387046
2025-05-29,590.05,0.003939620303700764,0.012376078701114766,0.009878886935308822,0.008679553929455491,0.0036744009675597654,0.02021284940823924,0.03588204651590207,1,0.1720577118758027,0.010685535124123912,6.304999999999999,0.1292636803530747,0.05566694577081777,1,0.6,0.018920967789251394,0.1720577118758027,0.012260258780073308,0.059532554525690166
2025-05-30,589.39,-0.0011191753186077236,0.012376078701114766,0.009878886935308822,0.008679553929455491,0.0016997153841532976,0.017224054596804973,0.03331629414346409,1,0.17201198129874667,0.010799300972173267,6.365000000000001,-0.031177384671220016,0.27127284156586184,-1,0.4,0.015071326590161908,0.17201198129874667,0.010746555389107293,0.057460036636473685
2025-06-02,592.71,0.005617136840265324,0.012376078701114766,0.009878886935308822,0.008679553929455491,0.004882871153227965,0.020722620509845583,0.037544502267886457,1,0.16650353873844698,0.009393897762561373,5.567857142857146,-0.041726035040566,-0.1896278998213067,-1,0.6,0.01851318829456736,0.16650353873844698,0.023212798335978668,0.04324973599971242
2025-06-03,596.09,0.005686421782960416,0.012376078701114766,0.009878886935308822,0.008679553929455491,0.007050614140652595,0.023954913046723824,0.041685815019709097,1,0.16415779162590807,0.009275924297130374,5.52928571428572,-0.043145150897746926,-0.06692680636951084,-1,0.6,0.021462029540777586,0.16415779162590807,0.008321870067256931,0.03719833919887533
2025-06-04,595.93,-0.00026845187322432906,0.012376078701114766,0.009878886935308822,0.008679553929455491,0.0045100107831534736,0.021376613328332215,0.039717944177299166,1,0.159263516508349,0.009237662141511208,5.505000000000011,-0.04254939291368992,-0.054447368203977595,-1,0.6,0.017949445015701452,0.159263516508349,0.013855551735094451,0.02457242542048956
2025-06-05,593.05,-0.0048444980278752325,0.012376078701114766,0.009878886935308822,0.008679553929455491,-0.00022973804757125098,0.014851504441475222,0.033287407318837066,1,0.1617398333332934,0.009572789574459662,5.677142857142875,-0.04362227885180787,-0.03066250550170855,-1,0.4,0.010277385493077072,0.1617398333332934,0.005071433403518455,0.03096065697035534
2025-06-06,599.14,0.010216581202664443,0.012376078701114766,0.009878886935308822,0.008679553929455491,0.006668922631065959,0.022811108459901593,0.042104203017557386,1,0.16327146252447416,0.009544633021600803,5.718571428571449,-0.04467115817858335,-0.06028331762168997,-1,0.6,0.01769768701979764,0.16327146252447416,0.01640718992479062,0.03491184844280198
2025-06-09,599.68,0.000900885932034079,0.012376078701114766,0.009878886935308822,0.008679553929455491,0.005038093508683531,0.021424253043119415,0.04128577539857593,1,0.16271024519570645,0.008946438100305295,5.365000000000025,0.07504472346909298,-0.3026818713911797,1,0.6,0.015566785438458235,0.16271024519570645,0.011690939016559376,0.03346405864068496
2025-06-10,603.08,0.0056536783007059555,0.012376078701114766,0.009878886935308822,0.008679553929455491,0.007132041599554911,0.024559810732792443,0.04525522515963257,1,0.12067891119983665,0.008490936999578536,5.120714285714314,0.0645390947532561,-0.087362323233019,1,0.6,0.01959027375660788,0.12067891119983665,0.011658195534304916,0.0
2025-06-11,601.36,-0.0028561010414991372,0.012376078701114766,0.009878886935308822,0.008679553929455491,0.002835756576227971,0.019536742082996734,0.04054909813145788,1,0.12025806337471459,0.007638638134501508,4.593571428571465,0.06378433863482318,0.07615840340124624,1,0.6,0.015436025723587685,0.12025806337471459,0.009070546366030108,0.0
2025-06-12,603.75,0.003966448097561859,0.012376078701114766,0.009878886935308822,0.008679553929455491,0.004537251043512179,0.021294329628180186,0.04285714175107003,1,0.12065263345088825,0.006703342206436757,4.047142857142895,0.05461132917988629,-0.08352185762283613,1,0.8,0.01808266578303307,0.12065263345088825,0.0178814924914672,0.0009459445261028746
2025-06-13,597.0,-0.011243091574161035,0.012376078701114766,0.009878886935308822,0.008679553929455491,-0.0044723789123909665,0.008927151403512641,0.02993779622886183,1,0.12777483269781134,0.006870064608746631,4.101428571428609,0.06046090127550163,-0.012088140112934487,1,0.6,0.006145577636255478,0.12777483269781134,-0.003578180285358279,0.018020745171845903
2025-06-16,602.68,0.009469262540469536,0.012376078701114766,0.009878886935308822,0.008679553929455491,0.0033273270007285667,0.016732389636698767,0.03811915938107738,1,0.13013150218827976,0.006079985588172284,3.6642857142857514,0.07382280764961272,0.2978006019746716,1,0.6,0.014992989798341846,0.13013150218827976,0.004990196323077178,0.02367063790056131
2025-06-17,597.53,-0.008581884182826904,0.012376078701114766,0.009878886935308822,0.008679553929455491,-0.003503640673710776,0.007272553594673576,0.02806907439694857,1,0.13421971148562994,0.006462317492715267,3.861428571428616,-0.05611723467395589,0.29247463297603066,-1,0.4,0.0060926585863280095,0.13421971148562994,-0.009245366160455681,0.033471733928657495
2025-06-18,597.44,-0.00015063139688820115,0.012376078701114766,0.009878886935308822,0.008679553929455491,-0.0024387922370435917,0.006438296795514052,0.026790224423111787,1,0.13356178211508465,0.0066533877878839475,3.975000000000039,-0.07655969345641192,0.33657976557292957,-1,0.4,0.005552554023362366,0.13356178211508465,-0.006539896515844745,0.031894410344808964
2025-06-20,594.28,-0.005303271584197411,0.012376078701114766,0.009878886935308822,0.008679553929455491,-0.005156679451821179,0.0010087106149741835,0.020504496390650124,1,0.11904206805707505,0.006704391388367532,3.984285714285761,-0.0853208279762951,0.019210283629916763,-1,0.2,-0.0007264020231629595,0.11904206805707505,-0.015809616197604015,0.0
2025-06-23,600.15,0.00982903520218592,0.012376078701114766,0.009878886935308822,0.008679553929455491,0.003108417533316903,0.009848222412128014,0.02934993297094827,1,0.12307914201623263,0.006407921829055938,3.8457142857143287,-0.06065934200830199,0.3129254663328763,-1,0.4,0.007698571944275333,0.12307914201623263,0.0052625105787429405,0.00965037079053561
2025-06-24,606.78,0.010986663170761801,0.012376078701114766,0.009878886935308822,0.008679553929455491,0.009415461650033102,0.018965911392309312,0.03906210996239572,1,0.12342649717523303,0.0066839946697446195,4.055714285714324,-0.04476423809881694,0.2776291864404222,-1,0.4,0.016469594948280163,0.12342649717523303,0.006779911209035205,0.010480701399851185
2025-06-25,607.12,0.0005601779535222562,0.012376078701114766,0.009878886935308822,0.008679553929455491,0.006631983460514337,0.017643390657623114,0.038030527703723525,1,0.10293545492520842,0.006690840125734943,4.06214285714289,-0.04574090900186996,-0.06237565474663004,-1,0.6,0.01568054712108027,0.10293545492520842,0.015921973345384366,0.0
2025-06-26,611.87,0.00779337655203971,0.012376078701114766,0.009878886935308822,0.008679553929455491,0.009625249862128081,0.02311030115649046,0.044261908879006995,1,0.10174241688825415,0.006447447987307072,3.9450000000000256,0.08704132057992695,0.06639043582384582,1,0.8,0.021564260360526003,0.10174241688825415,0.023865981294312277,0.0
2025-06-27,614.91,0.0049560739864285,0.012376078701114766,0.009878886935308822,0.008679553929455491,0.009713558053290607,0.025440093386447985,0.04741901493903603,1,0.10206123161867059,0.006275018179189112,3.8585714285714516,0.10100497652995766,0.345076330521293,1,1.0,0.024513618028706326,0.10206123161867059,0.03412532686493819,0.0007318421160798953
2025-06-30,617.85,0.004769793916045373,0.012376078701114766,0.009878886935308822,0.008679553929455491,0.009647363880661789,0.02737400788396758,0.05026761582754311,1,0.10176590272780146,0.006280997468168688,3.880714285714305,0.27539353774214387,0.033478202578598085,1,1.0,0.026977161663463717,0.10176590272780146,0.02906608557879764,5.391195849001574e-05
2025-07-01,617.65,-0.0003237555673765158,0.012376078701114766,0.009878886935308822,0.008679553929455491,0.006194446697896132,0.024403220620847623,0.047875955606644156,1,0.10142672088673625,0.0063408541591876465,3.9164285714285905,0.12904026275334837,-0.12444973438470897,1,0.8,0.024521163042554153,0.10142672088673625,0.017755666840659323,0.0
2025-07-02,620.45,0.004523067237799161,0.012376078701114766,0.009878886935308822,0.008679553929455491,0.007144943246349024,0.026208261171440126,0.05045839250674608,1,0.10095815301706458,0.0060601176565298655,3.7600000000000153,0.27477014094704777,-0.19096356377737825,1,0.8,0.027090558447855906,0.10095815301706458,0.021718556124936228,0.0
2025-07-03,625.34,0.007850480601400811,0.012376078701114766,0.009878886935308822,0.008679553929455491,0.010004788257248756,0.030928867408730062,0.0563043280338081,1,0.10263519436238291,0.006356542041119484,3.9750000000000147,0.42104597955181355,-0.33338816004177274,1,0.8,0.03267165437349248,0.10263519436238291,0.02177566017429733,0.0038427456387608977
2025-07-07,620.68,-0.0074798506067468296,0.012376078701114766,0.009878886935308822,0.008679553929455491,0.001650827573652339,0.0209860322918659,0.04644526469899342,1,0.10549184173029308,0.006312201364392036,3.917857142857161,0.4848150700765801,-0.20453603029832623,1,0.6,0.022643206790782727,0.10549184173029308,0.009339735581122,0.010388421596696732
2025-07-08,620.34,-0.0005479363886253807,0.012376078701114766,0.009878886935308822,0.008679553929455491,0.000734488147171005,0.018445461468725256,0.043993991994206914,1,0.10159437069681305,0.0063697787848957235,3.951428571428583,0.29786366616772975,-0.3248621691487658,1,0.4,0.020301087011909035,0.10159437069681305,0.004022005276451246,0.0014578189863839964
2025-07-09,624.06,0.005978802766430036,0.012376078701114766,0.009878886935308822,0.008679553929455491,0.004480343487594385,0.022162600429142656,0.04818878834747271,1,0.10263268763436689,0.005762953195883104,3.596428571428573,0.2776395455922819,-0.023946155106716882,1,0.6,0.024365742199770807,0.10263268763436689,0.010324563610257798,0.0038370017623931395
2025-07-10,625.82,0.002816272223361338,0.012376078701114766,0.009878886935308822,0.008679553929455491,0.0048636242688414235,0.022606153114861218,0.049040889818836454,1,0.10178088650409504,0.005380369526601073,3.367142857142864,0.25848810147280843,-0.07382781559306317,1,0.6,0.02534107311666305,0.10178088650409504,0.008617768595819975,0.0018851983154587867
2025-07-11,623.62,-0.0035215813062023926,0.012376078701114766,0.009878886935308822,0.008679553929455491,0.000887032367015699,0.01716960901083388,0.04349718909218217,1,0.10221553665850891,0.005095823005760008,3.177857142857152,0.1251067519073363,-0.18941442473685013,1,0.4,0.01987682062449935,0.10221553665850891,-0.002754293311783229,0.0028811487074532
2025-07-14,624.81,0.0019063950087767623,0.012376078701114766,0.009878886935308822,0.008679553929455491,0.0018628887710172258,0.017259117293075207,0.04362672143022712,1,0.10190216135600627,0.005020954941722843,3.1371428571428703,0.09050101867210408,-0.3983368576277789,1,0.6,0.02006631631015507,0.10190216135600627,0.006631952303740363,0.002163085565868096
2025-07-15,622.14,-0.00428245572078545,0.012376078701114766,0.009878886935308822,0.008679553929455491,-0.0016135480477806852,0.01166799600567577,0.03757332069973768,1,0.09274729195740629,0.004672811356187025,2.9071428571428686,-0.03488283296724264,-0.1965914434745007,-1,0.6,0.013627121295042965,0.09274729195740629,0.0028974329715802938,0.0
2025-07-16,624.22,0.0033377225376254316,0.012376078701114766,0.009878886935308822,0.008679553929455491,0.0011489104994241853,0.013597452127305813,0.03936937394101986,1,0.08871900644470537,0.004983362093027002,3.1107142857142986,0.0830900033770084,0.2707035974530952,1,0.6,0.015234535734533037,0.08871900644470537,0.00025635274277568953,0.0
2025-07-17,628.04,0.006100988371438021,0.012376078701114766,0.009878886935308822,0.008679553929455491,0.0048386511524295015,0.01788083929963259,0.04385795482916939,1,0.08100060651920696,0.004958737841985806,3.114285714285724,0.08082911309483407,0.03571321176838509,1,0.6,0.018919381516358882,0.08100060651920696,0.0035410688908523724,0.0
2025-07-18,627.58,-0.0007327057877040133,0.012376078701114766,0.009878886935308822,0.008679553929455491,0.0027313778322092773,0.015478112188252626,0.041333605978766084,1,0.08127815754223647,0.004846280269326186,3.0414285714285745,-0.0027922466601291375,0.2850400855366997,-1,0.6,0.015689800132847036,0.08127815754223647,0.006329944409350752,0.0006081643615361426
2025-07-21,628.77,0.0018943771335591109,0.012376078701114766,0.009878886935308822,0.008679553929455491,0.003083724376618364,0.01572008913739674,0.04153924668695776,1,0.07600337040846918,0.0047575879438010935,2.991428571428571,0.09792558518901008,-0.1529048513322952,1,0.6,0.014783492842248027,0.07600337040846918,0.0063179265341331,0.0
2025-07-22,628.86,0.00014312635696356324,0.012376078701114766,0.009878886935308822,0.008679553929455491,0.002149222849647046,0.014332821296794357,0.039988118606034476,1,0.07181890108285753,0.004796661532652368,3.016428571428565,0.19316276100496182,0.017309731874506563,1,0.8,0.012582813980598014,0.07181890108285753,0.010743508611882113,0.0
2025-07-23,634.21,0.008471473466342694,0.012376078701114766,0.009878886935308822,0.008679553929455491,0.007091409956730965,0.02073000350036063,0.04683095810217705,1,0.06826809943468486,0.005078308897225212,3.22071428571428,0.18708247117084026,0.06651762958436502,1,0.8,0.018947104593835095,0.06826809943468486,0.015877259540599375,0.0
2025-07-24,634.42,0.00033106579840858075,0.012376078701114766,0.009878886935308822,0.008679553929455491,0.004937698512826738,0.019023343304014815,0.045243778438471854,1,0.0683463664478924,0.004555341887070772,2.8899999999999944,0.18918441901432995,0.23949833996766848,1,0.8,0.01705403490319211,0.0683463664478924,0.010107336967569935,0.00016853141000011977
2025-07-25,637.1,0.004215433447528838,0.012376078701114766,0.009878886935308822,0.008679553929455491,0.006103243446629363,0.02105952913127609,0.04761907868120118,1,0.06558650067559423,0.0038051886898162056,2.42428571428571,0.28589397742857825,-0.10687574406865379,1,1.0,0.019289057481568467,0.06558650067559423,0.015055476202802787,0.0
2025-07-28,636.94,-0.0002511695093412314,0.012376078701114766,0.009878886935308822,0.008679553929455491,0.0038927901304474434,0.018784637453090065,0.04541454519956251,1,0.06509787151906712,0.003567279268281618,2.2721428571428612,0.20039247467999946,0.0581635307378826,1,0.8,0.01724041555866905,0.06509787151906712,0.012909929559902444,0.0
2025-07-29,635.26,-0.0026410957028009108,0.012376078701114766,0.009878886935308822,0.008679553929455491,0.0008295966659632979,0.014542092108109458,0.04091587359845439,1,0.0658639542245129,0.0036700383644884117,2.3314285714285785,0.2216409840677861,-0.185165499823056,1,0.6,0.013148797756972305,0.0658639542245129,0.01012570750013797,0.0017580499911639177
2025-07-30,634.46,-0.0012601205082356515,0.012376078701114766,0.009878886935308822,0.008679553929455491,-0.00028722454784834,0.011986029106127158,0.03799287402163098,1,0.06626960533038191,0.004024794988758004,2.5535714285714284,0.09007142389561347,-0.09628992836072482,1,0.4,0.010518335414473261,0.06626960533038191,0.0003941135255596251,0.003076121517420046
2025-07-31,632.08,-0.003758274987573529,0.012376078701114766,0.009878886935308822,0.008679553929455491,-0.002695206257817422,0.0074040849965431865,0.03271816052116743,1,0.06750640953959439,0.004187987054073309,2.6471428571428453,-0.028408818581417177,0.5008223767777638,-1,0.2,0.005796121332661155,0.06750640953959439,-0.0036952272604224845,0.006323070614608878
2025-08-01,621.72,-0.016526137799754537,0.012376078701114766,0.009878886935308822,0.008679553929455491,-0.012775327391306816,-0.008247363879074019,0.015162901480151017,1,0.08699659689058163,0.00613160724624704,3.8121428571428413,-0.08139935514240408,1.13502261450498,-1,0.0,-0.010404190008363847,0.08699659689058163,-0.02443679850770586,0.05854095514091155
2025-08-04,631.17,0.015085409270317207,0.012376078701114766,0.009878886935308822,0.008679553929455491,0.0014857347927255187,0.006172838033511791,0.029358189446237012,1,0.09839070922313181,0.00624463864160576,3.9414285714285517,-0.07142567463709186,0.15531360946745562,-1,0.2,0.003799415058654916,0.09839070922313181,-0.00910021972804742,0.16594499864180554
2025-08-05,627.97,-0.005082845258525204,0.012376078701114766,0.009878886935308822,0.008679553929455491,-0.002397368424839816,0.0009694372225417813,0.023170818000047895,1,0.10053145591600351,0.006281009784351818,3.9442857142856917,-0.1505785643344552,0.13331545823805963,-1,0.2,-0.0018953767905717522,0.10053145591600351,-0.011541969283771714,0.22568580649593
2025-08-06,632.78,0.007630415764880993,0.012376078701114766,0.009878886935308822,0.008679553929455491,0.003489813464659985,0.0078075220430980094,0.029755719938341443,1,0.10186316263373861,0.005878820443114668,3.7199999999999784,-0.1478477957061439,-0.08727007133638723,-1,0.4,0.005053220425389929,0.10186316263373861,-0.0026514330106550688,0.23416779638555796
2025-08-07,632.25,-0.0008379248413223905,0.012376078701114766,0.009878886935308822,0.008679553929455491,0.0017646526972463553,0.0062960515703187215,0.02772873732468282,1,0.10167899878273781,0.006119866689251997,3.869285714285695,-0.22696325116723903,0.04065093097321305,-1,0.4,0.0036988823977589886,0.10167899878273781,0.00026891713559606956,0.23403601226898904
2025-08-08,637.18,0.007767304673691022,0.012376078701114766,0.009878886935308822,0.008679553929455491,0.006363661342333634,0.012778558821244597,0.0342927681600077,1,0.10361829650115462,0.0061543497464176524,3.9214285714285535,-0.21556552800368947,0.1263720997302402,-1,0.6,0.010437711505570017,0.10361829650115462,0.02456235960904163,0.24843345247971396
2025-08-11,635.92,-0.001979420958917899,0.012376078701114766,0.009878886935308822,0.008679553929455491,0.002911498235966141,0.009739561892030558,0.030943753032194966,1,0.10412187717649125,0.006148572147430237,3.9099999999999846,-0.2247364793105425,0.06965407860211119,-1,0.4,0.0075520455800249615,0.10412187717649125,0.007497529379806522,0.29844943492411635
2025-08-12,642.69,0.010589723632364212,0.012376078701114766,0.009878886935308822,0.008679553929455491,0.009018143844556419,0.018501782416695704,0.04020918463523147,1,0.10766219615475277,0.0060015604056961195,3.8571428571428408,-0.15694541332085618,0.06893584977946143,-1,0.6,0.016623403740358388,0.10766219615475277,0.023170098270695938,0.3272387389361902
2025-08-13,644.89,0.003417266718821921,0.012376078701114766,0.009878886935308822,0.008679553929455491,0.00828032637115728,0.0198525378057948,0.041981409532628695,1,0.10767934970688374,0.006182671241818998,3.9871428571428362,-0.07532881883044334,-0.25275277329085577,-1,0.6,0.018438459637265894,0.10767934970688374,0.018956949224636865,0.3972489999096748
2025-08-14,644.95,9.303479508027124e-05,0.012376078701114766,0.009878886935308822,0.008679553929455491,0.0055672170482470055,0.01801344819334583,0.040361621033028,1,0.10647499797156643,0.006359296955457298,4.101428571428544,0.030524546155504366,-0.42615093843219337,1,0.8,0.017175030754160374,0.10647499797156643,0.019887908861039527,0.38601342184251486
2025-08-15,643.44,-0.002344011815328173,0.012376078701114766,0.009878886935308822,0.008679553929455491,0.0021396524542638567,0.014120415775164943,0.03638445425789224,1,0.10704081684932441,0.006470799808163823,4.163571428571402,0.08778867828269483,-0.5104158636894413,1,0.6,0.013525965853491403,0.10704081684932441,0.009776592372020332,0.39129203106148003
2025-08-18,643.3,-0.00021760417885907657,0.012376078701114766,0.009878886935308822,0.008679553929455491,0.0012802508891087755,0.012559350092501255,0.03469176601741802,1,0.10713411992442089,0.0064733183806610015,4.164285714285695,-0.0005990575315035026,-0.4017195225217843,-1,0.6,0.012147182217154193,0.10713411992442089,0.011538409152079154,0.3921624694503751
2025-08-19,639.81,-0.005439921139334558,0.012376078701114766,0.009878886935308822,0.008679553929455491,-0.0027717334224859795,0.006388804453256157,0.02790625437552495,1,0.10962864420997624,0.006576729252200728,4.207857142857124,-0.0019087150983052251,0.02497083087195855,-1,0.4,0.005789724378927618,0.10962864420997624,-0.004491235619619616,0.4154342608456017
2025-08-20,638.11,-0.0026605750012631546,0.012376078701114766,0.009878886935308822,0.008679553929455491,-0.0036208150565271973,0.0033598121205294464,0.024163953968609767,1,0.10645740204946136,0.006735291944728007,4.297857142857124,-0.11183330940416368,0.38119566484092765,-1,0.2,0.0028098981333307903,0.10645740204946136,-0.010569077339704691,0.38584926684470344
2025-08-21,635.55,-0.0040199165356593625,0.012376078701114766,0.009878886935308822,0.008679553929455491,-0.0050916873133595286,-0.0006021702615882404,0.01925354487796912,1,0.10755871680081852,0.00520808748327398,3.309999999999986,-0.10341552912501435,-0.2614350899794895,-1,0.0,-0.0013018981628052716,0.10755871680081852,-0.014682028670444325,0.3961235974264816
2025-08-22,645.31,0.015240055749235815,0.012376078701114766,0.009878886935308822,0.008679553929455491,0.006768282977171762,0.013322331127768193,0.033491287365646875,1,0.11961213051163606,0.00540714650986393,3.4892857142856997,-0.08413967775727417,0.3127416020833203,-1,0.2,0.013381198481736615,0.11961213051163606,0.002902038894119663,0.5096703474009627
2025-08-25,642.47,-0.004410698417693482,0.012376078701114766,0.009878886935308822,0.008679553929455491,0.0015571269256754892,0.00801188357719815,0.02777636453760053,1,0.12092731296726048,0.005419930669350197,3.4821428571428408,-0.08223239346471027,-0.12713155596563294,-1,0.2,0.008483429097936736,0.12092731296726048,-0.0012910553447147421,0.5221896488989377
2025-08-26,645.16,0.004178224976738143,0.012376078701114766,0.009878886935308822,0.008679553929455491,0.003826406933113069,0.011054526577251837,0.030782878863925802,1,0.12105129321150152,0.0054781538134419695,3.534285714285699,-0.08786750154428069,-0.20313668300098253,-1,0.4,0.011919653115254341,0.12105129321150152,0.008327090771357959,0.5517780536997543
2025-08-27,646.63,0.0022759127017861758,0.012376078701114766,0.009878886935308822,0.008679553929455491,0.004067464326557665,0.012070651178255894,0.031790941776241366,1,0.1209141798527809,0.0051840200070174,3.3521428571428453,-0.09233390693016923,-0.19555920176793226,-1,0.6,0.013258243506009598,0.1209141798527809,0.01326357847440729,0.5634600580488371
2025-08-28,648.92,0.0035351817914204275,0.012376078701114766,0.009878886935308822,0.008679553929455491,0.005069322942136346,0.014142813700068096,0.03400769604738549,1,0.11991491355604356,0.005172330289439968,3.3564285714285558,-0.08724859847932835,0.03694745269900131,-1,0.8,0.015506775313702715,0.11991491355604356,0.02081867680148708,0.5583685131162953
2025-08-29,645.05,-0.005981609371042751,0.012376078701114766,0.009878886935308822,0.008679553929455491,-0.0006166330069637414,0.007318147347902677,0.02672014510529172,1,0.10387653765657252,0.005564352707976334,3.589285714285698,-0.09552435950074674,0.08644822684695849,-1,0.6,0.007611170339464186,0.10387653765657252,-0.0004029883187914862,0.3950009950778882
2025-09-02,640.27,-0.007437870781654254,0.012376078701114766,0.009878886935308822,0.008679553929455491,-0.005362568023159507,-0.00013242319034400713,0.01834862627626488,1,0.09627995377388537,0.006318762843344136,4.0457142857142685,-0.12587347760215015,0.8715600309554411,-1,0.6,-0.0005658470339849894,0.09627995377388537,-0.003430160682752259,0.31762189745204344
2025-09-03,643.74,0.005404955487221308,0.012376078701114766,0.009878886935308822,0.008679553929455491,1.8638276507376305e-05,0.004780569648810806,0.02291022668455496,1,0.09509244118154034,0.006418962402734682,4.132142857142843,-0.026490934174593066,0.015343215193539277,-1,0.6,0.0036154101596242473,0.09509244118154034,-0.002203430172269094,0.30728245336842513
2025-09-04,649.12,0.008322681581415026,0.012376078701114766,0.009878886935308822,0.008679553929455491,0.005568589065694242,0.01190794789255114,0.03018817486617186,1,0.09573900590991789,0.006625453361023611,4.300714285714272,0.09616726648099176,-0.266295647556595,1,0.6,0.010715653698456385,0.09573900590991789,0.003843338707359756,0.4432916485682845
2025-09-05,647.24,-0.002900430926525921,0.012376078701114766,0.009878886935308822,0.008679553929455491,0.0017692550941241737,0.008115318239966567,0.026109815477286382,1,0.09661853913281655,0.007015503191563021,4.540714285714265,0.07493726374531212,0.5541949939604932,1,0.4,0.006613658896935696,0.09661853913281655,-0.0025922740105865927,0.45601603818702335
2025-09-08,648.83,0.0024535724114436164,0.012376078701114766,0.009878886935308822,0.008679553929455491,0.002816153250993589,0.009573435341270014,0.02747692484580195,1,0.09360141726364793,0.007063263324522683,4.582857142857116,0.05342032521917205,-0.24915916615923275,1,0.6,0.008173159096899998,0.09360141726364793,0.005842907771899775,0.41236671012185416
2025-09-09,650.33,0.002309185422180171,0.012376078701114766,0.009878886935308822,0.008679553929455491,0.0034171631250570797,0.0107611776294393,0.02864808494723252,1,0.09308451222905074,0.006694403500630008,4.353571428571407,0.15228913826500287,0.28980600417753144,1,0.8,0.009373877156330437,0.09308451222905074,0.0155899639757342,0.404888537740343
2025-09-10,652.21,0.0028866695924554264,0.012376078701114766,0.009878886935308822,0.008679553929455491,0.004203069589334324,0.012363859577863213,0.030344045010194796,1,0.08647232577325184,0.006071664034580758,3.9599999999999875,0.1669698845335522,0.5128359725173317,1,0.8,0.011544489361634857,0.08647232577325184,0.013071678080968319,0.30922866440656743
2025-09-11,657.63,0.0082758671816352,0.012376078701114766,0.009878886935308822,0.008679553929455491,0.00833062507160603,0.018760945472726845,0.037323728912056715,1,0.09011417682831233,0.005889112636058634,3.8728571428571286,0.17725150592103361,0.44668615319055627,1,0.8,0.018943962962675354,0.09011417682831233,0.013024863681188492,0.36191607922107766
2025-09-12,657.41,-0.000334590585916672,0.012376078701114766,0.009878886935308822,0.008679553929455491,0.005314708355845036,0.01663665047862062,0.035475199810949806,1,0.09018264205042519,0.005193540886631657,3.414285714285711,0.07177603208922455,0.1830411495542064,1,0.8,0.01762079419339964,0.09018264205042519,0.015590704021797741,0.3663940653255237
2025-09-15,660.91,0.005309800690629807,0.012376078701114766,0.009878886935308822,0.008679553929455491,0.007086088484779768,0.01990742280967411,0.03931741982707977,1,0.09055871877255786,0.004939077505682738,3.2642857142857173,0.18208950455607936,-0.14424963299526852,1,0.8,0.021657134023772354,0.09055871877255786,0.01844693230098393,0.43650689463483483
2025-09-16,660.0,-0.0013778382235933861,0.012376078701114766,0.009878886935308822,0.008679553929455491,0.0037924232901516424,0.016711471861556616,0.03634665197022313,1,0.0909162461997471,0.005032467532459908,3.3214285714285716,0.21138316926412185,-0.25388645276183625,1,0.6,0.018935212702696397,0.0909162461997471,0.014759908655210374,0.4426364309159875
2025-09-17,659.18,-0.001243196691294024,0.012376078701114766,0.009878886935308822,0.008679553929455491,0.0016954197226634006,0.013956485962085798,0.03363795661982298,1,0.08797406264187761,0.005535015365402313,3.6485714285714317,0.06595572174153104,0.43957786472637317,1,0.4,0.01614990515695358,0.08797406264187761,0.010630042371460924,0.39219492771286046
2025-09-18,662.26,0.004661589746742578,0.012376078701114766,0.009878886935308822,0.008679553929455491,0.0042415278583566255,0.0168837123391898,0.03690339750993528,1,0.08722706242063398,0.005459659779707116,3.615714285714294,0.08139480439367204,0.3870026004612139,1,0.4,0.01900106322247343,0.08722706242063398,0.007015764936568303,0.39549307678102197
2025-09-19,663.7,0.0021720120759507466,0.012376078701114766,0.009878886935308822,0.008679553929455491,0.004274261197334287,0.017244883664916666,0.03756471884717714,1,0.08441744023899782,0.005029165500756551,3.3378571428571524,0.2309267303269744,0.14988101513402968,1,0.6,0.0190099006860408,0.08441744023899782,0.009522367598435721,0.34527948667959557
2025-09-22,666.84,0.004719896927944056,0.012376078701114766,0.009878886935308822,0.008679553929455491,0.005998976102170833,0.019914971098863456,0.04074000788744567,1,0.06980404929025946,0.004165702631595274,2.777857142857158,0.22473550764640352,0.10009171100421174,1,0.6,0.022141494033488775,0.06980404929025946,0.00893246383574997,0.08410884676653604
2025-09-23,663.21,-0.005458454964694326,0.012376078701114766,0.009878886935308822,0.008679553929455491,0.0003484296210620652,0.012977323256426195,0.033652886251054864,1,0.07109593613189473,0.00436190217706729,2.8928571428571592,0.10854091027248758,0.2355070546270521,1,0.6,0.014964066651135935,0.07109593613189473,0.004851847094649031,0.10719745873269122
2025-09-24,661.1,-0.0031865677755904542,0.012376078701114766,0.009878886935308822,0.008679553929455491,-0.0018912366741804648,0.008817344750151205,0.029138868543405704,1,0.07233355199004692,0.0045195237374869805,2.987857142857162,0.003971674574863265,-0.12753717906823264,1,0.6,0.010502438748495524,0.07233355199004692,0.002908476010352601,0.12931613924798002
2025-09-25,658.05,-0.004624198059192786,0.012376078701114766,0.009878886935308822,0.008679553929455491,-0.004340087336632439,0.0037651601725739096,0.02341201266581174,1,0.07509221966762589,0.00463816253649152,3.052142857142883,-0.09926356346563278,0.2815166784872681,-1,0.4,0.004963347587041901,0.07509221966762589,-0.006377311795582763,0.17861907004536462
2025-09-26,661.82,0.005712699360993945,0.012376078701114766,0.009878886935308822,0.008679553929455491,0.0009089840458931884,0.008601718809469621,0.028094888278154564,1,0.07649981905889082,0.004507051982189519,2.9828571428571746,-0.007947147517731266,-0.04947643655339853,-1,0.4,0.009726216539893338,0.07649981905889082,-0.002836624510539565,0.20377569762396466
2025-09-29,663.68,0.002806489959768399,0.012376078701114766,0.009878886935308822,0.008679553929455491,0.002478239037827911,0.01033589378042197,0.02973308135788775,1,0.07212132890780688,0.004462133213934632,2.9614285714285984,-0.0012988184078793943,0.15252052612101788,-1,0.4,0.011126997995797753,0.07212132890780688,-0.004750031478715222,0.12552328662483603
2025-09-30,666.18,0.0037597986931157124,0.012376078701114766,0.009878886935308822,0.008679553929455491,0.004160958403893905,0.012777665184417437,0.03225133079313477,1,0.06441443803063944,0.004522587202937106,3.0128571428571638,0.09841021728108469,0.4106491850447122,1,0.6,0.012936539794893181,0.06441443803063944,0.004468222179094816,0.0
2025-10-01,668.45,0.003401695134897409,0.012376078701114766,0.009878886935308822,0.008679553929455491,0.005042338137029774,0.01466044360196838,0.034317882076861976,1,0.06338746726027226,0.00451150315761806,3.0157142857143038,0.23250477427906205,-0.2884371303414737,1,0.8,0.014482305938216724,0.06338746726027226,0.01105648508958268,0.0
2025-10-02,669.22,0.0011512556685051578,0.012376078701114766,0.009878886935308822,0.008679553929455491,0.004124851961680198,0.014300144104105803,0.03406936690318684,1,0.058660157023385444,0.004586362801890479,3.0692857142857326,0.19527852221408237,-0.37103135999434,1,1.0,0.014104142594640805,0.058660157023385444,0.016831938817280623,0.0
2025-10-03,669.21,-1.4942880838475503e-05,0.012376078701114766,0.009878886935308822,0.008679553929455491,0.002736149984075406,0.012906953049626886,0.03267483186715898,1,0.0566322502267632,0.004525592009334764,3.028571428571443,0.0753915172414851,-0.2802698640878202,1,0.8,0.012403727018139889,0.0566322502267632,0.011104296575448203,0.0
2025-10-06,671.61,0.0035799026910945386,0.012376078701114766,0.009878886935308822,0.008679553929455491,0.004212628740269237,0.014940828789537503,0.034901939984501376,1,0.056979261521427925,0.004442416623586607,2.9835714285714436,0.06311168856920613,-0.213512314944667,1,0.8,0.014286793022707469,0.056979261521427925,0.011877709306774342,0.0053867812775010605
2025-10-07,669.12,-0.0037143986676255736,0.012376078701114766,0.009878886935308822,0.008679553929455491,0.00032628113493963416,0.010102607387398311,0.02981047915130985,1,0.06008762346381581,0.0042710681833645495,2.8578571428571586,0.07267546714264851,-0.11857704607454023,1,0.6,0.009094549076694746,0.06008762346381581,0.004403511946033056,0.053639002955558235
2025-10-08,673.11,0.005945347299517678,0.012376078701114766,0.009878886935308822,0.008679553929455491,0.004185411279234609,0.014567732075647506,0.03449281203397233,1,0.06202468951932345,0.004161917920435619,2.8014285714285814,0.16278004586879347,-0.10839837725572911,1,0.6,0.013514581760150236,0.06202468951932345,0.0069471641106533255,0.08370877682609768
2025-10-09,671.16,-0.0029012049182943755,0.012376078701114766,0.009878886935308822,0.008679553929455491,0.00085049527532762,0.010509410968219893,0.030223423131310986,1,0.05860929717922595,0.004387925382912602,2.9450000000000096,0.18981988541539538,-0.25797431660271297,1,0.4,0.009550082655056094,0.05860929717922595,0.002894703523853792,0.030690411730132938
2025-10-10,653.02,-0.027399801942684654,0.012376078701114766,0.009878886935308822,0.008679553929455491,-0.017620772771599662,-0.01522659912590885,0.0022852209104535764,1,0.11677386422928118,0.00654760081729158,4.275714285714295,0.024672911370612543,1.3044874760043481,1,0.4,-0.017411447483127007,0.11677386422928118,-0.024490155537992386,0.9335999297097023
2025-10-13,663.04,0.015227563512214992,0.012376078701114766,0.009878886935308822,0.008679553929455491,-0.0016994788630269092,-0.00010508373146140169,0.016959909917365536,1,0.12790833493374162,0.007100411955311982,4.707857142857157,0.02743633745021942,0.08247050980285446,1,0.4,-0.0024943658623879134,0.12790833493374162,-0.012842494716871933,1.0
2025-10-14,662.23,-0.0012223925703596095,0.012376078701114766,0.009878886935308822,0.008679553929455491,-0.0019479276682738754,-0.0012004098098062903,0.015091868602202858,1,0.12788472091143846,0.007500630984907615,4.96714285714287,-0.08185304403849873,0.028875394029297237,-1,0.4,-0.003880058874002511,0.12788472091143846,-0.010350488619605969,0.9996686964161928
2025-10-15,665.17,0.004429719462837767,0.012376078701114766,0.009878886935308822,0.008679553929455491,0.001653944163624277,0.0029249237348873357,0.018815388666569205,1,0.1286372308650953,0.007103447239041015,4.725000000000015,-0.07295295255634848,0.12622716257681396,-1,0.4,9.171429043935666e-05,0.1286372308650953,-0.01186611645628588,1.0
2025-10-16,660.64,-0.006833584945701077,0.012376078701114766,0.009878886935308822,0.008679553929455491,-0.0034510170174724924,-0.003534667696944435,0.011405885700060419,0,0.13011138721169394,0.007928458983484538,5.237857142857154,-0.16611374010154392,0.9432526012373453,-1,0.4,-0.006598218420868648,0.13011138721169394,-0.01579849648369258,1.0
2025-10-17,664.39,0.005660264314089503,0.012376078701114766,0.009878886935308822,0.008679553929455491,0.001469391520007922,0.0019191390678015836,0.016463443329941922,1,0.13150892408652387,0.00820731369052658,5.4528571428571615,-0.07381836704248072,0.36891582877505164,-1,0.6,-0.0010111831594759929,0.13150892408652387,0.017261569773081575,1.0
2025-10-20,671.3,0.010346804492812112,0.012376078701114766,0.009878886935308822,0.008679553929455491,0.00789219439934389,0.01115131023100008,0.02594747632040958,1,0.13561077319913836,0.008492051669456003,5.700714285714306,-0.0681179017287563,0.10746512934956329,-1,0.6,0.009040479613625795,0.13561077319913836,0.012380810753678695,1.0
2025-10-21,671.29,-1.4896580490031397e-05,0.012376078701114766,0.009878886935308822,0.008679553929455491,0.00523770080467208,0.010064977767140697,0.024889932781011266,1,0.1338929944530447,0.008300649282924776,5.572142857142873,-0.06159256090472782,-0.2189819231020229,-1,0.6,0.008413081474158144,0.1338929944530447,0.013588306743548273,0.9782500522744075
2025-10-22,667.8,-0.005212506854653576,0.012376078701114766,0.009878886935308822,0.008679553929455491,7.683284068975818e-06,0.00435326132671016,0.018780058467470558,1,0.13484375010980584,0.009020023103567565,6.023571428571439,-0.1412822583374165,0.32720066159051897,-1,0.4,0.0026658178490390366,0.13484375010980584,0.0039460804260569304,0.990288206711579
2025-10-23,671.76,0.005912406365744083,0.012376078701114766,0.009878886935308822,0.008679553929455491,0.003950612872335628,0.009318037375430348,0.023824765187004056,1,0.13471570573221017,0.008847760254499511,5.943571428571439,-0.06732817669302642,-0.013494351289211285,-1,0.6,0.007574507656991037,0.13471570573221017,0.01669207173750209,0.988666951048942
2025-10-24,677.25,0.00813934708988473,0.012376078701114766,0.009878886935308822,0.008679553929455491,0.008070938758316385,0.015867181138027205,0.030890606072595368,1,0.1361024554245441,0.009142013394491609,6.191428571428584,0.08138249261482007,-0.5335887132690096,1,0.6,0.014634862539239488,0.1361024554245441,0.019171154513297317,1.0
2025-10-27,685.24,0.011728660897036391,0.012376078701114766,0.009878886935308822,0.008679553929455491,0.013221263276347876,0.025132842127009482,0.04129469287070506,1,0.14113253985465962,0.009330411868195238,6.393571428571436,0.06701297892191474,-0.20387880920808693,1,0.6,0.024949910965254556,0.14113253985465962,0.020553010917521597,1.0
2025-10-28,687.06,0.002652482791041244,0.012376078701114766,0.009878886935308822,0.008679553929455491,0.010552284494734741,0.02513600096232685,0.04225949919587408,1,0.14096225739782292,0.00943253032588837,6.480714285714295,0.17197916227817958,-0.3045913700895251,1,0.8,0.026069905548543187,0.14096225739782292,0.023220390289052872,0.9979848299031098
2025-10-29,687.39,0.00048019208605687425,0.012376078701114766,0.009878886935308822,0.008679553929455491,0.0073314660773213984,0.023131124732691664,0.04101446152348659,1,0.1408327560733013,0.009458136678478186,6.501428571428578,0.16555777121235576,0.048401152472503935,1,1.0,0.02511294824174289,0.1408327560733013,0.028913089229763322,0.9964522751025063
2025-10-30,679.83,-0.01105904982440098,0.012376078701114766,0.009878886935308822,0.008679553929455491,-0.002501317471613461,0.010735162323497732,0.028372938070777988,1,0.14762119623870792,0.00840231066168668,5.712142857142859,0.20149480555275645,-0.30957379166504617,1,0.8,0.013037174350021982,0.14762119623870792,0.01194163303961826,1.0
2025-10-31,682.06,0.003274863598394795,0.012376078701114766,0.009878886935308822,0.008679553929455491,0.0005136743353612493,0.012695466349337386,0.03046336374875064,1,0.14784602297066782,0.007638624167950569,5.2100000000000035,0.18302497043220006,-0.0967535017808124,1,0.8,0.015388027960886605,0.14784602297066782,0.007077149548128325,1.0
2025-11-03,683.34,0.0018749090009686498,0.012376078701114766,0.009878886935308822,0.008679553929455491,0.0015929343176669566,0.013187536025060325,0.03108722697532311,1,0.14756753099705627,0.006814219234088086,4.656428571428568,0.17422189994862786,-0.05254126896487881,1,0.8,0.016406122175757733,0.14756753099705627,-0.0027766023479394164,0.9969468210201825
2025-11-04,675.24,-0.011924356281109105,0.012376078701114766,0.009878886935308822,0.008679553929455491,-0.006876556157768337,0.0010653951758293066,0.018111979471615032,1,0.15369749687199158,0.007663941709602991,5.174999999999987,0.16629999576327428,0.3942825650233782,1,0.6,0.0039011858177565245,0.15369749687199158,-0.017353441420089766,1.0
2025-11-05,677.58,0.0034594437304411585,0.012376078701114766,0.009878886935308822,0.008679553929455491,-0.002292592915887358,0.00410089152359029,0.020773915896293654,1,0.15277027512102542,0.006877416688794101,4.659999999999984,0.27990886954428157,-0.07648081028747332,1,0.6,0.007045513826095326,0.15277027512102542,-0.014374189775705482,0.9904474383673578
2025-11-06,670.31,-0.01078733501786644,0.012376078701114766,0.009878886935308822,0.008679553929455491,-0.00870260711270996,-0.0060408343604671485,0.009432868179381023,1,0.15747538585573626,0.0076158792200509765,5.104999999999985,0.17070326930404797,0.29618090222469495,1,0.6,-0.003696508753749472,0.15747538585573626,-0.014102474969170942,1.0
2025-11-07,670.97,0.0009841346374628301,0.012376078701114766,0.009878886935308822,0.008679553929455491,-0.005164338724621376,-0.004582261598711953,0.010013787311126765,1,0.11986439919051231,0.007987370097437604,5.359285714285696,0.17905322837488602,0.3528393617235884,1,0.6,-0.004044117919911588,0.11986439919051231,-0.016393203930102906,0.6270347363691258
2025-11-10,681.44,0.015483779591664693,0.012376078701114766,0.009878886935308822,0.008679553929455491,0.0068824673211890525,0.009897282301528951,0.024738557287732395,1,0.12026046781640218,0.00881222117866749,6.0049999999999875,0.17974267773563338,0.1973972131266597,1,0.6,0.010117630142829594,0.12026046781640218,-0.0027843333394068637,0.6309623078733192
2025-11-11,683.0,0.002286653395882965,0.012376078701114766,0.009878886935308822,0.008679553929455491,0.006106294771515583,0.011033598094876881,0.02599471468849711,1,0.11990225165383786,0.008239907969032054,5.627857142857132,0.17179668280917545,-0.045105048584261585,1,0.8,0.010873924928904492,0.11990225165383786,0.011426676337585207,0.6274100962098275
2025-11-12,683.38,0.00055621424464114,0.012376078701114766,0.009878886935308822,0.008679553929455491,0.004434187867509507,0.010480140604354789,0.02549719754514617,1,0.11945335345556465,0.008424511775490091,5.757142857142843,0.15102893641884574,-0.2725354932632555,1,0.8,0.010075181413111917,0.11945335345556465,0.008523446851785188,0.6229586459899055
2025-11-13,672.04,-0.01673321125420557,0.012376078701114766,0.009878886935308822,0.008679553929455491,-0.008188980775221975,-0.005692330342905709,0.008144846758667914,1,0.1328648241518062,0.009457345226035387,6.355714285714279,0.14215068339342476,0.35529856240453367,1,0.8,-0.007522150358817782,0.1328648241518062,0.0025775706154460565,0.7559520382777621
2025-11-14,671.93,-0.00016369413044259318,0.012376078701114766,0.009878886935308822,0.008679553929455491,-0.005583089477797901,-0.005300408395234235,0.007664499761162069,1,0.13167439397027197,0.009688509219695966,6.509999999999999,0.0356128223692515,0.11108472410086262,1,0.6,-0.008236772714211669,0.13167439397027197,0.0014297418475406332,0.7441472666975317
2025-11-17,665.67,-0.00936011618430932,0.012376078701114766,0.009878886935308822,0.008679553929455491,-0.009947580020442054,-0.013198406778906671,-0.0016558822416704408,0,0.13083448423257757,0.01068847927650234,7.115000000000001,-0.04320243231977732,0.5782273401378347,-1,0.4,-0.017068081845258994,0.13083448423257757,-0.02341415392843338,0.7358183930220379
2025-11-18,660.08,-0.00843301245033512,0.012376078701114766,0.009878886935308822,0.008679553929455491,-0.012248961219645058,-0.019478781766499257,-0.009649623242704304,0,0.13386504552989514,0.01180051768615004,7.789285714285719,-0.0648383316349093,0.4595419944661915,-1,0.2,-0.02451495821066806,0.13386504552989514,-0.034133819774651464,0.7658706249207738
2025-11-19,662.63,0.003855725229493956,0.012376078701114766,0.009878886935308822,0.008679553929455491,-0.005637923692412834,-0.014217742062182332,-0.0055966297299476706,0,0.13380835200714117,0.01095957450935198,7.262142857142862,-0.05159232911851945,0.27284872530993626,-1,0.2,-0.020372259428423165,0.13380835200714117,-0.030834308789798648,0.765308429760931
2025-11-20,652.53,-0.01535964987413152,0.012376078701114766,0.009878886935308822,0.008679553929455491,-0.01395961397221699,-0.026532138853698546,-0.019955990564185216,0,0.1416005527456253,0.012325651146835884,8.042857142857144,-0.09831274063846149,0.9438221538584565,-1,0.2,-0.03393078820956176,0.1416005527456253,-0.029460747409724597,0.8425789419270102
2025-11-21,659.03,0.009911941835381022,0.012376078701114766,0.009878886935308822,0.008679553929455491,-0.0027621033674334904,-0.015256312214336406,-0.009797718489811395,0,0.14332238276043374,0.013765902701135152,9.072142857142865,-0.08092388823884014,0.2322620794413892,-1,0.4,-0.022989826362473636,0.14332238276043374,-0.019385111443900982,0.8596532822285998
2025-11-24,668.73,0.014611334234100326,0.012376078701114766,0.009878886935308822,0.008679553929455491,0.00791246803176109,-0.0006897158838532413,0.004588494293303454,0,0.14712963255897482,0.012884764510962125,8.616428571428587,-0.07552572880668991,0.06058576346632315,-1,0.6,-0.007394851212376637,0.14712963255897482,0.004586338974508664,0.8974074612790103
2025-11-25,675.02,0.009361928842245959,0.012376078701114766,0.009878886935308822,0.008679553929455491,0.011528350377220206,0.007873660489384197,0.013479629667782541,0,0.15133886179534933,0.013037708935588971,8.800714285714305,-0.06254356400651351,0.3752743692475752,-1,0.8,0.0028375748391752382,0.15133886179534933,0.022381280267089743,0.9391478257581685
2025-11-26,679.68,0.006879779110243511,0.012376078701114766,0.009878886935308822,0.008679553929455491,0.012265274381430533,0.013400062245516575,0.01965741311101227,1,0.1537889995301383,0.012204272598852112,8.295000000000007,-0.056160675514495766,0.15353420260782347,-1,0.8,0.010339299371421104,0.1537889995301383,0.025405334147839298,0.9634443504497809
2025-11-28,683.39,0.005443607681900886,0.012376078701114766,0.009878886935308822,0.008679553929455491,0.01179052938649231,0.017097814310780765,0.024210072280513976,1,0.14996082102147096,0.011363517589813917,7.765714285714296,0.01704996774155276,-0.5243277935544735,1,1.0,0.015585467433966264,0.14996082102147096,0.046208591703871704,0.9254826341188631
2025-12-01,680.27,-0.00457592866867973,0.012376078701114766,0.009878886935308822,0.008679553929455491,0.004769415789146217,0.01125480816634403,0.018753658821035118,1,0.15045675050712853,0.010816083529843054,7.35785714285715,0.03658585451717907,-0.3680610697112034,1,0.8,0.011083317355623198,0.15045675050712853,0.03172072119981095,0.9304004649911817
2025-12-02,681.53,0.0018504925239417602,0.012376078701114766,0.009878886935308822,0.008679553929455491,0.004410555649250226,0.011862756058891123,0.01981512583319915,1,0.15045245709209487,0.010665079202031856,7.268571428571436,0.122757704831968,-0.3040403024229433,1,0.8,0.013092322614431355,0.15045245709209487,0.018959879489652387,0.9303578898073888
2025-12-03,683.89,0.0034568152657481477,0.012376078701114766,0.009878886935308822,0.008679553929455491,0.005245290921537593,0.013882825261810039,0.022410470084046907,1,0.14424200405380827,0.010606342289784654,7.253571428571433,0.23175666885868157,-0.4999585035053618,1,0.8,0.015947292971134532,0.14424200405380827,0.013054765913154576,0.8687726068870282
2025-12-04,684.39,0.0007308445965072963,0.012376078701114766,0.009878886935308822,0.008679553929455491,0.003978893453158213,0.013212914154172738,0.022229622870886222,1,0.1438583962892598,0.009516295011393536,6.512857142857139,0.20136021696142056,-0.3456353019439722,1,0.8,0.016176054628403335,0.1438583962892598,0.006905831399418361,0.8649686021607189
2025-12-05,685.69,0.0018976999739219735,0.012376078701114766,0.009878886935308822,0.008679553929455491,0.003916285052797372,0.01367612942971295,0.02320146117897022,1,0.13756691551118724,0.008601346297668825,5.897857142857139,0.37142248155544105,-0.5206042584856634,1,0.8,0.01694513058300283,0.13756691551118724,0.003359923691439448,0.8025798164607136
2025-12-08,683.63,-0.0030087949552610738,0.012376078701114766,0.009878886935308822,0.008679553929455491,0.0005999842188475318,0.00960858703832118,0.019322919630990663,1,0.13835261416003125,0.008080812302382324,5.524285714285709,0.24327604476514775,-0.5544272896394049,1,0.8,0.012939001848409603,0.13835261416003125,0.004927057404858104,0.8103711117625058
2025-12-09,683.04,-0.0008634125818991478,0.012376078701114766,0.009878886935308822,0.008679553929455491,-0.00017573113269952394,0.007898562471938604,0.01770713344692952,1,0.12727760725938203,0.00703891008264538,4.807857142857139,0.15714169517788032,-0.2750917167156278,1,0.6,0.011944842605846944,0.12727760725938203,0.002213152299017196,0.700547008896477
2025-12-10,687.57,0.006610219529764372,0.012376078701114766,0.009878886935308822,0.008679553929455491,0.004294239014504565,0.013175899340528895,0.023475084164898685,1,0.12916627979275627,0.0069603302728556,4.785714285714286,0.15289678487263225,0.05666458223098754,1,0.6,0.0183114486541616,0.12916627979275627,0.00536655656303342,0.7192758249095287
2025-12-11,689.17,0.002324332437981802,0.012376078701114766,0.009878886935308822,0.008679553929455491,0.004411094720159181,0.014033444895466466,0.024817592434963818,1,0.12935906232722766,0.005968877676865596,4.113571428571431,0.15455624230967704,0.19886170763332017,1,0.6,0.02024365817385863,0.12935906232722766,0.006960044404507926,0.7211875319708866
2025-12-12,681.76,-0.010810285225793415,0.012376078701114766,0.009878886935308822,0.008679553929455491,-0.004268020423985787,0.0028315060027648276,0.013250392874541796,1,0.12033494479755565,0.005349599356280086,3.6471428571428612,0.0712412217657175,1.2994452572543282,1,0.4,0.008548310863524313,0.12033494479755565,-0.005747940795207462,0.6317008507665854
2025-12-15,680.73,-0.0015119379903110186,0.012376078701114766,0.009878886935308822,0.008679553929455491,-0.003855664040753205,0.001190908746273934,0.011254814716743812,1,0.12056091938712826,0.00577426334333511,3.930714285714284,0.05848229422426726,0.4838107749521251,1,0.4,0.0063695491642322515,0.12056091938712826,-0.004251083830257407,0.633941703236743
2025-12-16,678.87,-0.002736100559525667,0.012376078701114766,0.009878886935308822,0.008679553929455491,-0.004394628423373711,-0.001397796864663984,0.008155977740676725,1,0.11545044927914686,0.005993152486581275,4.068571428571423,-0.03391317711071741,0.9384151552408274,-1,0.4,0.002641484075399132,0.11545044927914686,-0.0061237718078839265,0.5832642815549729
2025-12-17,671.4,-0.011064566655807795,0.012376078701114766,0.009878886935308822,0.008679553929455491,-0.010285862994265533,-0.011219611810444398,-0.0028224817419869137,0,0.11863079668253623,0.0067204987446174294,4.512142857142862,-0.11295481048236328,0.9327061331097076,-1,0.2,-0.00921939503944267,0.11863079668253623,-0.023798557993456093,0.614801851103491
2025-12-18,676.47,0.007523016183584197,0.012376078701114766,0.009878886935308822,0.008679553929455491,-0.0018765259191204954,-0.00339674049748702,0.00452214357369278,0,0.12056160267484133,0.006910875574664213,4.675000000000011,-0.08811634326471429,0.7532608362392953,-1,0.2,-0.0027559946015190727,0.12056160267484133,-0.018599874247853698,0.6339484789851249
2025-12-19,680.59,0.006071968311310627,0.012376078701114766,0.009878886935308822,0.008679553929455491,0.0027977377100402313,0.0024178238596636583,0.010218601861378086,0,0.10489463920607749,0.006396760793671731,4.35357142857144,-0.07412729726682481,0.3073976855415757,-1,0.4,0.0012467956615907275,0.10489463920607749,-0.0017176207107496566,0.47858873762993254
2025-12-22,684.83,0.006210563238328248,0.012376078701114766,0.009878886935308822,0.008679553929455491,0.006011911360042502,0.00783128815903372,0.015854349786918173,1,0.1020245368052798,0.006594963087805712,4.516428571428581,-0.018893772998039366,0.25936648470528595,-1,0.6,0.005576092183551354,0.1020245368052798,0.00600488051788961,0.45012767894808525
2025-12-23,687.96,0.004560064429098176,0.012376078701114766,0.009878886935308822,0.008679553929455491,0.007048316774110146,0.011239715101268217,0.019677656619571153,1,0.0910943281590551,0.0066438663377342555,4.570714285714303,0.03849083785449743,0.11198574517965156,1,0.8,0.008747877547297153,0.0910943281590551,0.013301045506513454,0.3417394522428026
2025-12-24,690.38,0.003511473927530595,0.012376078701114766,0.009878886935308822,0.008679553929455491,0.007035666745141272,0.013368830623589107,0.022331813757121614,1,0.08658259401890989,0.006582296292301556,4.5442857142857305,0.016107648820216473,-0.5395704279029266,1,1.0,0.011157621543069027,0.08658259401890989,0.027877086089851844,0.29699933074613466
2025-12-26,690.31,-0.00010139857616042747,0.012376078701114766,0.009878886935308822,0.008679553929455491,0.004611714759244446,0.011987499883189014,0.021337863575910228,1,0.08393408175297898,0.006664707574434146,4.600714285714299,-0.04008732784789972,-0.5170997647774205,-1,0.8,0.010268647367477787,0.08393408175297898,0.02025267133010722,0.27073564656563237
2025-12-29,687.85,-0.0035699811526566094,0.012376078701114766,0.009878886935308822,0.008679553929455491,0.0006875395839604984,0.007576910589062259,0.016992366419492526,1,0.08338216881657867,0.006634544491625792,4.563571428571436,-0.019010322284209114,-0.447160355707788,-1,0.6,0.006340007885681958,0.08338216881657867,0.010610721866139983,0.2652626618854363
2025-12-30,687.01,-0.0012219427498347812,0.012376078701114766,0.009878886935308822,0.008679553929455491,-0.0003563945097082248,0.005738567800369444,0.015123414251787823,1,0.08159824428286311,0.0064960584894698135,4.462857142857152,0.0010037605454889088,-0.48067194502868593,1,0.4,0.004615754690142604,0.08159824428286311,0.003178215877976953,0.24497444975627305
2025-12-31,681.92,-0.00743649924690537,0.012376078701114766,0.009878886935308822,0.008679553929455491,-0.00518853958387925,-0.0015499884580377188,0.007302136943069612,1,0.0860846774628404,0.007011714822004874,4.781428571428576,0.025340193738292965,-0.39240813369761357,1,0.2,-0.002855793400232381,0.0860846774628404,-0.008818347798026593,0.2779049990893627
2026-01-02,683.17,0.0018313815929626998,0.012376078701114766,0.009878886935308822,0.008679553929455491,-0.0022458463439785884,0.00025353458716137467,0.008786661506084186,1,0.08541690664174101,0.006872374372400909,4.695000000000001,0.13425446744152963,-0.19207196913542304,1,0.2,-0.0009753786355506571,0.08541690664174101,-0.010498440132594489,0.27115070315191203
2026-01-05,687.72,0.0066380478484191485,0.012376078701114766,0.009878886935308822,0.008679553929455491,0.0029285884291774906,0.0062526287447722375,0.014888206140035297,1,0.08864817591690478,0.006121677426850872,4.2100000000000035,0.10821843014496754,-0.33799232582390626,1,0.4,0.005433451729405716,0.08864817591690478,-0.0037589937080149127,0.30383399545587364
2026-01-06,691.81,0.005929573091751017,0.012376078701114766,0.009878886935308822,0.008679553929455491,0.005911272041126325,0.011058685228753633,0.020086908118632736,1,0.09077625784931934,0.0054897401639925104,3.797857142857148,0.08626562050680309,-0.33133074966578024,1,0.6,0.01096068372569563,0.09077625784931934,0.005740560536392714,0.1209588734657535
2026-01-07,689.58,-0.003228634834679056,0.012376078701114766,0.009878886935308822,0.008679553929455491,0.001777611364063743,0.007051551921699843,0.01612933166493838,1,0.09089045455296728,0.005077624889677051,3.5014285714285784,0.0157645517468104,0.08671486715154687,1,0.6,0.007264021548118565,0.09089045455296728,0.003733868451548439,0.12246389462602306
2026-01-08,689.51,-0.00010151621730258853,0.012376078701114766,0.009878886935308822,0.008679553929455491,0.0011166560927190563,0.006283326006332246,0.01538803448065188,1,0.09078646385143338,0.004536347758339418,3.1278571428571484,-0.043039539945702324,-0.012658852560148056,-1,0.6,0.006686079828527497,0.09078646385143338,0.01106885148115122,0.12109338040555753
2026-01-09,694.07,0.006591619582202668,0.012376078701114766,0.009878886935308822,0.008679553929455491,0.005145018984179336,0.011691649179875118,0.021218010196035027,1,0.09076980528694227,0.004453029645006756,3.0907142857142924,-0.024189616854467754,1.0312911959762305,-1,0.6,0.012863085374706519,0.09076980528694227,0.01582908947039119,0.1208738338577331
2026-01-12,695.16,0.001569214922898965,0.012376078701114766,0.009878886935308822,0.008679553929455491,0.004472340503079848,0.012000473377715445,0.021907200696681478,1,0.09060468042521143,0.004784099035775238,3.325714285714298,0.023206954037430907,0.5373930930736087,1,0.6,0.01401054619977375,0.09060468042521143,0.010760256544871005,0.1186976203327118
2026-01-13,693.77,-0.002001541422600006,0.012376078701114766,0.009878886935308822,0.008679553929455491,0.0016412242230699,0.009018184742355414,0.019070026862814907,1,0.08099269042788992,0.00480089119695215,3.3307142857142935,0.016537887840685526,0.25176352112788625,1,0.4,0.011097338722765917,0.08099269042788992,0.002829142030519982,0.0
2026-01-14,690.36,-0.004927292810720907,0.012376078701114766,0.009878886935308822,0.008679553929455491,-0.0021904071810472524,0.0036707248488325904,0.013502258884833713,1,0.08320379125071461,0.005355383940462236,3.6971428571428646,-0.005751075208793027,1.0075338152317501,-1,0.4,0.005422078915052128,0.08320379125071461,0.0011304840544781314,0.028909818233467468
2026-01-15,692.24,0.002719515635277503,0.012376078701114766,0.009878886935308822,0.008679553929455491,0.00035116815464352537,0.005790507429501347,0.015614552276931844,1,0.08246385412868394,0.005207731422620482,3.60500000000001,0.06918927630933308,0.0501343317400546,1,0.6,0.007179485687213005,0.08246385412868394,0.003951515907058223,0.019235249131379153
2026-01-16,691.66,-0.0008382109024616113,0.012376078701114766,0.009878886935308822,0.008679553929455491,-0.0003247098942589307,0.004474468965797394,0.014176437019800679,1,0.06965622187058436,0.0054888652971446916,3.796428571428586,-0.013597450486319574,-0.11286994893552271,-1,0.4,0.004854584033401729,0.06965622187058436,-0.0034783145776060564,0.0
2026-01-20,677.58,-0.020566878432356717,0.012376078701114766,0.009878886935308822,0.008679553929455491,-0.013878930302247525,-0.014474179027184309,-0.00621686482614426,0,0.10146901817663725,0.0069132585292936925,4.684285714285734,-0.09719348334322275,0.5518927471109678,-1,0.2,-0.015680429533922405,0.10146901817663725,-0.025614407932861738,0.36225346339475145
2026-01-21,685.4,0.011474982476857853,0.012376078701114766,0.009878886935308822,0.008679553929455491,-0.0016667447986332344,-0.0028057295813026075,0.005045440506811119,0,0.10734191131352641,0.006671807911949937,4.572857142857158,-0.06821160836969141,0.8454956996728922,-1,0.4,-0.004668068999411682,0.10734191131352641,-0.012137884033403878,0.4291283101865305
2026-01-22,688.98,0.005209633575637085,0.012376078701114766,0.009878886935308822,0.008679553929455491,0.0023623907396527564,0.0021735032102753495,0.009887303211817336,0,0.10667409320707108,0.0061063352450532165,4.2071428571428715,-0.0004582419818903724,0.020160527489042616,-1,0.6,0.000229377110486869,0.10667409320707108,-0.0020009576470458867,0.42152384122838554
2026-01-23,689.23,0.00036278941923395536,0.012376078701114766,0.009878886935308822,0.008679553929455491,0.0018157521446178274,0.0022949595161423065,0.009847678589067668,1,0.10548583506598073,0.005866795450815506,4.043571428571438,0.059650759784774326,-0.01498925322403279,1,0.6,0.0005000831052468647,0.10548583506598073,-0.004357683863089434,0.4079931027520861
2026-01-26,692.73,0.005065280447050569,0.012376078701114766,0.009878886935308822,0.008679553929455491,0.004591503750767696,0.006676739497338226,0.014380084875828734,1,0.10629493155369064,0.005688672766746932,3.9407142857142907,0.04851414457998392,-0.2452614960281059,1,0.8,0.0054092652716963,0.10629493155369064,0.0015458074864227456,0.41720631375289574
2026-01-27,695.49,0.0039763202324607505,0.012376078701114766,0.009878886935308822,0.008679553929455491,0.0057129899035600834,0.009659880515321047,0.017686421588374853,1,0.10713905148468657,0.005561341130500206,3.8678571428571495,0.04338796715867065,-0.13239183443791422,1,1.0,0.009035751281792744,0.10713905148468657,0.026089006151240213,0.42681833797051005
2026-01-28,695.42,-0.00010065352906973857,0.012376078701114766,0.009878886935308822,0.008679553929455491,0.0037341924854680138,0.008640084183435742,0.01688278282731264,1,0.10614844962310498,0.005439672633590789,3.7828571428571456,0.052810190493626126,-0.21884262102906793,1,0.8,0.008380453294131493,0.10614844962310498,0.01451337014531262,0.4155383187055911
2026-01-29,694.04,-0.0019863838523681565,0.012376078701114766,0.009878886935308822,0.008679553929455491,0.0011609057644548417,0.006002490768914685,0.014273611520760118,1,0.10635192504469691,0.006082399532336008,4.221428571428565,0.05386085720975056,0.029674671804150336,1,0.6,0.0058667346867704775,0.10635192504469691,0.007317352717307379,0.41785530069856863
2026-01-30,691.97,-0.0029869936567044064,0.012376078701114766,0.009878886935308822,0.008679553929455491,-0.0012174698051857365,0.002715365111874134,0.010802619927349155,1,0.10306495211572171,0.006458785372601764,4.469285714285702,-0.031170312531284272,0.3078921681950117,-1,0.4,0.0021368743704662007,0.10306495211572171,0.003967569641369018,0.3804264209436788
2026-02-02,695.41,0.004958997606424376,0.012376078701114766,0.009878886935308822,0.008679553929455491,0.0024954102779181342,0.006961722178879818,0.015197512312922623,1,0.10410036981791304,0.006335419803724334,4.405714285714274,0.0437595108736739,-3.40525569686666e-05,1,0.4,0.006226970806950368,0.10410036981791304,0.0038612868007428247,0.39221675980828463
2026-02-03,689.53,-0.008491393606646191,0.012376078701114766,0.009878886935308822,0.008679553929455491,-0.00399538769790016,-0.001404928245142832,0.006352563910576417,1,0.1068331739415917,0.007173623441215596,4.946428571428563,0.04812285827399669,-0.03331472909329862,1,0.2,-0.0024117581528818916,0.1068331739415917,-0.008606427038364117,0.42333529931226704
2026-02-04,686.19,-0.004855648769150456,0.012376078701114766,0.009878886935308822,0.008679553929455491,-0.005897280292214005,-0.005650885033191294,0.0014198740025589812,1,0.10592528406868301,0.0075249878729854594,5.163571428571418,-0.06580639765383256,-0.17708935464568284,-1,0.2,-0.006840194755937112,0.10592528406868301,-0.013361422278444834,0.43109312692447416
2026-02-05,677.62,-0.012567898466494754,0.012376078701114766,0.009878886935308822,0.008679553929455491,-0.012283569121412097,-0.016376834359208496,-0.010656956251149421,0,0.11409633771175813,0.008984175707399652,6.087857142857136,-0.1510964557139395,0.4733181001190473,-1,0.2,-0.018394421121833104,0.11409633771175813,-0.02394293689257143,0.5282140573202297
2026-02-06,690.62,0.019003086020012994,0.012376078701114766,0.009878886935308822,0.008679553929455491,0.0044338599196722,0.0022557353271644765,0.007994369359814762,0,0.13419641509740224,0.009139820533916918,6.312142857142841,-0.135203446876526,0.41338670083540013,-1,0.4,0.000357053102414455,0.13419641509740224,-0.0019528572158540314,0.7671230526582862
2026-02-09,693.95,0.004810166940936611,0.012376078701114766,0.009878886935308822,0.008679553929455491,0.006165596114603615,0.006408957215340611,0.012344343039262885,1,0.13319525521776712,0.0076147931612912815,5.2842857142857,-0.12581834521857369,0.22177207319533418,-1,0.4,0.005189265137763282,0.13319525521776712,-0.002101687881341796,0.7552232924520281
2026-02-10,692.12,-0.0026405608133979186,0.012376078701114766,0.009878886935308822,0.008679553929455491,0.0023387681198980053,0.0033961471596506017,0.009291786652901054,1,0.1333719478334711,0.007956919113932391,5.507142857142843,-0.17408745211638774,0.17438804023341578,-1,0.4,0.0027592831514175287,0.1333719478334711,0.003749144911906477,0.7573234562718767
2026-02-11,691.96,-0.00023120050967051498,0.012376078701114766,0.009878886935308822,0.008679553929455491,0.0014037165467161805,0.002861974550671915,0.008700140349889314,1,0.13320609319469537,0.00827463189448233,5.725714285714267,-0.1853450526332121,0.24817972870029195,-1,0.4,0.002658938598076258,0.13320609319469537,0.008373593171386418,0.7553521123630038
2026-02-12,681.27,-0.015569447134066827,0.012376078701114766,0.009878886935308822,0.008679553929455491,-0.009422072368472468,-0.011441910973165173,-0.006614995492790371,0,0.1432653823074973,0.009869172910243432,6.723571428571412,-0.20328334274593937,0.21893150004821196,-1,0.4,-0.012180454289385871,0.1432653823074973,0.005372044503814344,0.8749165602825433
2026-02-13,681.75,0.0007043183810093723,0.012376078701114766,0.009878886935308822,0.008679553929455491,-0.005833059065350008,-0.0097319935298942,-0.005684444010517766,0,0.14281224872934284,0.011101681596714798,7.568571428571415,-0.1186137865812086,-0.05467270125919256,-1,0.4,-0.010732123526784203,0.14281224872934284,-0.012926723135189278,0.8695306263961324
2026-02-17,682.85,0.0016121943987332799,0.012376078701114766,0.009878886935308822,0.008679553929455491,-0.00282329721360338,-0.007365221255088612,-0.003920743734630549,0,0.14305990945893235,0.011566020565051715,7.89785714285713,-0.11333779411866149,0.0260851469039496,-1,0.4,-0.008502182718144971,0.14305990945893235,-0.01612469567739261,0.8724743153658664
2026-02-18,686.29,0.005025062796624624,0.012376078701114766,0.009878886935308822,0.008679553929455491,0.00146571800383595,-0.0021398959328375934,0.0010541409272709179,0,0.12325409275579445,0.011487230512698605,7.883571428571413,-0.03144231463421763,-0.3181912541263301,-1,0.6,-0.0041370343659655456,0.12325409275579445,-0.008459072067370066,0.6370628948219877
2026-02-19,684.48,-0.002640853027020107,0.012376078701114766,0.009878886935308822,0.008679553929455491,-0.0007839849809332458,-0.004319143950207065,-0.001523906652239769,0,0.11681024070096027,0.01090713283909445,7.465714285714276,-0.009393055700435374,-0.4425205741954249,-1,0.6,-0.0066971897923991785,0.11681024070096027,-0.010868724584719658,0.5604714374365031
2026-02-20,689.43,0.007205743342872495,0.012376078701114766,0.009878886935308822,0.008679553929455491,0.004285539093615485,0.0026062550615451856,0.005472211978537381,0,0.11821268826346283,0.010448590036060187,7.203571428571422,0.10565152331034185,-0.1195027233326409,1,0.8,0.0004534785432084264,0.11821268826346283,0.011906465892219664,0.5771408925705961
2026-02-23,682.39,-0.010263827328595099,0.012376078701114766,0.009878886935308822,0.008679553929455491,-0.003987638796323546,-0.006909886741761534,-0.004607827819212048,0,0.12370946637728017,0.011237813315787416,7.668571428571413,0.008020805894907184,0.016050022664135462,1,0.6,-0.009270800137331697,0.12370946637728017,0.0009383201826151932,0.6424754538049848
2026-02-24,687.35,0.007242282009104706,0.012376078701114766,0.009878886935308822,0.008679553929455491,0.002165617526860516,0.0002790737686456111,0.0025239611386379365,0,0.12523998806657288,0.010249508983763343,7.044999999999983,0.007683069874056954,-0.001170735140461148,1,0.6,-0.0016797227041404222,0.12523998806657288,0.006568407792986619,0.6606671946682905
2026-02-25,693.15,0.00840280206694377,0.012376078701114766,0.009878886935308822,0.008679553929455491,0.007056412801613614,0.007882646003483424,0.01054819611637673,1,0.1282365081266585,0.009548541338183454,6.61857142857141,0.0704170682326657,-0.13524745457976212,1,0.6,0.006915416344951606,0.1282365081266585,0.009946147063305766,0.724998799445721
2026-02-26,689.3,-0.005569836092771396,0.012376078701114766,0.009878886935308822,0.008679553929455491,0.0009747684663621228,0.002066487726128612,0.004740797474712725,1,0.1296597401022831,0.00908064081572118,6.2592857142856895,0.07579862428850118,-0.061331510243746556,1,0.6,0.0017679540346458365,0.1296597401022831,0.007017163997554476,0.74261294132871
2026-02-27,685.99,-0.004813539531438593,0.012376078701114766,0.009878886935308822,0.008679553929455491,-0.0025578573798213516,-0.002484590670942921,-8.064919535609275e-05,1,0.1304920666109568,0.009200467312088147,6.311428571428548,0.10123648531457313,-0.2989177725975982,1,0.4,-0.002458988978898024,0.1304920666109568,-0.005002118876756612,0.7529539535299539
2026-03-02,686.38,0.0005683598599475204,0.012376078701114766,0.009878886935308822,0.008679553929455491,-0.0013280747523745958,-0.0017351813661284118,0.00046868694915233383,0,0.13023348042719501,0.00978737309194227,6.717857142857123,0.09119905829690388,-0.09131119017321526,1,0.6,-0.0014860310895429532,0.13023348042719501,0.0058300683117860075,0.8121823862864295
2026-03-03,680.33,-0.008853435649402996,0.012376078701114766,0.009878886935308822,0.008679553929455491,-0.006776702989579769,-0.00954055637274305,-0.008024988068042914,0,0.13190562207706677,0.011236143804145723,7.644285714285696,-0.009305146117992498,0.2906826526310096,-1,0.4,-0.009200499528492686,0.13190562207706677,-0.010265649346721695,0.8389161192938744
2026-03-04,685.13,0.007030626707280163,0.012376078701114766,0.009878886935308822,0.008679553929455491,0.0001539109870867064,-0.0023099384458841856,-0.000986004210060352,0,0.13187088671602268,0.010942657389301155,7.497142857142843,-0.006159455605422344,0.07627942253871467,-1,0.4,-0.0018902214727675151,0.13187088671602268,-0.011637824706385302,0.8452027502576893
2026-03-05,681.31,-0.005591185784259878,0.012376078701114766,0.009878886935308822,0.008679553929455491,-0.0036215669215738347,-0.007128212384216761,-0.0063006091507632036,0,0.1322317716030834,0.010338276890932285,7.043571428571413,-0.031027719746699427,0.8176912295777962,-1,0.4,-0.007102327584374928,0.1322317716030834,-0.011659174397873784,0.8501054673233188
2026-03-06,672.38,-0.013193758601483196,0.012376078701114766,0.009878886935308822,0.008679553929455491,-0.011182982638646147,-0.01825863501551676,-0.018581362573874705,0,0.13301466714138674,0.01042777680986663,7.011428571428553,-0.12775633633630987,0.006527780554611432,-1,0.4,-0.019742055031049744,0.13301466714138674,-0.020039393467918387,0.8607413112000376
2026-03-09,678.27,0.00872178186410899,0.012376078701114766,0.009878886935308822,0.008679553929455491,-0.0016820917494463651,-0.00874682625767318,-0.00959642638899842,0,0.11720200584299678,0.010760569431879117,7.2985714285714085,-0.034716004245336704,0.13372188683287303,-1,0.4,-0.010264057994685173,0.11720200584299678,-0.011885971463756917,0.6459221065720719
2026-03-10,677.18,-0.0016083223061817975,0.012376078701114766,0.009878886935308822,0.008679553929455491,-0.002193348237936072,-0.009364278093731518,-0.01075400613517523,0,0.11525106795730096,0.01100572542432754,7.452857142857129,-0.11009773784231329,0.1044273137602695,-1,0.4,-0.010644071907188055,0.11525106795730096,-0.004640858120535718,0.6194180970966768
2026-03-11,676.33,-0.0012559938408136517,0.012376078701114766,0.009878886935308822,0.008679553929455491,-0.002299841962918715,-0.009607175212176829,-0.011530717220570879,0,0.11512994794282178,0.011261408737476223,7.616428571428555,-0.16704775781079992,0.21416191380090296,-1,0.2,-0.010744855750368973,0.11512994794282178,-0.012927478668629533,0.6177726495224853
2026-03-12,666.06,-0.015301366036701403,0.012376078701114766,0.009878886935308822,0.008679553929455491,-0.011701271035933696,-0.02235139482549406,-0.025526282629270154,0,0.1254895625959059,0.012590028354354993,8.385714285714275,-0.19150574650112331,0.5191946533465418,-1,0.2,-0.023917723383236212,0.1254895625959059,-0.022637658921071058,0.7585107667838945
2026-03-13,662.29,-0.005676230093437873,0.012376078701114766,0.009878886935308822,0.008679553929455491,-0.011596984563781386,-0.025296496188262397,-0.029860970053227374,0,0.1157390627136342,0.012694050728729348,8.407142857142853,-0.2069886620221188,0.1667444894843168,-1,0.2,-0.02809084398732663,0.1157390627136342,-0.015120130413025734,0.6260476355051671
2026-03-16,669.03,0.010125375692957128,0.012376078701114766,0.009878886935308822,0.008679553929455491,-0.0010259888022889454,-0.013933039936448543,-0.019219268612226396,0,0.12264962477501949,0.012798913565676194,8.562857142857142,-0.2007097664017668,-0.06234881774908205,-1,0.2,-0.017282710239165156,0.12264962477501949,-0.013716536584177597,0.7199294570117175
2026-03-17,670.79,0.0026272200927470735,0.012376078701114766,0.009878886935308822,0.008679553929455491,0.0010674209454642693,-0.010270203257967549,-0.01599707649090155,0,0.12298241923834533,0.012390507567817335,8.31142857142858,-0.11115686180685035,-0.1702340216622176,-1,0.4,-0.013824017594985829,0.12298241923834533,-0.009480994185248726,0.724450558208233
2026-03-18,661.43,-0.014051964415018325,0.012376078701114766,0.009878886935308822,0.008679553929455491,-0.008637926392116845,-0.021837284003531268,-0.028595103862789035,0,0.12929218894569203,0.013020490236502511,8.612142857142876,-0.18778869556055297,0.036376862476667736,-1,0.4,-0.025804551145112733,0.12929218894569203,-0.0222769647594534,0.810170455974959
2026-03-19,659.8,-0.0024673990553631953,0.012376078701114766,0.009878886935308822,0.008679553929455491,-0.007414718813306171,-0.021989290069749513,-0.02980996490844344,0,0.12927948995060418,0.01329731953403783,8.773571428571456,-0.20090054301664595,0.04376843813463532,-1,0.4,-0.02643585218583244,0.12927948995060418,-0.009442997778115192,0.809997936752997
2026-03-20,648.57,-0.017166819459972338,0.012376078701114766,0.009878886935308822,0.008679553929455491,-0.016338272878107022,-0.035084875803573744,-0.04458731159783029,0,0.1354701401118511,0.014310604208357279,9.281428571428592,-0.24756642721464595,0.6250111732398422,-1,0.4,-0.040112598845831994,0.1354701401118511,-0.020933587144649657,0.8940995638399225
2026-03-23,655.38,0.010445280749007857,0.012376078701114766,0.009878886935308822,0.008679553929455491,-0.004014576933090085,-0.022630526624588726,-0.033245391700718385,0,0.14069713288047778,0.012924889813087644,8.470714285714305,-0.21702942747976167,0.3130000964276009,-1,0.4,-0.028091158162410278,0.14069713288047778,-0.020613682088598928,0.9651096492369227
2026-03-24,653.18,-0.003362477949517384,0.012376078701114766,0.009878886935308822,0.008679553929455491,-0.004917348389787979,-0.02350163559999683,-0.03510986121688834,0,0.13640878991731972,0.013725159986506474,8.965000000000023,-0.23513165790954854,0.18345064676775621,-1,0.2,-0.028893243375801098,0.13640878991731972,-0.026603380130863385,0.9068513708147228
2026-03-25,656.82,0.005557266210528766,0.012376078701114766,0.009878886935308822,0.008679553929455491,0.00041856903638305947,-0.01636803298632617,-0.02860013879932689,0,0.13372614060340487,0.012729079939255176,8.360714285714314,-0.15269605469470576,0.32454044829394946,-1,0.4,-0.02083713788435277,0.13372614060340487,-0.006994149505316294,0.8704068671959915
2026-03-26,645.09,-0.018020166399086435,0.012376078701114766,0.009878886935308822,0.008679553929455491,-0.011699831765502725,-0.030802185744151937,-0.04422595148086244,0,0.14417459251222453,0.013253964563063717,8.550000000000027,-0.15530276144397676,-0.11377249908616835,-1,0.4,-0.03514426693902935,0.14417459251222453,-0.022546916849039533,1.0
2026-03-27,634.09,-0.01719894174696801,0.012376078701114766,0.009878886935308822,0.008679553929455491,-0.019217710595801702,-0.04301521805014036,-0.05828856814054438,0,0.15235378827181406,0.01469710248430198,9.31928571428574,-0.16939678835585362,0.06634965771675366,-1,0.4,-0.04790147629393751,0.15235378827181406,-0.022579039136035206,1.0
2026-03-30,631.97,-0.003348975532637688,0.012376078701114766,0.009878886935308822,0.008679553929455491,-0.015111206474967925,-0.04199822008523817,-0.05917032395012147,0,0.15145038704152133,0.015557926574247705,9.83214285714288,-0.27333211768313465,0.21034074547292164,-1,0.2,-0.04719259006297246,0.15145038704152133,-0.03637329541768075,0.9890758426202093
2026-03-31,650.34,0.02865337838990012,0.012376078701114766,0.009878886935308822,0.008679553929455491,0.00897116376622713,-0.01282072922823721,-0.030612705590469514,0,0.18963770012226244,0.015441373523276196,10.042142857142883,-0.22078083097148662,0.7506897897346433,-1,0.4,-0.017274831815161023,0.18963770012226244,-0.004357439078263248,1.0
2026-04-01,655.24,0.007506277680705331,0.012376078701114766,0.009878886935308822,0.008679553929455491,0.01098814851309202,-0.0048726565551932945,-0.022415254349494367,0,0.18995382672712366,0.014200903485724043,9.305000000000023,-0.12064860498323324,0.1922788212900883,-1,0.4,-0.007629367955128382,0.18995382672712366,-0.002408427608086683,1.0
2026-04-02,655.83,0.0009000282819782157,0.012376078701114766,0.009878886935308822,0.008679553929455491,0.007900980815234859,-0.0035992489321663274,-0.020707982487540657,0,0.1898280082847398,0.014271991217214446,9.360000000000023,-0.010172397473740633,-0.3856640230065829,-1,0.6,-0.0048156041659796565,0.1898280082847398,0.016511767072977968,0.9989541068375061
2026-04-06,658.93,0.004715698294381454,0.012376078701114766,0.009878886935308822,0.008679553929455491,0.008407945431611243,0.0010046976157835113,-0.01545822795367137,0,0.18631561671443714,0.013760403771461475,9.06714285714287,0.1397780086619088,-0.7609925588644246,1,0.8,0.0009098766425992742,0.18631561671443714,0.03842640711432743,0.9697565881130779
2026-04-07,659.22,0.00044001062804532864,0.012376078701114766,0.009878886935308822,0.008679553929455491,0.0058838081791743515,0.0013074246862239212,-0.014444221809317431,0,0.18286530404270393,0.014468397716760232,9.537857142857149,0.08308069698357078,-0.48086796481079386,1,1.0,0.0028012781069006593,0.18286530404270393,0.04221539327501045,0.9410751137325375
2026-04-08,676.01,0.025150550892075962,0.012376078701114766,0.009878886935308822,0.008679553929455491,0.020783854335817063,0.024195085628972494,0.010235171080621212,0,0.20574557817517272,0.014467241608830537,9.779999999999998,0.22670021700555248,-0.029561205712360365,1,1.0,0.028433639627535482,0.20574557817517272,0.03871256577718629,1.0
2026-04-09,679.91,0.005752567636585049,0.012376078701114766,0.009878886935308822,0.008679553929455491,0.017625231189127833,0.02715892048350597,0.015423712877384888,0,0.20671895165945828,0.013639410258060296,9.273571428571415,0.18991334470104843,-0.36975173682735857,1,1.0,0.03408522294325293,0.20671895165945828,0.03695885573306601,1.0
2026-04-10,679.46,-0.0006620714249052639,0.012376078701114766,0.009878886935308822,0.008679553929455491,0.011237643286727819,0.023897010685102988,0.01416496180661154,0,0.19846557914574117,0.012241864337628246,8.31785714285713,0.24275272698173148,-0.562114485400189,1,0.8,0.032348834417858616,0.19846557914574117,0.03539675602618253,0.9397839768226542
2026-04-13,686.1,0.009725024652184722,0.012376078701114766,0.009878886935308822,0.008679553929455491,0.013981523172515995,0.030575427996012643,0.023109884397261905,0,0.1991267292570613,0.011988048389430116,8.22499999999999,0.3868793934399645,-0.4772203215841095,1,0.8,0.04055526613320891,0.1991267292570613,0.0404060823839858,0.9446076813580778
2026-04-14,694.46,0.01211117544648932,0.012376078701114766,0.009878886935308822,0.008679553929455491,0.01740500198778195,0.03886525715964903,0.034133516896204544,0,0.20035338674596484,0.011712080506522633,8.13357142857142,0.5587535844111415,-0.3605648500794251,1,0.8,0.051207103511565065,0.20035338674596484,0.05207724720242979,0.9535572877958968
2026-04-15,699.94,0.007860051940648205,0.012376078701114766,0.009878886935308822,0.008679553929455491,0.016813041575344315,0.042390776309487566,0.04056801918718134,0,0.20147521485474756,0.012059196910738371,8.440714285714275,0.42305477268784636,-0.6181811149113543,1,0.8,0.05716984964992265,0.20147521485474756,0.03478674825100203,0.9501782411523652
2026-04-16,701.66,0.0024543391315727803,0.012376078701114766,0.009878886935308822,0.008679553929455491,0.01279212780914226,0.040497749788168294,0.04136392990447372,1,0.19220115535230484,0.010564742386407344,7.412857142857141,0.36022961857162666,-0.48925149348691505,1,0.8,0.05655774732712451,0.19220115535230484,0.03148851974598976,0.8599398347284449
2026-04-17,710.14,0.012013177480316273,0.012376078701114766,0.009878886935308822,0.008679553929455491,0.01655013980748306,0.04777677177558043,0.05172436766940273,1,0.19365322000762406,0.009090762787204207,6.4557142857142855,0.3452401058134048,0.03369285840719616,1,1.0,0.06528936405752439,0.19365322000762406,0.0441637686512113,0.8739486010250751
2026-04-20,708.72,-0.0020016075921409637,0.012376078701114766,0.009878886935308822,0.008679553929455491,0.009631684426548678,0.04115196277246839,0.04758280593430739,1,0.17892642197231798,0.008434723364443944,5.977857142857147,0.28232294927124424,0.11356371689110055,1,0.8,0.05838421383916137,0.17892642197231798,0.032437136406885614,0.7318720955344005
2026-04-21,704.08,-0.006568540038211168,0.012376078701114766,0.009878886935308822,0.008679553929455491,0.0020123806658277174,0.030964221301752675,0.03906484849862799,1,0.18151928699727038,0.008095670946471862,5.700000000000005,0.1892960857655619,-0.1577441683671428,1,0.6,0.047645334973990136,0.18151928699727038,0.013757420922185126,0.7568867118190171
2026-04-22,711.21,0.0100757587776803,0.012376078701114766,0.009878886935308822,0.008679553929455491,0.008073576298797557,0.03731405315746155,0.04755007711031127,1,0.1809654824968277,0.008058700765484896,5.731428571428572,0.14862629016184725,-0.5457721238252635,1,0.6,0.05370532519648738,0.1809654824968277,0.01597312775921722,0.7515438933761166
2026-04-23,708.45,-0.0038882598330101104,0.012376078701114766,0.009878886935308822,0.008679553929455491,0.002770513303585702,0.0300230177727397,0.041708426034020474,1,0.18315717515485538,0.007969107609155653,5.645714285714291,0.07898551404124149,-0.01680948780419502,1,0.4,0.04561706461211571,0.18315717515485538,0.00963052879463433,0.7726882068389358
2026-04-24,713.94,0.007719440184870585,0.012376078701114766,0.009878886935308822,0.008679553929455491,0.007002923209617605,0.03426145466177294,0.047735566323901454,1,0.16433920039967265,0.00799286854836624,5.706428571428587,0.13217101616202606,0.06930786798726733,1,0.4,0.048393136412625486,0.16433920039967265,0.005336791499188642,0.5911421513271797
2026-04-27,715.17,0.0017213514756893034,0.012376078701114766,0.009878886935308822,0.008679553929455491,0.005808297333628662,0.032499059198191384,0.04750557798226339,1,0.14262257353905095,0.007356892167486384,5.261428571428594,0.1161499173693673,-0.388476316673372,1,0.6,0.043984357094933264,0.14262257353905095,0.00905975056701891,0.3816314044557247
2026-04-28,711.69,-0.004877853328419057,0.012376078701114766,0.009878886935308822,0.008679553929455491,0.0006091866405190783,0.02479340639113455,0.040677714805663574,1,0.14405023708704726,0.006341043351530614,4.512857142857164,0.0536790614634202,-0.320777246556029,1,0.6,0.03289430717313187,0.14405023708704726,0.01075043727681102,0.3893044178959845
2026-04-29,711.58,-0.0001545736230212924,0.012376078701114766,0.009878886935308822,0.008679553929455491,0.0003029746338820949,0.022236649485064448,0.03886621480969951,1,0.11768751023523052,0.006391209903104052,4.547857142857173,-0.0011516338636128956,-0.28126867260527055,-1,0.4,0.02816553410188587,0.11768751023523052,0.0005201048761094285,0.11669608267755903
2026-04-30,718.66,0.009900517160528644,0.012376078701114766,0.009878886935308822,0.008679553929455491,0.006813825572329814,0.02923093041948337,0.047182058393178496,1,0.11880038514537188,0.006801348541522237,4.887857142857172,0.007813507385379918,0.3455607495337426,1,0.6,0.033659447284268965,0.11880038514537188,0.014308881869648182,0.12773720199330463
2026-05-01,720.65,0.0027652156492044,0.012376078701114766,0.009878886935308822,0.008679553929455491,0.006380735108294387,0.028937176814506135,0.04802344213570254,1,0.11820891369699828,0.006558563201862266,4.726428571428601,-0.006245657399407038,-0.39076362226319983,-1,0.6,0.03171228591589715,0.11820891369699828,0.009354657333981997,0.04440142433857821
2026-05-04,718.01,-0.0036700860012688352,0.012376078701114766,0.009878886935308822,0.008679553929455491,0.0017943891146710881,0.022716425994199544,0.04237801466154659,1,0.12189629671124075,0.0064533522215080566,4.633571428571453,-0.01067271393406732,0.19298318131297823,-1,0.4,0.023603862268714245,0.12189629671124075,0.003963219857023859,0.07387730506768153
2026-05-05,723.77,0.007990165829015794,0.012376078701114766,0.009878886935308822,0.008679553929455491,0.0065325638210308665,0.027893849230926453,0.04865352968703181,1,0.12167677659883025,0.006216457872362109,4.499285714285739,0.039436057605323975,-0.37339119871601284,1,0.6,0.027089581732391968,0.12167677659883025,0.01683123901445871,0.07148050956273573
2026-05-06,733.83,0.013803731803014863,0.012376078701114766,0.009878886935308822,0.008679553929455491,0.013588909822608153,0.03801106367065092,0.06059939131528118,1,0.10130800044723556,0.006849581744302831,5.026428571428596,0.04411555388782615,0.25331091172078035,1,0.8,0.03711073721873043,0.10130800044723556,0.030789544440494865,0.0
2026-05-07,731.58,-0.0030708153596661347,0.012376078701114766,0.009878886935308822,0.008679553929455491,0.006963099305734582,0.03140724328787964,0.05497492685430225,1,0.10420304401254175,0.006550401674644377,4.792142857142884,0.04778651619541776,-0.07920746252714779,1,0.6,0.03016947004522942,0.10420304401254175,0.017818211920300087,0.027464352916023223
2026-05-08,737.62,0.008222208042002244,0.012376078701114766,0.009878886935308822,0.008679553929455491,0.01013286153713856,0.03598367542914641,0.061035029575843586,1,0.10408498210568257,0.006398958813472558,4.720000000000027,0.047727524193679434,0.04526360054889115,1,0.6,0.03443875225606374,0.10408498210568257,0.02327520431309793,0.02634433734362321
2026-05-11,739.3,0.002275005720809631,0.012376078701114766,0.009878886935308822,0.008679553929455491,0.008254811573429418,0.03456526804211163,0.06081202013641763,1,0.10209153316717773,0.0059148615485611344,4.372857142857161,0.05246265450944499,0.3285892340331785,1,0.8,0.03294151508330326,0.10209153316717773,0.029220296035176396,0.007433124461278098
2026-05-12,738.18,-0.0015160952629198476,0.012376078701114766,0.009878886935308822,0.008679553929455491,0.004474871579441313,0.029761763192266224,0.056751420665358834,1,0.09866279875864678,0.0062460569044244674,4.610714285714299,0.04788181285255889,0.2566921938706879,1,0.6,0.02823616920803573,0.09866279875864678,0.019714034943240755,0.0
2026-05-13,742.31,0.005579248374812273,0.012376078701114766,0.009878886935308822,0.008679553929455491,0.00670726338135108,0.0320315950932101,0.06005878555784129,1,0.09751430733108732,0.005685918667010552,4.220714285714288,0.09471270749228314,0.05592557908416788,1,0.6,0.03094673467328551,0.09751430733108732,0.011489551515038166,0.0
2026-05-14,748.17,0.007863279204253004,0.012376078701114766,0.009878886935308822,0.008679553929455491,0.00972216776583486,0.03621361782031217,0.06556781733304257,1,0.09903630628063871,0.005897246424124141,4.412142857142856,0.08018180806266913,-0.326189863609797,1,0.8,0.03574014366931994,0.09903630628063871,0.022423646078957304,0.01393712656555929
2026-05-15,739.17,-0.012102289790879794,0.012376078701114766,0.009878886935308822,0.008679553929455491,-0.0016173970808402666,0.02143837584812262,0.050576487256160874,1,0.10725599854431105,0.00681169419753667,5.034999999999992,0.02647727828707159,0.4032771348531236,1,0.6,0.021228798660382422,0.10725599854431105,0.0020991482460752664,0.08920583252788336
2026-05-18,738.65,-0.0007037393207021125,0.012376078701114766,0.009878886935308822,0.008679553929455491,-0.0015476974306220044,0.01870956799944753,0.04778960650409782,1,0.10671079690467367,0.006802951330120071,5.024999999999993,0.02930490670112919,-0.07905009759271307,1,0.4,0.0184047726391962,0.10671079690467367,-0.000879596795436477,0.08421335585264238
2026-05-19,733.73,-0.006683082236991211,0.012376078701114766,0.009878886935308822,0.008679553929455491,-0.005480435638861262,0.010776276236433159,0.03914742604650434,1,0.10683445678656071,0.007273987511939772,5.337142857142843,-0.01739742601081886,0.46902786652659395,-1,0.4,0.009557866957616087,0.10683445678656071,-0.006046583769507841,0.08534572419327091
2026-05-20,741.25,0.01019683678130523,0.012376078701114766,0.009878886935308822,0.008679553929455491,0.00313667094932464,0.019084382440691845,0.047751549182360443,1,0.10695570401956808,0.006924596482765884,5.1328571428571355,-0.020647171346495363,-0.14113445764502552,-1,0.4,0.01780139794075571,0.10695570401956808,-0.0014289953630148844,0.08645599961931219
2026-05-21,742.72,0.0019811727741343432,0.012376078701114766,0.009878886935308822,0.008679553929455491,0.0034115228061062787,0.019057025830898314,0.04778191980748496,1,0.10462389665669744,0.007142664799645692,5.304999999999991,0.026886777018206298,-0.16225161721888617,1,0.4,0.017426051268539515,0.10462389665669744,-0.007311101793133545,0.06510336047826014
2026-05-22,745.64,0.003923786914967309,0.012376078701114766,0.009878886935308822,0.008679553929455491,0.004892290226982333,0.020821190922689886,0.04976463719185412,1,0.10289933761537476,0.0066261390023438236,4.940714285714274,0.023560129772585803,-0.11571957626024042,1,0.6,0.019213104715221644,0.10289933761537476,0.008714974912713558,0.049311366905742754
2026-05-26,750.59,0.006616653935926031,0.012376078701114766,0.009878886935308822,0.008679553929455491,0.0076793074649003385,0.024904167428752372,0.05438774534492483,1,0.10407533506589346,0.006511068435679046,4.887142857142846,0.02165656893412594,-0.0658822460476104,1,0.8,0.023501578362425446,0.10407533506589346,0.0160353681693417,0.06008011632799772
2026-05-27,750.46,-0.00017321208530685084,0.012376078701114766,0.009878886935308822,0.008679553929455491,0.004990702189613306,0.022319177427952697,0.05196896716680701,1,0.10099598729648696,0.005901142537331118,4.428571428571412,0.028235549576941098,-0.22292023851487397,1,0.8,0.020626457326196158,0.10099598729648696,0.022545238321026062,0.03188216020309961
2026-05-28,754.6,0.0055014556785302204,0.012376078701114766,0.009878886935308822,0.008679553929455491,0.006998657034755925,0.025228987341274267,0.05538122646208051,1,0.10090669943508349,0.005787361326712235,4.36714285714284,0.02630968532401526,-0.061458997923086324,1,0.8,0.023263445588077223,0.10090669943508349,0.017849857218251053,0.031064540568398115
