date,close,log_ret,ema5_slope,ema20_slope,ema50_slope,pos_ema5,pos_ema20,pos_ema50,golden_cross,rv,atr_pct,atr,obv_chg,vol_chg,obv_momentum,ad_ratio,market_breadth,vix_proxy,momentum,vol_percentile
2020-01-02,296.8882141113281,0.0,0,0,0,1,1,1,0,0,0,0.0,0,0,-1,0,1,0,1,2
2020-01-03,294.6400451660156,-0.007601259060093568,0,0,0,1,1,1,0,0,0,0.0,0,0,-1,0,1,0,1,2
2020-01-06,295.76409912109375,0.003807748722918447,0,0,0,1,1,1,0,0,0,0.0,0,0,-1,0,1,0,1,2
2020-01-07,294.93243408203125,-0.0028158810551515145,0,0,0,1,1,1,0,0,0,0.0,0,0,-1,0,1,0,1,2
2020-01-08,296.50433349609375,0.005315540735342239,0,0,0,2,1,1,0,0,0,0.0,0,0,-1,0,1,0,1,2
2020-01-09,298.51483154296875,0.006757784677263956,0,0,0,3,2,1,0,0,0,0.0,0,0,-1,1,1,0,2,2
2020-01-10,297.6558837890625,-0.002881551629953627,0,0,0,2,1,1,0,0,0,0.0,0,0,-1,1,1,0,3,2
2020-01-13,299.702880859375,0.006853519873997627,0,0,0,3,2,1,0,0,0,0.0,0,0,-1,1,1,0,3,2
2020-01-14,299.2459716796875,-0.0015257037938409823,0,0,0,2,2,1,0,0,0,0.0,0,0,-1,1,1,0,3,2
2020-01-15,299.92230224609375,0.00225756563918722,0,0,0,2,2,1,0,0,0,0.0,0,0,-1,1,1,0,3,2
2020-01-16,302.41705322265625,0.0082835870485658,0,0,0,3,3,2,0,0,0,0.0,0,0,-1,1,1,0,3,2
2020-01-17,303.3583679199219,0.0031078033939477834,0,0,0,3,3,2,0,0,0,0.0,0,0,-1,2,1,0,3,2
2020-01-21,302.7643127441406,-0.00196018193986891,0,0,0,2,2,2,0,0,0,0.0,0,0,-1,1,1,0,3,2
2020-01-22,302.80096435546875,0.00012104925020839374,0,0,0,2,2,2,0,0,4,26.967289515904017,0,0,-1,2,1,0,3,2
2020-01-23,303.14813232421875,0.001145865250521183,0,0,0,2,2,2,0,0,4,28.927422659737722,0,0,-1,2,1,0,3,2
2020-01-24,300.4523010253906,-0.008932562254856613,0,0,0,1,1,1,0,0,4,29.032261439732142,0,0,-1,1,1,0,1,2
2020-01-27,295.63616943359375,-0.0161594683756201,0,0,0,0,0,1,0,0,4,29.676398141043528,0,0,-1,0,1,0,0,2
2020-01-28,298.73419189453125,0.010424646713440566,0,0,0,1,1,1,0,0,4,29.616845267159597,0,0,-1,1,1,0,0,2
2020-01-29,298.48748779296875,-0.0008261726725100615,0,0,0,1,1,1,0,0,4,29.73291233607701,0,0,-1,0,1,0,0,2
2020-01-30,299.4561462402344,0.0032399685839763492,0,0,0,1,1,1,0,0,4,29.744212559291295,0,0,-1,0,1,0,1,4
2020-01-31,294.0187072753906,-0.018324588093793892,0,0,0,0,0,0,0,1,4,30.08829607282366,0,0,-1,0,0,1,0,4
2020-02-03,296.20281982421875,0.007401026286326662,0,0,0,1,1,1,0,1,4,30.2813720703125,0,0,-1,1,1,1,2,4
2020-02-04,300.7172546386719,0.015126048130955638,0,0,0,4,2,1,0,2,4,30.481597900390625,0,0,-1,1,1,2,2,4
2020-02-05,304.19000244140625,0.011482044280822556,0,0,0,4,3,2,0,2,4,30.571245465959823,0,0,-1,2,3,2,3,4
2020-02-06,305.2135314941406,0.003359120707925989,0,0,0,4,3,2,0,2,4,30.505693708147323,0,0,-1,2,3,2,3,4
2020-02-07,303.5869140625,-0.005343692877310957,0,0,0,2,2,2,0,2,4,30.66070338657924,0,0,-1,2,2,2,4,4
2020-02-10,305.8531799316406,0.007437240632952147,0,0,0,3,3,2,0,2,4,30.56935555594308,0,0,-1,2,3,2,4,4
2020-02-11,306.3833312988281,0.0017318519557996126,0,0,0,3,3,2,0,2,4,30.529911586216517,0,0,-1,2,3,2,3,4
2020-02-12,308.35711669921875,0.0064215464898547125,0,0,0,4,3,3,0,2,4,30.547395978655135,0,0,-1,2,3,2,3,4
2020-02-13,308.0282287597656,-0.0010671505190273933,0,0,0,3,3,2,0,2,4,30.39768545968192,0,0,-1,1,3,2,2,4
2020-02-14,308.5216979980469,0.0016007441481535878,0,0,0,3,3,2,0,2,4,29.876576014927455,0,0,-1,2,3,2,3,4
2020-02-18,307.7266845703125,-0.002580173486125048,0,0,0,2,2,2,0,2,4,30.022253853934153,0,0,-1,1,3,2,2,4
2020-02-19,309.1979675292969,0.004769742117882281,0,0,0,2,3,2,0,2,4,30.05016871861049,0,0,-1,1,3,2,2,4
2020-02-20,307.927734375,-0.004116616579765697,0,0,0,1,2,2,0,2,4,30.191482543945312,0,0,-1,0,3,2,1,4
2020-02-21,304.75653076171875,-0.010351928760576001,0,0,0,0,1,1,0,2,4,30.190924508231028,0,0,-1,0,2,2,1,4
2020-02-24,294.6491394042969,-0.033727907489842224,0,0,0,0,0,0,0,3,4,30.919043404715403,0,0,-1,0,0,3,0,4
2020-02-25,285.72076416015625,-0.030770305750445814,0,0,0,0,0,0,0,3,4,32.08490426199777,0,0,-1,0,0,3,0,4
2020-02-26,284.6697692871094,-0.003685180594129811,0,0,0,0,0,0,0,3,4,32.79829406738281,0,0,-1,0,0,3,0,4
2020-02-27,271.8848571777344,-0.045951146724319436,0,0,0,0,0,0,0,4,4,34.0565185546875,0,0,-1,0,0,4,0,4
2020-02-28,270.7424011230469,-0.004210838011895035,0,0,0,0,0,0,0,4,4,34.78612627301897,0,0,-1,0,0,4,0,4
2020-03-02,282.46728515625,0.042394919664102915,0,0,0,2,0,0,0,4,4,34.470467703683035,0,0,-1,0,0,4,0,4
2020-03-03,274.3796081542969,-0.02905016034007879,0,0,0,0,0,0,0,4,4,34.89572361537388,0,0,-1,0,0,4,0,4
2020-03-04,285.9125671386719,0.041173475991960196,0,0,0,4,0,0,0,4,4,34.817417689732146,0,0,-1,0,0,4,2,4
2020-03-05,276.4084167480469,-0.03380651201431828,0,0,0,0,0,0,0,4,4,35.32240513392857,0,0,-1,0,0,4,3,4
2020-03-06,271.83905029296875,-0.016669378468916918,0,0,0,0,0,0,0,4,4,35.824737548828125,0,0,-1,0,0,4,2,4
2020-03-09,250.60997009277344,-0.08131233773423219,0,0,0,0,0,0,0,4,4,37.122359139578684,0,0,-1,0,0,4,0,4
2020-03-10,263.5777282714844,0.050450481876576525,0,0,0,0,0,0,0,4,4,36.63212367466518,0,0,-1,0,0,4,0,4
2020-03-11,250.7287139892578,-0.04997677457061922,0,0,0,0,0,0,0,4,4,37.106339590890066,0,0,-1,0,0,4,0,4
2020-03-12,226.7396697998047,-0.10056900356949239,0,0,0,0,0,0,0,4,4,38.62897164481027,0,0,-1,0,0,4,0,4
2020-03-13,246.12283325195312,0.08202820318061832,0,0,0,0,0,0,0,4,4,37.24464852469308,0,0,-1,0,0,4,0,4
2020-03-16,219.1911163330078,-0.11588670689973757,0,0,0,0,0,0,0,4,4,37.56248147147043,0,0,-1,0,0,4,0,4
2020-03-17,231.0257568359375,0.05258517918530181,0,0,0,0,0,0,0,4,4,36.55776868547712,0,0,-1,0,0,4,0,4
2020-03-18,219.32823181152344,-0.05195982259128318,0,0,0,0,0,0,0,4,4,35.88752964564732,0,0,-1,0,0,4,0,4
2020-03-19,219.79429626464844,0.002122708803703688,0,0,0,0,0,0,0,4,4,35.01310838971819,0,0,-1,1,0,4,0,4
2020-03-20,210.3224334716797,-0.044050341288146555,0,0,0,0,0,0,0,4,4,35.96596418108259,0,0,-1,0,0,4,0,4
2020-03-23,204.94485473632812,-0.025900809019098858,0,0,0,0,0,0,0,4,4,36.30487496512277,0,0,-1,0,0,4,0,4
2020-03-24,223.51356506347656,0.08673116434287209,0,0,0,4,0,0,0,4,4,36.298072814941406,0,0,-1,0,0,4,0,4
2020-03-25,226.85963439941406,0.01485936955219902,0,0,0,4,0,0,0,4,4,34.908700125558035,0,0,-1,1,0,4,4,4
2020-03-26,240.1059112548828,0.05674864733384499,0,0,0,4,0,0,0,4,4,33.87722996303013,0,0,-1,1,0,4,4,4
2020-03-27,232.9541473388672,-0.03023848123191275,0,0,0,4,0,0,0,4,4,32.568359375,0,0,-1,1,0,4,4,4
2020-03-30,240.51953125,0.03195965560449743,0,0,0,4,1,0,0,4,4,32.40306091308594,0,0,-1,2,1,4,4,4
2020-03-31,236.9344940185547,-0.015017590882644427,0,0,0,4,0,0,0,4,4,31.524791172572545,0,0,-1,1,1,4,4,4
2020-04-01,226.27130126953125,-0.04604897897831517,0,0,0,0,0,0,0,4,4,30.228959219796316,0,0,-1,0,0,4,1,4
2020-04-02,231.4925537109375,0.022812980207484124,0,0,0,1,0,0,0,4,4,30.54232461111886,0,0,-1,0,1,4,0,4
2020-04-03,228.14657592773438,-0.014559408339737345,0,0,0,0,0,0,0,4,4,28.559790475027903,0,0,-1,0,0,4,0,4
2020-04-06,243.4702606201172,0.0650065028129454,0,0,0,4,3,0,0,4,4,28.14187513078962,0,0,-1,0,4,4,3,4
2020-04-07,243.71852111816406,0.0010191553206491122,0,0,0,4,3,0,0,4,4,27.173282078334264,0,0,-1,1,4,4,4,4
2020-04-08,251.89967346191406,0.03301692964960434,0,0,0,4,4,0,0,4,4,26.784326825823104,0,0,-1,2,4,4,4,4
2020-04-09,255.7330780029297,0.01510334941888214,0,0,0,4,4,1,0,4,4,25.82095227922712,0,0,-1,2,4,4,4,3
2020-04-13,253.3981475830078,-0.00917227886443861,0,0,0,4,4,0,0,4,4,24.983575003487722,0,0,-1,2,4,4,4,3
2020-04-14,260.87158203125,0.029066305759104516,0,0,0,4,4,1,0,4,4,24.50191170828683,0,0,-1,2,4,4,4,3
2020-04-15,255.3285369873047,-0.021477167119837937,0,0,0,3,4,1,0,4,4,25.382703508649552,0,0,-1,1,4,4,4,3
2020-04-16,256.56024169921875,0.004812401210189776,0,0,0,3,4,1,0,4,4,25.753374372209823,0,0,-1,1,4,4,3,3
2020-04-17,263.4914245605469,0.026657325628248074,0,0,0,4,4,2,0,4,4,25.467225211007253,0,0,-1,1,4,4,4,3
2020-04-20,258.8490905761719,-0.017775593071434947,0,0,0,2,4,1,0,4,4,26.029728480747767,0,0,-1,1,4,4,4,2
2020-04-21,250.98971557617188,-0.030833265525740394,0,0,0,0,2,0,0,4,4,26.765785217285156,0,0,-1,0,4,4,0,2
2020-04-22,256.56024169921875,0.021951532968927268,0,0,0,2,4,1,0,4,4,25.97018541608538,0,0,-1,1,4,4,2,2
2020-04-23,256.54193115234375,-7.137193273187847e-05,0,0,0,2,4,1,0,4,4,25.848086765834264,0,0,-1,0,4,4,1,2
2020-04-24,260.11767578125,0.013842002253518615,0,0,0,4,4,1,0,4,4,25.79729461669922,0,0,-1,0,4,4,1,2
2020-04-27,263.86822509765625,0.014315703391311274,0,0,0,4,4,2,0,4,4,26.117215837751115,0,0,-1,1,4,4,3,2
2020-04-28,262.6548156738281,-0.004609148994542345,0,0,0,3,4,2,0,4,4,26.28390829903739,0,0,-1,1,4,4,4,1
2020-04-29,269.53082275390625,0.025842071774670572,0,0,0,4,4,4,0,4,4,26.61425563267299,0,0,-1,1,4,4,4,1
2020-04-30,267.02130126953125,-0.00935431869992609,0,0,0,4,4,3,0,4,4,26.920568193708146,0,0,-1,1,4,4,4,1
2020-05-01,259.95233154296875,-0.02683016126628246,0,0,0,0,2,1,0,4,4,27.318126133510045,0,0,-1,0,3,4,1,1
2020-05-04,260.6693115234375,0.002754324347761461,0,0,0,0,3,1,0,4,4,27.880899701799667,0,0,-1,0,2,4,1,1
2020-05-05,263.0777587890625,0.009197050938527518,0,0,0,2,3,2,0,4,4,27.414415631975448,0,0,-1,1,3,4,2,1
2020-05-06,261.29437255859375,-0.006802013302745991,0,0,0,1,2,1,0,4,4,27.455548967633927,0,0,-1,0,2,4,0,1
2020-05-07,264.44732666015625,0.011994452434037406,0,0,0,3,4,2,0,4,4,27.455254690987722,0,0,-1,1,3,4,1,1
2020-05-08,268.82293701171875,0.016410847748274726,0,0,0,4,4,3,0,4,4,27.238237653459823,0,0,-1,2,4,4,4,1
2020-05-11,268.8780517578125,0.00020500146898605465,0,0,0,4,4,3,0,4,4,26.400499616350448,0,0,-1,2,4,4,4,1
2020-05-12,263.51898193359375,-0.02013253453672359,0,0,0,0,2,1,0,4,4,26.726266043526785,0,0,-1,1,2,4,2,1
2020-05-13,258.85845947265625,-0.017843979287708756,0,0,0,0,1,1,0,4,4,27.506513323102677,0,0,-1,1,1,4,1,1
2020-05-14,261.9561462402344,0.011895685191166905,0,0,0,1,1,1,0,4,4,27.607336861746653,0,0,-1,1,1,4,1,1
2020-05-15,263.1603698730469,0.004586508734216288,0,0,0,2,2,1,0,4,4,27.425000871930802,0,0,-1,1,1,4,0,1
2020-05-18,271.1761474609375,0.030004982634793897,0,0,0,4,4,3,0,4,4,27.70532008579799,0,0,-1,1,4,4,2,1
2020-05-19,268.39093017578125,-0.010323988023029251,0,0,0,3,4,2,0,4,4,27.74845450265067,0,0,-1,1,3,4,3,0
2020-05-20,272.9503479003906,0.016845290485757225,0,0,0,4,4,4,0,4,4,27.69990975516183,0,0,-1,2,4,4,4,0
2020-05-21,271.0659484863281,-0.006927759198380734,0,0,0,3,4,3,0,4,4,27.2310791015625,0,0,-1,1,3,4,4,0
2020-05-22,271.5807189941406,0.0018972590935248945,0,0,0,3,4,3,0,4,4,26.952407836914062,0,0,-1,1,3,4,4,0
2020-05-26,274.9267578125,0.012245324249801293,0,0,0,4,4,4,0,4,4,27.01230730329241,0,0,-1,1,4,4,3,0
2020-05-27,279.017333984375,0.014769181901868045,0,0,0,4,4,4,0,4,4,26.670667375837052,0,0,-1,2,4,4,4,0
2020-05-28,278.5025329589844,-0.0018467545363787252,0,0,0,4,4,4,0,4,4,26.615798950195312,0,0,-1,1,4,4,4,0
2020-05-29,279.7435607910156,0.004446174869311648,0,0,0,4,4,4,0,4,4,26.736068725585938,0,0,-1,2,4,4,4,0
2020-06-01,280.87420654296875,0.004033576353699608,0,0,0,4,4,4,0,3,4,26.737056187220983,0,0,-1,2,4,3,4,0
2020-06-02,283.19989013671875,0.00824606832979402,0,0,0,4,4,4,0,3,4,26.290254865373885,0,0,-1,2,4,3,4,0
2020-06-03,286.96881103515625,0.013220563618761005,0,0,0,4,4,4,0,3,4,25.673010689871653,0,0,-1,2,4,3,4,0
2020-06-04,286.21502685546875,-0.002630167022858565,0,0,0,4,4,4,0,3,4,25.79951913016183,0,0,-1,2,4,3,4,0
2020-06-05,293.5505065917969,0.02530633777129765,0,0,0,4,4,4,0,3,4,26.442044939313615,0,0,-1,2,4,3,4,0
2020-06-08,297.0987854003906,0.012014986024184715,0,0,0,4,4,4,0,3,4,26.194891793387278,0,0,-1,2,4,3,4,0
2020-06-09,294.8834533691406,-0.007484489322853172,0,0,0,4,4,4,0,4,4,26.206854684012278,0,0,-1,1,4,4,4,0
2020-06-10,293.2380676269531,-0.005595408351273257,0,0,0,2,4,4,0,3,4,26.411344255719865,0,0,-1,0,4,3,4,0
2020-06-11,276.33319091796875,-0.059377445509556814,0,0,0,0,0,2,0,4,4,27.786542619977677,0,0,-1,0,1,4,0,1
2020-06-12,279.6424560546875,0.011904493429588214,0,0,0,0,1,2,0,4,4,28.244988577706472,0,0,-1,0,1,4,0,1
2020-06-15,282.2530822753906,0.009292278822086608,0,0,0,0,1,3,0,4,4,28.455533708844865,0,0,-1,0,1,4,0,1
2020-06-16,287.6857604980469,0.019064651717366488,0,0,0,4,4,4,0,4,4,28.615838187081472,0,0,-1,1,3,4,0,1
2020-06-17,286.49078369140625,-0.004162408039968035,0,0,0,2,3,4,0,4,4,28.907392229352677,0,0,-1,1,2,4,0,1
2020-06-18,286.6011047363281,0.0003850029934531207,0,0,0,2,3,4,0,4,4,28.956854684012278,0,0,-1,2,2,4,4,1
2020-06-19,284.9632263183594,-0.005731228532816601,0,0,0,1,2,3,0,4,4,29.18906729561942,0,0,-1,1,1,4,3,1
2020-06-22,286.7912902832031,0.00639459817462118,0,0,0,2,2,4,0,4,4,29.429275512695312,0,0,-1,1,2,4,3,1
2020-06-23,288.1116027832031,0.004593175081099687,0,0,0,3,3,4,0,4,4,29.29203142438616,0,0,-1,1,2,4,2,1
2020-06-24,280.76220703125,-0.02583984198826439,0,0,0,0,1,2,0,4,4,29.77294703892299,0,0,-1,1,0,4,0,1
2020-06-25,283.7721862792969,0.010663682520482887,0,0,0,1,1,2,0,4,4,29.472436087472097,0,0,-1,1,1,4,1,1
2020-06-26,277.0321350097656,-0.024038244945268517,0,0,0,0,0,1,0,4,4,29.795891898018972,0,0,-1,1,0,4,0,1
2020-06-29,281.1038818359375,0.014590776941278527,0,0,0,1,1,2,0,4,4,29.56443350655692,0,0,-1,1,0,4,0,1
2020-06-30,284.7047119140625,0.012728257334808646,0,0,0,3,2,3,0,4,4,29.041161673409597,0,0,-1,1,1,4,1,1
2020-07-01,286.6989440917969,0.006980145309698926,0,0,0,4,2,3,0,4,4,27.491766793387278,0,0,-1,2,1,4,4,1
2020-07-02,288.27777099609375,0.005491808036645729,0,0,0,4,3,3,0,4,4,26.94201878138951,0,0,-1,2,2,4,3,1
2020-07-06,292.72802734375,0.015319445672333565,0,0,0,4,4,4,0,4,4,26.974541800362722,0,0,-1,3,3,4,4,1
2020-07-07,289.7088928222656,-0.010367342655400513,0,0,0,3,3,3,0,4,4,27.156982421875,0,0,-1,2,2,4,4,1
2020-07-08,291.9247741699219,0.007619545408378059,0,0,0,3,3,4,0,4,4,26.903124128069198,0,0,-1,2,3,4,4,1
2020-07-09,290.2628479003906,-0.005709261828388712,0,0,0,2,3,3,0,4,4,26.777997698102677,0,0,-1,1,3,4,3,1
2020-07-10,293.2265625,0.010158676522160626,0,0,0,3,4,4,0,3,4,26.53061785016741,0,0,-1,1,3,3,3,0
2020-07-13,290.68756103515625,-0.008696544113282023,0,0,0,1,2,3,0,3,4,26.502312796456472,0,0,-1,0,2,3,1,0
2020-07-14,294.4546203613281,0.012875883811968691,0,0,0,4,4,4,0,3,4,26.747789655412948,0,0,-1,1,4,3,3,0
2020-07-15,297.1597900390625,0.009145106960185778,0,0,0,4,4,4,0,3,4,26.1104736328125,0,0,-1,1,4,3,3,0
2020-07-16,296.18115234375,-0.0032987394357588684,0,0,0,3,4,4,0,3,4,26.11911882672991,0,0,-1,1,4,3,4,0
2020-07-17,297.03985595703125,0.002895056651806449,0,0,0,3,4,4,0,3,4,25.664280482700892,0,0,-1,1,4,3,3,0
2020-07-20,299.4403076171875,0.008048765963030391,0,0,0,4,4,4,0,3,4,25.542423793247767,0,0,-1,2,4,3,4,0
2020-07-21,300.077392578125,0.0021253257428011096,0,0,0,3,4,4,0,3,4,25.709315708705358,0,0,-1,2,4,3,3,0
2020-07-22,301.78546142578125,0.005675955649856235,0,0,0,4,4,4,0,3,4,25.76497541155134,0,0,-1,2,4,3,3,0
2020-07-23,298.1846923828125,-0.012003304674492732,0,0,0,1,3,4,0,3,4,26.065279279436385,0,0,-1,2,3,3,2,0
2020-07-24,296.26422119140625,-0.0064613723032325154,0,0,0,0,2,3,0,3,4,26.32839093889509,0,0,-1,1,2,3,1,0
2020-07-27,298.42474365234375,0.007266090659951097,0,0,0,2,3,4,0,2,4,26.080867222377233,0,0,-1,1,3,2,1,0
2020-07-28,296.531982421875,-0.006362706842558907,0,0,0,1,2,3,0,2,4,26.172496250697545,0,0,-1,0,2,2,1,0
2020-07-29,300.1789855957031,0.012223836266148425,0,0,0,3,3,4,0,2,4,26.137557983398438,0,0,-1,0,3,2,1,0
2020-07-30,299.1078796386719,-0.00357460561776346,0,0,0,2,2,3,0,2,4,26.333892822265625,0,0,-1,0,2,2,2,0
2020-07-31,301.4715576171875,0.007871365671248576,0,0,0,3,3,4,0,2,4,26.030035836356028,0,0,-1,1,3,2,3,0
2020-08-03,303.5673828125,0.006927929552596801,0,0,0,4,4,4,0,2,4,25.887398856026785,0,0,-1,1,3,2,3,0
2020-08-04,304.7400207519531,0.0038554171299205464,0,0,0,4,4,4,0,1,4,25.892013549804688,0,0,-1,2,3,1,4,0
2020-08-05,306.63275146484375,0.0061917600712249055,0,0,0,4,4,4,0,1,4,25.862093244280135,0,0,-1,2,4,1,4,0
2020-08-06,308.682373046875,0.006662047074885713,0,0,0,4,4,4,0,1,4,25.880458286830358,0,0,-1,3,4,1,4,0
2020-08-07,308.9040222167969,0.0007177916519456318,0,0,0,3,4,4,0,1,4,26.021589006696427,0,0,-1,3,4,1,4,0
2020-08-10,309.8272705078125,0.0029843293432536555,0,0,0,3,4,4,0,1,4,26.021597726004465,0,0,-1,3,4,1,4,0
2020-08-11,307.26983642578125,-0.008288642727122486,0,0,0,1,3,4,0,1,4,26.261284964425222,0,0,-1,2,3,1,2,0
2020-08-12,311.5538024902344,0.01384573643521314,0,0,0,4,4,4,0,1,4,26.198774065290177,0,0,-1,2,4,1,3,0
2020-08-13,310.9906311035156,-0.0018092573315300342,0,0,0,3,4,4,0,1,4,25.936172485351562,0,0,-1,1,4,1,2,0
2020-08-14,310.9998474121094,2.9634886426599394e-05,0,0,0,2,4,4,0,1,4,26.13219996861049,0,0,-1,1,3,1,2,0
2020-08-17,311.9877624511719,0.003171542584513354,0,0,0,2,4,4,0,1,4,26.058781215122767,0,0,-1,1,4,1,2,0
2020-08-18,312.6617431640625,0.0021579492767580533,0,0,0,2,4,4,0,1,4,26.068084716796875,0,0,-1,2,4,1,3,0
2020-08-19,311.3599548339844,-0.004172259466885819,0,0,0,1,3,4,0,1,4,26.147936139787948,0,0,-1,1,3,1,1,0
2020-08-20,312.3294372558594,0.003108865454530374,0,0,0,2,3,4,0,0,4,26.458086286272323,0,0,-1,2,3,0,2,0
2020-08-21,313.4373474121094,0.003540971943597704,0,0,0,2,3,4,0,0,4,26.394099644252233,0,0,-1,2,3,0,2,0
2020-08-24,316.6134338378906,0.01008208679027156,0,0,0,4,4,4,0,0,4,26.475006103515625,0,0,-1,2,4,0,3,0
2020-08-25,317.72137451171875,0.003493239803014525,0,0,0,4,4,4,0,0,4,26.41904776436942,0,0,-1,2,4,0,3,0
2020-08-26,320.90667724609375,0.009975537842525029,0,0,0,4,4,4,0,0,4,26.55843244280134,0,0,-1,3,4,0,4,0
2020-08-27,321.6083984375,0.0021842957370568072,0,0,0,4,4,4,0,0,4,26.608119419642858,0,0,-1,3,4,0,4,0
2020-08-28,323.68572998046875,0.006438424363390816,0,0,0,4,4,4,0,0,4,26.714466639927455,0,0,-1,3,4,0,4,0
2020-08-31,322.5132751464844,-0.0036287772381404793,0,0,0,3,4,4,0,0,4,26.693507603236608,0,0,-1,2,4,0,3,0
2020-09-01,325.55084228515625,0.009374348314119096,0,0,0,4,4,4,0,0,4,26.592546735491073,0,0,-1,2,4,0,4,0
2020-09-02,330.2596740722656,0.014360589204349239,0,0,0,4,4,4,0,0,4,26.634674072265625,0,0,-1,2,4,0,4,0
2020-09-03,318.8940124511719,-0.03502043794356258,0,0,0,0,2,4,0,3,4,27.535090855189733,0,0,-1,1,2,3,1,2
2020-09-04,316.29034423828125,-0.008198195589190327,0,0,0,0,1,3,0,3,4,28.552198137555802,0,0,-1,0,1,3,0,2
2020-09-08,307.6483154296875,-0.027703305054025407,0,0,0,0,0,1,0,3,4,29.58815656389509,0,0,-1,0,0,3,0,2
2020-09-09,313.7235412597656,0.019554858678639597,0,0,0,0,1,2,0,3,4,29.6754150390625,0,0,-1,0,1,3,0,2
2020-09-10,308.27618408203125,-0.017516073501803398,0,0,0,0,0,1,0,4,4,30.168504987444198,0,0,-1,0,0,4,0,2
2020-09-11,308.4330749511719,0.0005088001200777015,0,0,0,0,0,1,0,4,4,30.792382376534597,0,0,-1,0,0,4,0,2
2020-09-14,312.49560546875,0.013085523715517411,0,0,0,2,1,2,0,4,4,30.776258196149552,0,0,-1,1,1,4,1,3
2020-09-15,314.074462890625,0.005039694180484666,0,0,0,3,1,2,0,4,4,30.822614397321427,0,0,-1,2,1,4,4,3
2020-09-16,312.8280029296875,-0.003976572661389177,0,0,0,1,1,2,0,4,4,31.018567766462052,0,0,-1,1,1,4,1,3
2020-09-17,310.0765380859375,-0.008834364040106735,0,0,0,0,0,1,0,4,4,31.499415806361608,0,0,-1,1,0,4,2,3
2020-09-18,306.5068054199219,-0.011579205272830961,0,0,0,0,0,1,0,4,4,31.831673758370535,0,0,-1,0,0,4,1,3
2020-09-21,303.0954895019531,-0.011192056051480215,0,0,0,0,0,0,0,4,4,32.13080051967076,0,0,-1,0,0,4,0,3
2020-09-22,306.1823425292969,0.010132912366492164,0,0,0,1,0,1,0,4,4,31.847784859793528,0,0,-1,0,0,4,0,3
2020-09-23,299.0816955566406,-0.02346404974181837,0,0,0,0,0,0,0,4,4,32.12915257045201,0,0,-1,0,0,4,0,3
2020-09-24,299.87884521484375,0.0026617784464679772,0,0,0,0,0,0,0,4,4,31.519522530691965,0,0,-1,0,0,4,0,3
2020-09-25,304.7270202636719,0.01603781650960645,0,0,0,2,0,1,0,4,4,30.232615879603795,0,0,-1,1,0,4,1,3
2020-09-28,309.788330078125,0.016472897748298188,0,0,0,4,1,1,0,4,4,29.321280343191965,0,0,-1,2,1,4,4,3
2020-09-29,308.1012878417969,-0.005460672519960852,0,0,0,3,1,1,0,4,4,29.171068464006698,0,0,-1,1,1,4,2,3
2020-09-30,310.4371643066406,0.007552925969966928,0,0,0,4,1,1,0,4,4,28.499276297433035,0,0,-1,2,1,4,4,3
2020-10-01,312.43017578125,0.006399495199270966,0,0,0,4,2,2,0,4,4,27.910912649972097,0,0,-1,2,2,4,4,3
2020-10-02,309.4638366699219,-0.009539765774857933,0,0,0,1,1,1,0,4,4,28.160143171037948,0,0,-1,1,1,4,3,3
2020-10-05,314.95159912109375,0.01757773250013628,0,0,0,4,3,2,0,4,4,28.177331107003347,0,0,-1,1,3,4,3,3
2020-10-06,310.47430419921875,-0.014317831688980931,0,0,0,1,1,1,0,3,4,28.198309762137278,0,0,-1,1,2,3,2,3
2020-10-07,315.87860107421875,0.01725682421057151,0,0,0,4,3,2,0,3,4,27.814897809709823,0,0,-1,1,3,3,3,3
2020-10-08,318.677978515625,0.00882315522973176,0,0,0,4,4,3,0,3,4,27.44262477329799,0,0,-1,1,4,3,4,3
2020-10-09,321.5238037109375,0.008890459285965768,0,0,0,4,4,4,0,3,4,27.001020159040177,0,0,-1,2,4,3,4,3
2020-10-12,326.6965026855469,0.01596003310413252,0,0,0,4,4,4,0,3,4,27.34185573032924,0,0,-1,2,4,3,4,3
2020-10-13,324.5643615722656,-0.006547756353596945,0,0,0,4,4,4,0,3,4,27.17309352329799,0,0,-1,2,4,3,4,3
2020-10-14,322.5250549316406,-0.0063030342951293505,0,0,0,2,4,3,0,3,4,27.074792044503347,0,0,-1,1,4,3,4,3
2020-10-15,322.1264343261719,-0.0012367012654594944,0,0,0,1,3,3,0,3,4,27.626977103097097,0,0,-1,0,4,3,3,3
2020-10-16,321.93170166015625,-0.0006047052620514748,0,0,0,1,3,3,0,3,4,27.531642368861608,0,0,-1,0,4,3,2,3
2020-10-19,317.037353515625,-0.015319815031589634,0,0,0,0,1,2,0,3,4,28.021209716796875,0,0,-1,0,2,3,0,3
2020-10-20,318.30731201171875,0.00399770473045713,0,0,0,1,1,2,0,3,4,28.467206682477677,0,0,-1,0,2,3,0,3
2020-10-21,317.70477294921875,-0.0018947414900054582,0,0,0,1,1,2,0,3,4,28.70402090890067,0,0,-1,0,2,3,0,2
2020-10-22,319.4474182128906,0.005470120430107528,0,0,0,2,2,2,0,3,4,28.485909598214285,0,0,-1,0,2,3,1,2
2020-10-23,320.531982421875,0.003389375489843971,0,0,0,2,2,2,0,3,4,28.35461207798549,0,0,-1,1,2,3,1,2
2020-10-26,314.6086120605469,-0.018652695644182593,0,0,0,0,1,1,0,3,4,28.490018572126115,0,0,-1,1,1,3,1,2
2020-10-27,313.5240478515625,-0.003453300094102829,0,0,0,0,0,1,0,3,4,28.621466500418528,0,0,-1,0,0,3,0,2
2020-10-28,302.8080749511719,-0.034776875977499344,0,0,0,0,0,0,0,3,4,29.430790492466517,0,0,-1,0,0,3,0,3
2020-10-29,305.88568115234375,0.010112252330461757,0,0,0,0,0,0,0,4,4,29.8702392578125,0,0,-1,0,0,4,0,3
2020-10-30,302.69683837890625,-0.010479669905671507,0,0,0,0,0,0,0,4,4,30.096450805664062,0,0,-1,0,0,4,0,3
2020-11-02,306.0896911621094,0.01114639613862689,0,0,0,1,0,0,0,3,4,29.745559692382812,0,0,-1,0,0,3,0,3
2020-11-03,311.4939270019531,0.01750167467909325,0,0,0,4,1,1,0,4,4,29.335229056222097,0,0,-1,1,0,4,1,3
2020-11-04,318.4556884765625,0.022103497614421208,0,0,0,4,3,2,0,4,4,29.213265555245535,0,0,-1,2,2,4,4,3
2020-11-05,324.6663513183594,0.019314704004144367,0,0,0,4,4,3,0,4,4,29.521551949637278,0,0,-1,2,4,4,4,3
2020-11-06,324.5921630859375,-0.0002285321827857345,0,0,0,4,4,3,0,4,4,29.08478001185826,0,0,-1,2,3,4,4,3
2020-11-09,328.6709289550781,0.012487522781077232,0,0,0,4,4,4,0,4,4,28.973720005580358,0,0,-1,2,4,4,4,3
2020-11-10,328.1888732910156,-0.001467758413451925,0,0,0,4,4,4,0,4,4,29.47485569545201,0,0,-1,1,4,4,4,3
2020-11-11,330.6268310546875,0.007401064898693299,0,0,0,4,4,4,0,4,4,29.52117919921875,0,0,-1,1,4,4,4,3
2020-11-12,327.4194641113281,-0.009748227035061063,0,0,0,2,4,3,0,4,4,29.909216744559153,0,0,-1,0,4,4,2,3
2020-11-13,331.9523620605469,0.013749357127891493,0,0,0,4,4,4,0,4,4,29.617013113839285,0,0,-1,1,4,4,4,3
2020-11-16,336.0960388183594,0.012405478086455979,0,0,0,4,4,4,0,4,4,29.487132481166295,0,0,-1,1,4,4,4,3
2020-11-17,334.28851318359375,-0.0053925169053572475,0,0,0,3,4,4,0,4,4,28.857101440429688,0,0,-1,1,4,4,3,3
2020-11-18,330.26531982421875,-0.012108101139361338,0,0,0,1,3,3,0,4,4,28.806413922991073,0,0,-1,0,4,4,1,3
2020-11-19,331.65582275390625,0.004201421848198272,0,0,0,1,3,4,0,4,4,28.74505833217076,0,0,-1,1,4,4,3,3
2020-11-20,329.3846740722656,-0.006871462879910695,0,0,0,1,2,3,0,4,4,29.048784528459823,0,0,-1,0,3,4,1,3
2020-11-23,331.3591613769531,0.005976576930572186,0,0,0,2,3,3,0,4,4,29.203107561383927,0,0,-1,0,4,4,0,3
2020-11-24,336.6986083984375,0.015985326305377967,0,0,0,4,4,4,0,4,4,29.19130597795759,0,0,-1,1,4,4,2,3
2020-11-25,336.1794738769531,-0.001543027297692845,0,0,0,3,4,4,0,3,4,28.993179321289062,0,0,-1,1,4,3,3,2
2020-11-27,337.11578369140625,0.0027812773296540527,0,0,0,3,4,4,0,3,4,28.90765598842076,0,0,-1,1,4,3,3,0
2020-11-30,335.62335205078125,-0.004436887969373693,0,0,0,2,3,4,0,3,4,28.84257071358817,0,0,-1,1,3,3,3,0
2020-12-01,339.2941589355469,0.010877901437608806,0,0,0,4,4,4,0,3,4,28.350821358816965,0,0,-1,1,4,3,4,0
2020-12-02,340.0079650878906,0.0021015874669556567,0,0,0,3,4,4,0,2,4,28.408028738839285,0,0,-1,1,4,2,2,0
2020-12-03,339.915283203125,-0.00027262455158627574,0,0,0,3,4,4,0,2,4,28.186898367745535,0,0,-1,1,3,2,3,0
2020-12-04,342.8444519042969,0.008580431803173916,0,0,0,4,4,4,0,2,4,28.187911987304688,0,0,-1,1,4,2,3,0
2020-12-07,342.1399841308594,-0.002056887674365626,0,0,0,3,4,4,0,2,4,28.193082536969865,0,0,-1,1,3,2,3,0
2020-12-08,343.14117431640625,0.002921985773428837,0,0,0,3,4,4,0,2,4,28.049320765904017,0,0,-1,1,3,2,3,0
2020-12-09,340.0636291503906,-0.009009204754725886,0,0,0,1,3,4,0,2,4,27.98229762486049,0,0,-1,0,2,2,1,0
2020-12-10,339.9523620605469,-0.0003272484537850673,0,0,0,1,2,3,0,2,4,28.071829659598215,0,0,-1,0,2,2,1,0
2020-12-11,339.5537109375,-0.0011733557200575007,0,0,0,1,2,3,0,1,4,28.036897931780135,0,0,-1,0,2,1,1,0
2020-12-14,338.03338623046875,-0.004487474052163876,0,0,0,1,1,3,0,1,4,28.204452514648438,0,0,-1,0,1,1,1,0
2020-12-15,342.60345458984375,0.013429002853976968,0,0,0,3,3,4,0,1,4,28.2012939453125,0,0,-1,0,3,1,1,0
2020-12-16,343.14117431640625,0.0015682801267553614,0,0,0,3,3,4,0,1,4,28.116886683872767,0,0,-1,0,3,1,2,0
2020-12-17,345.0599060058594,0.005576093138681237,0,0,0,3,3,4,0,1,4,28.224622453962052,0,0,-1,1,3,1,3,0
2020-12-18,343.6821594238281,-0.004000767453829823,0,0,0,2,3,4,0,1,4,28.240421840122767,0,0,-1,1,2,1,3,0
2020-12-21,342.4533386230469,-0.0035818642762661668,0,0,0,1,2,3,0,1,4,28.196851457868302,0,0,-1,1,2,1,3,0
2020-12-22,341.8760986328125,-0.0016870241018764887,0,0,0,1,2,3,0,1,4,28.83341326032366,0,0,-1,0,1,1,1,0
2020-12-23,342.1834411621094,0.0008985842082349649,0,0,0,1,2,3,0,0,4,28.769258771623885,0,0,-1,0,1,0,1,0
2020-12-24,343.5146179199219,0.0038826956340445307,0,0,0,2,2,3,0,0,4,28.68359157017299,0,0,-1,0,2,0,1,0
2020-12-28,346.4656677246094,0.008554064110459336,0,0,0,3,3,4,0,0,4,28.67254638671875,0,0,-1,1,2,0,2,0
2020-12-29,345.8047180175781,-0.0019095137433984277,0,0,0,2,2,3,0,0,4,28.69443620954241,0,0,-1,1,2,0,2,0
2020-12-30,346.29815673828125,0.0014259117316388625,0,0,0,2,2,3,0,0,4,28.479112897600448,0,0,-1,2,2,0,3,0
2020-12-31,348.0576171875,0.005067904037277415,0,0,0,3,3,4,0,0,4,28.046595982142858,0,0,-1,2,3,0,3,0
2021-01-04,343.31915283203125,-0.01370754342891356,0,0,0,0,1,2,0,0,4,28.263351440429688,0,0,-1,1,1,0,1,1
2021-01-05,345.6836853027344,0.006863663319081503,0,0,0,2,2,3,0,0,4,28.339045933314733,0,0,-1,1,2,0,1,1
2021-01-06,347.7503967285156,0.0059608190561988295,0,0,0,3,2,3,0,0,4,28.114972795758927,0,0,-1,2,2,0,2,1
2021-01-07,352.9170227050781,0.014747994496217665,0,0,0,4,4,4,0,1,4,28.237171718052455,0,0,-1,2,4,1,3,1
2021-01-08,354.9278869628906,0.005681667381622013,0,0,0,4,4,4,0,1,4,28.02740696498326,0,0,-1,2,4,1,4,1
2021-01-11,352.5354309082031,-0.006763503108853541,0,0,0,2,3,4,0,1,4,28.040030343191965,0,0,-1,2,3,1,4,1
2021-01-12,352.60986328125,0.00021111216067559724,0,0,0,2,3,4,0,1,4,27.988135201590403,0,0,-1,2,3,1,4,1
2021-01-13,353.559326171875,0.002689053776160577,0,0,0,2,3,4,0,1,3,27.253618512834823,0,0,-1,2,3,1,3,1
2021-01-14,352.32122802734375,-0.003507957279195395,0,0,0,1,2,3,0,0,3,27.424490792410715,0,0,-1,1,3,0,1,1
2021-01-15,349.75189208984375,-0.007319315707479568,0,0,0,1,1,3,0,1,4,27.801114763532365,0,0,-1,0,2,1,0,1
2021-01-19,352.4981689453125,0.007821404391319398,0,0,0,2,2,3,0,1,4,27.761308942522323,0,0,-1,1,2,1,1,1
2021-01-20,357.376220703125,0.01374363862766792,0,0,0,4,4,4,0,1,3,27.86177716936384,0,0,-1,1,4,1,3,1
2021-01-21,357.70208740234375,0.0009114154857767787,0,0,0,3,4,4,0,1,3,27.817925589425222,0,0,-1,1,3,1,3,1
2021-01-22,356.4360046386719,-0.003545768260399207,0,0,0,2,3,4,0,1,4,28.06589835030692,0,0,-1,1,3,1,3,1
2021-01-25,357.8416748046875,0.003935925820249153,0,0,0,3,3,4,0,1,3,27.705004010881698,0,0,-1,2,3,1,4,1
2021-01-26,357.2832336425781,-0.001561800656150858,0,0,0,2,3,4,0,1,3,27.54217747279576,0,0,-1,1,3,1,3,1
2021-01-27,348.55096435546875,-0.024744380082334594,0,0,0,0,1,1,0,2,4,28.438565935407365,0,0,-1,0,1,2,0,2
2021-01-28,351.5486145019531,0.008563548832802859,0,0,0,1,1,2,0,2,4,28.482264927455358,0,0,-1,0,1,2,0,2
2021-01-29,344.5107421875,-0.02022273559081178,0,0,0,0,0,1,0,3,4,29.371346609933035,0,0,-1,0,0,3,0,2
2021-02-01,350.2452697753906,0.0165084079108615,0,0,0,1,1,2,0,3,4,29.190645490373885,0,0,-1,0,1,3,0,3
2021-02-02,355.1978454589844,0.01404126554216667,0,0,0,4,2,3,0,3,4,29.055260794503347,0,0,-1,1,2,3,1,3
2021-02-03,355.4771423339844,0.0007860045567271712,0,0,0,3,2,3,0,3,4,29.158275059291295,0,0,-1,2,2,3,4,3
2021-02-04,359.5173034667969,0.011301358094327973,0,0,0,4,3,3,0,3,4,29.012139456612722,0,0,-1,2,3,3,4,3
2021-02-05,360.9324035644531,0.003928385017537117,0,0,0,4,3,4,0,3,4,28.672467912946427,0,0,-1,3,3,3,4,2
2021-02-08,363.53900146484375,0.007195892425669648,0,0,0,4,4,4,0,3,4,28.70243181501116,0,0,-1,3,4,3,4,2
2021-02-09,363.2969665527344,-0.0006659959927830528,0,0,0,3,4,4,0,3,4,28.63608877999442,0,0,-1,2,3,3,4,2
2021-02-10,363.1387634277344,-0.0004355598739751443,0,0,0,3,3,4,0,3,4,28.68346949986049,0,0,-1,1,3,3,4,2
2021-02-11,363.7251892089844,0.001613578184357145,0,0,0,2,3,4,0,3,4,28.686383928571427,0,0,-1,1,3,3,3,2
2021-02-12,365.52191162109375,0.004927619309396114,0,0,0,3,4,4,0,3,3,28.67779541015625,0,0,-1,1,3,3,3,2
2021-02-16,365.20538330078125,-0.0008663378042905734,0,0,0,2,3,4,0,3,3,28.692642211914062,0,0,-1,0,3,3,2,2
2021-02-17,365.2891845703125,0.00022943707888956055,0,0,0,2,3,4,0,3,3,28.091341291155135,0,0,-1,1,3,3,2,2
2021-02-18,363.7344665527344,-0.004265212444440003,0,0,0,1,2,3,0,2,3,28.102351597377233,0,0,-1,1,3,2,2,2
2021-02-19,363.0921630859375,-0.0017674191005223605,0,0,0,1,2,3,0,2,3,27.460106985909597,0,0,-1,0,2,2,1,2
2021-02-22,360.29931640625,-0.007721574376437168,0,0,0,0,1,2,0,3,3,27.864103044782365,0,0,-1,0,1,3,0,2
2021-02-23,360.7369384765625,0.0012138699575316991,0,0,0,1,1,2,0,3,3,28.064697265625,0,0,-1,0,1,3,1,3
2021-02-24,364.71197509765625,0.010958942330992372,0,0,0,3,2,3,0,3,3,27.835425240652903,0,0,-1,0,3,3,1,3
2021-02-25,355.92401123046875,-0.024390676282097346,0,0,0,0,0,1,0,3,4,28.536363874162948,0,0,-1,0,1,3,0,3
2021-02-26,354.0899963378906,-0.005166148701398754,0,0,0,0,0,1,0,3,4,29.334027971540177,0,0,-1,0,0,3,0,3
2021-03-01,362.6732177734375,0.023951094531311945,0,0,0,3,2,2,0,3,4,29.267057146344865,0,0,-1,1,2,3,2,3
2021-03-02,359.84326171875,-0.007833649769742657,0,0,0,1,1,2,0,3,4,29.539465767996653,0,0,-1,0,1,3,1,3
2021-03-03,355.07684326171875,-0.013334326584833356,0,0,0,0,0,1,0,3,4,30.056745256696427,0,0,-1,0,0,3,0,3
2021-03-04,350.6827697753906,-0.012452200955582526,0,0,0,0,0,1,0,3,4,30.59906005859375,0,0,-1,0,0,3,0,4
2021-03-05,357.1341247558594,0.018229385830509592,0,0,0,2,1,1,0,3,4,30.648901803152903,0,0,-1,0,1,3,2,4
2021-03-08,355.3560791015625,-0.004991084328533901,0,0,0,1,1,1,0,3,4,30.77099609375,0,0,-1,0,0,3,0,4
2021-03-09,360.42974853515625,0.014176738943051603,0,0,0,4,2,2,0,3,4,30.847645350864955,0,0,-1,0,1,3,2,4
2021-03-10,362.6732177734375,0.006205136865131244,0,0,0,4,2,2,0,3,4,30.762983049665177,0,0,-1,1,2,3,4,4
2021-03-11,366.35040283203125,0.010088057889638513,0,0,0,4,3,3,0,3,4,30.808622087751115,0,0,-1,2,3,3,4,4
2021-03-12,366.84381103515625,0.0013459142701215399,0,0,0,4,3,3,0,3,4,30.57472882952009,0,0,-1,2,3,3,4,4
2021-03-15,369.0315246582031,0.005945898611459555,0,0,0,4,4,3,0,3,4,30.31066676548549,0,0,-1,3,3,3,4,4
2021-03-16,368.56610107421875,-0.0012619987633284424,0,0,0,3,3,3,0,3,4,30.567156110491073,0,0,-1,2,3,3,4,4
2021-03-17,369.8227844238281,0.003403855577024828,0,0,0,3,3,3,0,3,4,29.97438485281808,0,0,-1,2,3,3,4,4
2021-03-18,364.44207763671875,-0.014656300151692392,0,0,0,0,1,2,0,3,4,29.6806640625,0,0,-1,1,2,3,1,4
2021-03-19,363.7677001953125,-0.0018521520988024065,0,0,0,1,1,2,0,3,4,30.142970493861608,0,0,-1,0,2,3,1,4
2021-03-22,366.6723327636719,0.00795314535818381,0,0,0,2,2,2,0,3,4,29.794795445033483,0,0,-1,0,2,3,1,4
2021-03-23,363.78643798828125,-0.00790163635840102,0,0,0,1,1,2,0,3,4,29.45839582170759,0,0,-1,0,2,3,1,4
2021-03-24,361.9370422363281,-0.005096706406036766,0,0,0,0,1,1,0,3,4,29.12809099469866,0,0,-1,0,1,3,0,4
2021-03-25,363.97314453125,0.005609805928321165,0,0,0,1,1,2,0,3,4,29.26458958217076,0,0,-1,0,1,3,1,3
2021-03-26,369.8386535644531,0.015986752929347148,0,0,0,4,3,3,0,3,3,29.044084821428573,0,0,-1,1,3,3,3,3
2021-03-29,369.6517333984375,-0.0005055377954636953,0,0,0,3,3,3,0,2,3,28.815824236188615,0,0,-1,0,3,2,2,3
2021-03-30,368.67108154296875,-0.0026564326939269023,0,0,0,2,2,2,0,2,3,28.840013776506698,0,0,-1,0,2,2,3,2
2021-03-31,370.16546630859375,0.004045243316150859,0,0,0,3,2,2,0,2,3,28.666595458984375,0,0,-1,1,3,2,4,2
2021-04-01,374.1629943847656,0.010741404427428769,0,0,0,4,3,3,0,2,3,28.61004856654576,0,0,-1,1,3,2,4,2
2021-04-05,379.5333251953125,0.014250890068393751,0,0,0,4,4,4,0,2,3,28.897964477539062,0,0,-1,1,4,2,4,1
2021-04-06,379.3091735839844,-0.0005907724414679905,0,0,0,4,4,4,0,2,3,28.862745012555802,0,0,-1,1,4,2,4,1
2021-04-07,379.74810791015625,0.0011565250365066504,0,0,0,3,4,4,0,1,3,28.825936453683035,0,0,-1,2,4,1,4,1
2021-04-08,381.5506896972656,0.004735552351879946,0,0,0,4,4,4,0,1,3,28.361934116908483,0,0,-1,2,4,1,4,1
2021-04-09,384.3246765136719,0.007243995744726561,0,0,0,4,4,4,0,1,3,27.916006905691965,0,0,-1,2,4,1,4,1
2021-04-12,384.4647216796875,0.0003643264797705825,0,0,0,3,4,4,0,1,3,27.98764910016741,0,0,-1,2,4,1,3,1
2021-04-13,385.60418701171875,0.002959387532166957,0,0,0,3,4,4,0,1,3,27.728485107421875,0,0,-1,3,4,1,3,1
2021-04-14,384.2873229980469,-0.0034209113382299705,0,0,0,2,4,4,0,1,3,27.565608433314733,0,0,-1,2,4,1,3,1
2021-04-15,388.41546630859375,0.01068504642019974,0,0,0,4,4,4,0,1,3,27.61031014578683,0,0,-1,2,4,1,3,1
2021-04-16,389.71380615234375,0.0033370831674615076,0,0,0,3,4,4,0,0,3,27.681573050362722,0,0,-1,2,4,0,3,0
2021-04-19,387.799072265625,-0.004925288855196719,0,0,0,2,4,4,0,1,3,27.921048845563615,0,0,-1,1,4,1,2,0
2021-04-20,384.95977783203125,-0.007348494838020692,0,0,0,1,3,4,0,1,3,28.18542698451451,0,0,-1,0,3,1,1,0
2021-04-21,388.60223388671875,0.009417429810749667,0,0,0,2,3,4,0,1,3,28.174630301339285,0,0,-1,1,4,1,3,0
2021-04-22,385.05316162109375,-0.009174878589243818,0,0,0,1,2,3,0,1,3,28.404796055385045,0,0,-1,0,2,1,1,1
2021-04-23,389.2280578613281,0.01078403193873001,0,0,0,3,3,4,0,1,3,28.29907008579799,0,0,-1,0,3,1,1,1
2021-04-26,390.04058837890625,0.0020853676481262795,0,0,0,3,3,4,0,1,3,28.340397426060267,0,0,-1,1,3,1,2,0
2021-04-27,389.95660400390625,-0.0002153453272519812,0,0,0,2,3,4,0,1,3,28.39550563267299,0,0,-1,1,3,1,3,0
2021-04-28,389.844482421875,-0.00028756457192802287,0,0,0,2,3,4,0,0,3,28.475051879882812,0,0,-1,0,2,0,2,0
2021-04-29,392.32879638671875,0.006352357939481301,0,0,0,3,3,4,0,1,3,28.47304425920759,0,0,-1,1,3,1,3,0
2021-04-30,389.75103759765625,-0.006592084367523121,0,0,0,1,2,3,0,1,3,28.741877964564733,0,0,-1,0,2,1,2,0
2021-05-03,390.5917053222656,0.002154612335304229,0,0,0,2,2,3,0,0,3,28.834237234933035,0,0,-1,0,2,0,2,0
2021-05-04,388.1820373535156,-0.006188384447924022,0,0,0,1,2,3,0,0,3,29.006757463727677,0,0,-1,0,1,0,1,0
2021-05-05,388.3034973144531,0.0003128453950651533,0,0,0,1,2,3,0,0,3,28.927745274135045,0,0,-1,1,1,0,1,0
2021-05-06,391.4041748046875,0.007953477812919552,0,0,0,2,2,3,0,0,3,28.849979945591517,0,0,-1,1,2,0,1,0
2021-05-07,394.2528076171875,0.007251625987980681,0,0,0,3,3,4,0,0,3,28.681758335658483,0,0,-1,2,2,0,3,0
2021-05-10,390.34893798828125,-0.009951295333799237,0,0,0,1,2,3,0,1,3,28.731105259486608,0,0,-1,1,1,1,1,1
2021-05-11,386.8650817871094,-0.008965045524675475,0,0,0,0,1,2,0,1,3,29.401615687779017,0,0,-1,1,1,1,1,1
2021-05-12,378.64605712890625,-0.021474123836888737,0,0,0,0,0,1,0,2,4,29.786407470703125,0,0,-1,0,0,2,0,2
2021-05-13,383.1944885253906,0.011940780695083753,0,0,0,1,1,1,0,2,3,29.904883248465403,0,0,-1,0,0,2,0,2
2021-05-14,389.0785827636719,0.01523867223190134,0,0,0,3,2,2,0,2,3,30.031747000558035,0,0,-1,0,1,2,1,2
2021-05-17,388.0885314941406,-0.002547847913129786,0,0,0,2,1,2,0,2,3,30.113037109375,0,0,-1,0,1,2,1,2
2021-05-18,384.7449645996094,-0.008652802376562185,0,0,0,1,1,1,0,2,4,30.352288382393972,0,0,-1,0,1,2,1,2
2021-05-19,383.7362060546875,-0.0026253320519353807,0,0,0,1,1,1,0,2,4,30.75532967703683,0,0,-1,0,1,2,3,2
2021-05-20,387.8643798828125,0.010700389015661393,0,0,0,3,1,2,0,2,4,30.53853280203683,0,0,-1,0,1,2,3,2
2021-05-21,387.5469055175781,-0.0008188541718459064,0,0,0,2,1,2,0,2,4,30.61958966936384,0,0,-1,0,1,2,1,2
2021-05-24,391.49761962890625,0.010142547316998929,0,0,0,4,2,2,0,2,3,30.46781267438616,0,0,-1,0,2,2,2,2
2021-05-25,390.62908935546875,-0.0022209460959912164,0,0,0,2,2,2,0,2,3,30.567413330078125,0,0,-1,0,2,2,3,2
2021-05-26,391.4041748046875,0.001982232057201827,0,0,0,2,2,2,0,2,3,30.78741237095424,0,0,-1,1,2,2,4,2
2021-05-27,391.60968017578125,0.0005249086577583384,0,0,0,2,2,2,0,2,4,30.804874965122767,0,0,-1,1,2,2,2,2
2021-05-28,392.3101806640625,0.0017871741991033474,0,0,0,2,2,2,0,2,3,30.514785766601562,0,0,-1,2,2,2,3,2
2021-06-01,391.96466064453125,-0.0008811197903746404,0,0,0,2,2,2,0,2,3,30.044102260044642,0,0,-1,1,2,2,2,2
2021-06-02,392.5810546875,0.001571340350855266,0,0,0,2,2,2,0,2,3,29.580889020647323,0,0,-1,2,2,2,2,2
2021-06-03,391.1240539550781,-0.0037182414532583863,0,0,0,1,1,2,0,2,3,29.631635393415177,0,0,-1,1,2,2,1,2
2021-06-04,394.7012634277344,0.00910440043884897,0,0,0,3,2,2,0,2,3,29.46952383858817,0,0,-1,1,2,2,2,2
2021-06-07,394.3182373046875,-0.0009708914742363461,0,0,0,2,2,2,0,2,3,29.412403651646205,0,0,-1,0,2,2,2,2
2021-06-08,394.4023132324219,0.0002131957332558443,0,0,0,2,2,2,0,2,3,29.179020472935267,0,0,-1,1,2,2,2,2
2021-06-09,393.81396484375,-0.0014928605620125879,0,0,0,1,2,2,0,2,3,28.969894409179688,0,0,-1,0,2,2,2,2
2021-06-10,395.64453125,0.004637532425300961,0,0,0,2,2,2,0,0,3,28.955766950334823,0,0,-1,1,2,0,3,0
2021-06-11,396.29833984375,0.0016511512790948757,0,0,0,2,2,2,0,0,3,28.902093069893972,0,0,-1,1,2,0,2,0
2021-06-14,397.1855773925781,0.002236309770911049,0,0,0,2,2,2,0,0,3,28.738616943359375,0,0,-1,2,2,0,2,0
2021-06-15,396.4571228027344,-0.0018357248021816375,0,0,0,2,2,2,0,0,3,28.68304225376674,0,0,-1,1,2,0,2,0
2021-06-16,394.24346923828125,-0.005599235336767094,0,0,0,1,1,2,0,0,3,28.81952122279576,0,0,-1,1,1,0,2,0
2021-06-17,394.11279296875,-0.0003315157803447377,0,0,0,1,1,2,0,0,3,29.016442435128347,0,0,-1,0,1,0,1,0
2021-06-18,388.7960510253906,-0.013582229192008022,0,0,0,0,0,1,0,0,3,29.431736537388392,0,0,-1,0,1,0,0,1
2021-06-21,394.3620300292969,0.01421442964173103,0,0,0,2,1,2,0,0,3,29.278065272739955,0,0,-1,0,1,0,1,1
2021-06-22,396.4703063964844,0.005331803631697163,0,0,0,3,2,2,0,0,3,28.9622802734375,0,0,-1,0,2,0,1,1
2021-06-23,395.9924621582031,-0.00120597286119839,0,0,0,2,2,2,0,0,3,28.812393188476562,0,0,-1,0,2,0,2,1
2021-06-24,398.3350524902344,0.005898315443957358,0,0,0,3,2,2,0,0,3,28.877506801060267,0,0,-1,1,2,0,3,1
2021-06-25,399.75,0.0035458601508020493,0,0,0,3,2,2,0,0,3,28.778446742466517,0,0,-1,2,2,0,4,1
2021-06-28,400.5558166503906,0.0020137725003142037,0,0,0,3,3,2,0,0,3,28.64676775251116,0,0,-1,2,2,0,3,1
2021-06-29,400.7713928222656,0.0005380478149925594,0,0,0,2,2,2,0,0,3,28.466951642717635,0,0,-1,2,2,0,3,1
2021-06-30,401.10870361328125,0.0008412998711637698,0,0,0,2,2,2,0,0,3,28.44661385672433,0,0,-1,3,2,0,3,1
2021-07-01,403.3295593261719,0.005521520935793944,0,0,0,3,3,3,0,0,3,28.400872366768972,0,0,-1,3,3,0,3,1
2021-07-02,406.41229248046875,0.007614150215712101,0,0,0,4,3,3,0,0,3,28.397016252790177,0,0,-1,3,3,0,3,1
2021-07-06,405.6720275878906,-0.0018231237306833847,0,0,0,3,3,3,0,0,3,28.362380981445312,0,0,-1,2,3,0,3,1
2021-07-07,407.1058044433594,0.0035280941142801225,0,0,0,3,3,3,0,0,3,28.054358346121653,0,0,-1,2,3,0,3,1
2021-07-08,403.78863525390625,-0.008181552445543971,0,0,0,1,2,2,0,0,3,28.069656372070312,0,0,-1,1,2,0,2,1
2021-07-09,408.09893798828125,0.010618079086157195,0,0,0,3,3,3,0,0,3,27.548043387276785,0,0,-1,1,3,0,3,2
2021-07-12,409.5608825683594,0.0035759275463336238,0,0,0,3,3,3,0,0,3,27.529266357421875,0,0,-1,1,3,0,2,2
2021-07-13,408.1646728515625,-0.0034148647167517865,0,0,0,2,3,3,0,0,3,27.77693612234933,0,0,-1,1,3,0,2,2
2021-07-14,408.773681640625,0.0014909543627821265,0,0,0,2,3,3,0,0,3,27.852563040597097,0,0,-1,1,3,0,2,2
2021-07-15,407.37762451171875,-0.003421077635907821,0,0,0,1,2,3,0,0,3,27.98933846609933,0,0,-1,1,2,0,2,2
2021-07-16,404.18231201171875,-0.007874536106335484,0,0,0,0,1,2,0,1,3,28.284534999302455,0,0,-1,0,1,1,1,2
2021-07-19,398.2132873535156,-0.014878283910753964,0,0,0,0,0,1,0,1,3,29.092572893415177,0,0,-1,0,1,1,0,2
2021-07-20,403.91986083984375,0.014228734410902888,0,0,0,1,1,2,0,1,3,29.136254446847097,0,0,-1,0,1,1,1,2
2021-07-21,407.19012451171875,0.008063718734221403,0,0,0,3,2,2,0,1,3,29.110458374023438,0,0,-1,0,2,1,1,2
2021-07-22,408.0428161621094,0.002091897711185453,0,0,0,3,2,2,0,1,3,29.036594935825892,0,0,-1,1,2,1,2,2
2021-07-23,412.2407531738281,0.010235420573825316,0,0,0,4,3,3,0,1,3,29.147792271205358,0,0,-1,2,3,1,4,2
2021-07-26,413.2527160644531,0.0024517780824684365,0,0,0,4,3,3,0,1,3,29.049170357840403,0,0,-1,3,3,1,4,2
2021-07-27,411.3692932128906,-0.004567974430434774,0,0,0,2,2,3,0,1,3,29.246063232421875,0,0,-1,2,2,1,3,2
2021-07-28,411.2005920410156,-0.00041018076947452187,0,0,0,2,2,3,0,1,3,29.086637224469865,0,0,-1,1,2,1,3,2
2021-07-29,412.9060363769531,0.004138898321437878,0,0,0,2,3,3,0,1,3,29.20721217564174,0,0,-1,1,2,1,3,2
2021-07-30,410.9008483886719,-0.004868111654207752,0,0,0,1,2,2,0,1,3,29.49493190220424,0,0,-1,0,2,1,1,2
2021-08-02,410.0386962890625,-0.0021004041580399146,0,0,0,1,2,2,0,1,3,29.554643903459823,0,0,-1,0,1,1,1,2
2021-08-03,413.37451171875,0.008102453657143904,0,0,0,2,2,3,0,1,3,29.446727207728795,0,0,-1,0,2,1,2,2
2021-08-04,411.3411865234375,-0.004930982445453758,0,0,0,1,2,2,0,1,3,29.403614589146205,0,0,-1,0,2,1,2,3
2021-08-05,413.9461975097656,0.006313000024922744,0,0,0,2,2,3,0,1,3,29.20298113141741,0,0,-1,0,2,1,2,2
2021-08-06,414.63018798828125,0.0016510019977733492,0,0,0,2,2,3,0,1,3,28.489201136997767,0,0,-1,1,2,1,2,2
2021-08-09,414.2928466796875,-0.0008139267775355563,0,0,0,2,2,2,0,1,3,28.571844918387278,0,0,-1,1,2,1,3,2
2021-08-10,414.80816650390625,0.0012430810778942813,0,0,0,2,2,2,0,1,3,28.63625008719308,0,0,-1,1,2,1,2,2
2021-08-11,415.8390197753906,0.0024820497022801646,0,0,0,2,2,3,0,1,3,28.718723842075892,0,0,-1,2,2,1,3,2
2021-08-12,417.08526611328125,0.002992462313789801,0,0,0,2,2,3,0,1,3,28.58113752092634,0,0,-1,2,3,1,2,2
2021-08-13,417.8442687988281,0.0018181244353838721,0,0,0,2,2,3,0,0,3,28.648099626813615,0,0,-1,2,3,0,2,2
2021-08-16,418.828125,0.0023518324781521827,0,0,0,2,3,3,0,0,3,28.466040475027903,0,0,-1,3,3,0,3,1
2021-08-17,416.0826110839844,-0.006576808019445934,0,0,0,1,2,2,0,0,3,28.629466465541295,0,0,-1,2,2,0,2,0
2021-08-18,411.5285949707031,-0.011005317578907103,0,0,0,0,1,1,0,0,3,28.973894391741073,0,0,-1,1,1,0,1,1
2021-08-19,412.1657409667969,0.0015470450514705192,0,0,0,1,1,1,0,0,3,29.085688999720983,0,0,-1,1,1,0,1,1
2021-08-20,415.4454650878906,0.007925802033551754,0,0,0,2,1,2,0,0,3,28.908756801060267,0,0,-1,1,1,0,1,1
2021-08-23,419.0998840332031,0.008757923837991122,0,0,0,3,2,3,0,0,3,28.940117972237722,0,0,-1,1,2,0,2,1
2021-08-24,419.76513671875,0.0015860783524166422,0,0,0,3,2,3,0,0,3,28.83483668736049,0,0,-1,2,2,0,2,1
2021-08-25,420.6459655761719,0.002096186443859338,0,0,0,3,2,3,0,0,3,28.796696254185267,0,0,-1,3,2,0,4,1
2021-08-26,418.162841796875,-0.0059206126855304575,0,0,0,1,2,2,0,0,3,29.042650495256698,0,0,-1,2,2,0,3,1
2021-08-27,421.90155029296875,0.008901063336919535,0,0,0,3,3,3,0,0,3,29.06050763811384,0,0,-1,2,3,0,3,1
2021-08-30,423.7569580078125,0.0043880849629660545,0,0,0,3,3,3,0,0,3,29.11883762904576,0,0,-1,2,3,0,3,1
2021-08-31,423.1291198730469,-0.0014826982428495228,0,0,0,2,3,3,0,0,3,29.27091326032366,0,0,-1,1,3,0,2,1
2021-09-01,423.3540954589844,0.000531553578758448,0,0,0,2,2,3,0,0,3,29.436264038085938,0,0,-1,1,2,0,2,1
2021-09-02,424.6565246582031,0.0030717309250869462,0,0,0,2,3,3,0,0,3,29.477061680385045,0,0,-1,2,3,0,3,1
2021-09-03,424.55340576171875,-0.00024285843416826935,0,0,0,2,2,3,0,0,3,29.64739772251674,0,0,-1,1,2,0,2,1
2021-09-07,423.0354309082031,-0.003581869913288571,0,0,0,1,2,2,0,0,3,29.616483415876115,0,0,-1,0,2,0,1,1
2021-09-08,422.5199890136719,-0.0012191795977694042,0,0,0,1,2,2,0,0,3,29.392098563058035,0,0,-1,0,2,0,1,1
2021-09-09,420.7115783691406,-0.004289245059164948,0,0,0,1,1,2,0,0,3,29.284539358956472,0,0,-1,0,1,0,1,1
2021-09-10,417.39447021484375,-0.007915765506111505,0,0,0,0,1,1,0,0,3,29.82963126046317,0,0,-1,0,1,0,0,2
2021-09-13,418.462646484375,0.00255588384588723,0,0,0,1,1,1,0,0,3,30.189117431640625,0,0,-1,0,1,0,0,1
2021-09-14,416.2044372558594,-0.005411054976141472,0,0,0,0,1,1,0,0,3,30.49273899623326,0,0,-1,0,1,0,0,1
2021-09-15,419.6808166503906,0.008317886747442493,0,0,0,2,1,1,0,0,3,30.539476667131698,0,0,-1,0,1,0,1,2
2021-09-16,419.0155944824219,-0.0015863244402520849,0,0,0,1,1,1,0,0,3,30.40356663295201,0,0,-1,0,1,0,1,1
2021-09-17,414.93389892578125,-0.009788909717237004,0,0,0,0,1,1,0,0,3,30.727061680385045,0,0,-1,0,0,0,1,1
2021-09-20,408.0151672363281,-0.016814879535339777,0,0,0,0,0,0,0,1,3,31.337517874581472,0,0,-1,0,0,1,0,3
2021-09-21,407.6297607421875,-0.00094503505043253,0,0,0,0,0,0,0,0,3,31.265328543526785,0,0,-1,0,0,0,0,2
2021-09-22,411.606201171875,0.009707756600012551,0,0,0,1,0,1,0,1,3,31.063036237444198,0,0,-1,0,0,1,0,3
2021-09-23,416.6072082519531,0.012076761388605028,0,0,0,3,1,1,0,1,3,31.02288600376674,0,0,-1,0,1,1,1,4
2021-09-24,417.2933654785156,0.0016456575352741254,0,0,0,3,1,1,0,1,3,30.887176513671875,0,0,-1,1,1,1,2,3
2021-09-27,416.0996398925781,-0.002864738231837194,0,0,0,2,1,1,0,1,3,30.742590767996653,0,0,-1,1,1,1,4,3
2021-09-28,407.71435546875,-0.020357930485580766,0,0,0,0,0,0,0,2,3,31.174421037946427,0,0,-1,1,0,2,1,4
2021-09-29,408.4006652832031,0.0016818952201207438,0,0,0,0,0,0,0,2,3,31.223057338169642,0,0,-1,1,0,2,1,4
2021-09-30,403.4089660644531,-0.012297863776960405,0,0,0,0,0,0,0,2,3,31.112736293247767,0,0,-1,0,0,2,0,4
2021-10-01,408.2032470703125,0.011814353439207892,0,0,0,1,0,0,0,2,3,30.794121878487722,0,0,-1,0,0,2,0,4
2021-10-04,402.93896484375,-0.012980106474375752,0,0,0,0,0,0,0,2,3,30.820940290178573,0,0,-1,0,0,2,0,4
2021-10-05,407.1315612792969,0.010351281120140499,0,0,0,1,0,0,0,2,3,30.690172467912948,0,0,-1,1,0,2,1,4
2021-10-06,408.8236389160156,0.004147482758484422,0,0,0,2,1,1,0,2,3,30.495311192103795,0,0,-1,1,1,2,2,4
2021-10-07,412.3581848144531,0.008608489919960327,0,0,0,3,1,1,0,3,3,30.206045968191965,0,0,-1,2,1,3,4,4
2021-10-08,411.606201171875,-0.00182528241303892,0,0,0,2,1,1,0,2,3,29.68597194126674,0,0,-1,1,1,2,2,4
2021-10-11,408.626220703125,-0.007266217478494319,0,0,0,1,1,1,0,3,3,29.852654593331472,0,0,-1,1,1,3,3,4
2021-10-12,407.620361328125,-0.0024645980915405374,0,0,0,1,1,0,0,2,3,30.30521501813616,0,0,-1,0,1,2,2,4
2021-10-13,409.0868225097656,0.0035911591979740365,0,0,0,1,1,1,0,2,3,30.23517063685826,0,0,-1,0,1,2,2,4
2021-10-14,415.96795654296875,0.01668081626393647,0,0,0,4,2,1,0,3,3,30.370635986328125,0,0,-1,0,2,3,2,4
2021-10-15,419.1358947753906,0.007586968790756821,0,0,0,4,3,2,0,3,3,30.338612147739955,0,0,-1,1,3,3,3,4
2021-10-18,420.3766784667969,0.002955964292660873,0,0,0,4,3,2,0,2,3,29.59201921735491,0,0,-1,2,3,2,4,3
2021-10-19,423.6199035644531,0.0076854364824656685,0,0,0,4,4,2,0,2,3,29.324445452008927,0,0,-1,3,4,2,4,3
2021-10-20,425.2837219238281,0.003919927869102224,0,0,0,4,4,3,0,2,3,28.87866428920201,0,0,-1,3,4,2,4,3
2021-10-21,426.3929138183594,0.0026047269000892825,0,0,0,4,4,3,0,2,3,28.719403948102677,0,0,-1,3,4,2,4,3
2021-10-22,425.9511413574219,-0.0010366060461448612,0,0,0,3,3,2,0,2,3,28.34710475376674,0,0,-1,2,4,2,3,3
2021-10-25,428.2355041503906,0.005348639552924084,0,0,0,3,4,3,0,2,3,28.319279261997767,0,0,-1,2,4,2,3,3
2021-10-26,428.6208801269531,0.000899511305785694,0,0,0,3,4,3,0,1,3,28.366289411272323,0,0,-1,2,4,1,3,2
2021-10-27,426.7220458984375,-0.004439944003886254,0,0,0,1,3,2,0,1,3,28.537115914481028,0,0,-1,1,4,1,2,2
2021-10-28,430.83935546875,0.009602440596574446,0,0,0,3,4,3,0,1,3,28.440985543387278,0,0,-1,1,4,1,3,2
2021-10-29,431.7136535644531,0.0020272340040987658,0,0,0,3,4,3,0,1,3,28.114024571010045,0,0,-1,2,4,1,3,2
2021-11-01,432.45623779296875,0.0017186074606758694,0,0,0,3,4,3,0,0,3,27.718603951590403,0,0,-1,2,4,0,3,1
2021-11-02,434.20465087890625,0.004034831802798067,0,0,0,3,4,3,0,0,3,27.762215750558035,0,0,-1,2,4,0,3,1
2021-11-03,436.8556213378906,0.006086785790077265,0,0,0,4,4,4,0,0,2,27.55737086704799,0,0,-1,3,4,0,4,1
2021-11-04,438.91436767578125,0.00470157725444853,0,0,0,4,4,4,0,0,2,27.558251517159597,0,0,-1,3,4,0,3,1
2021-11-05,440.4371643066406,0.003463457099238454,0,0,0,4,4,4,0,0,2,27.709845406668528,0,0,-1,3,4,0,4,1
2021-11-08,440.813232421875,0.0008534875886772042,0,0,0,3,4,4,0,0,2,27.848663330078125,0,0,-1,3,4,0,3,0
2021-11-09,439.3561096191406,-0.003311008607793653,0,0,0,2,3,4,0,0,3,28.097505841936385,0,0,-1,2,3,0,3,0
2021-11-10,435.821533203125,-0.008077435850316839,0,0,0,1,2,3,0,0,3,28.62688991001674,0,0,-1,1,2,0,1,1
2021-11-11,435.96258544921875,0.0003235944411148495,0,0,0,1,2,3,0,0,3,28.879645211356028,0,0,-1,1,2,0,1,0
2021-11-12,439.25274658203125,0.007518553460858612,0,0,0,2,3,3,0,0,3,29.001682826450892,0,0,-1,1,3,0,1,0
2021-11-15,439.40313720703125,0.00034231973914433667,0,0,0,2,3,3,0,0,3,29.082565307617188,0,0,-1,1,3,0,1,0
2021-11-16,441.1421813964844,0.003949930602656693,0,0,0,3,3,3,0,0,3,28.789699009486608,0,0,-1,2,3,0,2,0
2021-11-17,440.07061767578125,-0.0024320215275954737,0,0,0,2,2,3,0,0,3,28.910513741629465,0,0,-1,2,2,0,2,0
2021-11-18,441.56524658203125,0.003390584250714035,0,0,0,2,3,3,0,0,3,28.977543422154017,0,0,-1,2,2,0,3,0
2021-11-19,440.77557373046875,-0.001789950196611656,0,0,0,2,2,3,0,0,3,29.129734584263392,0,0,-1,1,2,0,2,0
2021-11-22,439.5348205566406,-0.0028189011591450708,0,0,0,1,2,3,0,0,3,29.399836948939733,0,0,-1,0,2,0,1,0
2021-11-23,440.1175842285156,0.0013249864468320993,0,0,0,1,2,3,0,0,3,29.885343279157365,0,0,-1,0,2,0,1,0
2021-11-24,441.2926940917969,0.0026664326214955736,0,0,0,2,2,3,0,0,3,29.861982073102677,0,0,-1,1,2,0,2,0
2021-11-26,431.45037841796875,-0.0225558546772211,0,0,0,0,0,1,0,1,3,30.58440944126674,0,0,-1,0,0,1,0,2
2021-11-29,436.7427978515625,0.012191952517364157,0,0,0,1,1,2,0,1,3,30.616043090820312,0,0,-1,1,1,1,1,2
2021-11-30,428.244873046875,-0.019649293292419046,0,0,0,0,0,1,0,2,3,31.147559029715403,0,0,-1,1,0,2,0,3
2021-12-01,423.48822021484375,-0.011169466870994071,0,0,0,0,0,0,0,2,3,31.632795061383927,0,0,-1,0,0,2,0,3
2021-12-02,429.9744567871094,0.015200105710460932,0,0,0,1,1,1,0,2,3,31.866947719029017,0,0,-1,0,0,2,0,3
2021-12-03,426.23321533203125,-0.008739153800243926,0,0,0,0,0,1,0,2,3,32.201904296875,0,0,-1,0,0,2,1,3
2021-12-06,431.28118896484375,0.011773637665483783,0,0,0,2,1,1,0,2,3,32.24204363141741,0,0,-1,0,1,2,1,4
2021-12-07,440.20220947265625,0.0204739003592449,0,0,0,4,3,2,0,3,3,32.22068568638393,0,0,-1,1,2,3,4,4
2021-12-08,441.3678283691406,0.0026444174046433844,0,0,0,4,3,2,0,3,3,32.01302882603237,0,0,-1,2,2,3,4,4
2021-12-09,438.3879089355469,-0.006774450461001891,0,0,0,2,2,2,0,3,3,32.297838483537944,0,0,-1,1,1,3,3,4
2021-12-10,442.5146789550781,0.009369481406910296,0,0,0,4,3,2,0,3,3,32.21838596888951,0,0,-1,2,2,3,4,4
2021-12-13,438.5946960449219,-0.008897893687763947,0,0,0,1,2,2,0,3,3,32.282679966517854,0,0,-1,1,1,3,3,4
2021-12-14,435.5771179199219,-0.006903883338489791,0,0,0,1,1,1,0,3,3,32.3941410609654,0,0,-1,0,1,3,1,4
2021-12-15,442.3830871582031,0.015504360075089707,0,0,0,3,2,2,0,3,3,32.205252511160715,0,0,-1,0,2,3,2,4
2021-12-16,438.48193359375,-0.008857609233310804,0,0,0,1,1,2,0,3,3,31.795139857700892,0,0,-1,0,1,3,1,4
2021-12-17,433.8152160644531,-0.010699936494978246,0,0,0,0,1,1,0,3,3,32.42193603515625,0,0,-1,0,1,3,0,4
2021-12-20,429.2023010253906,-0.010690302059764178,0,0,0,0,0,1,0,3,3,32.22354779924665,0,0,-1,0,0,3,0,4
2021-12-21,436.8244323730469,0.017602985848005126,0,0,0,2,1,1,0,3,3,31.263970511300222,0,0,-1,0,1,3,2,4
2021-12-22,441.1921081542969,0.009949042203362346,0,0,0,4,2,2,0,3,3,30.625398908342635,0,0,-1,0,2,3,1,4
2021-12-23,443.9372863769531,0.006202905567413097,0,0,0,4,3,2,0,4,3,30.240478515625,0,0,-1,1,3,4,3,4
2021-12-27,450.2198486328125,0.014052710421582404,0,0,0,4,4,3,0,3,3,30.172901698521205,0,0,-1,2,4,3,4,4
2021-12-28,449.85198974609375,-0.0008173989930906345,0,0,0,4,4,3,0,3,3,30.179273332868302,0,0,-1,2,4,3,4,4
2021-12-29,450.4275207519531,0.0012785608859235964,0,0,0,3,4,3,0,3,3,30.241437639508927,0,0,-1,2,4,3,4,3
2021-12-30,449.1822814941406,-0.0027684003664640855,0,0,0,2,3,3,0,3,3,30.081839425223215,0,0,-1,1,3,3,3,3
2021-12-31,448.0502014160156,-0.0025234946358834165,0,0,0,1,2,2,0,3,3,30.283817836216517,0,0,-1,0,3,3,2,3
2022-01-03,450.6444091796875,0.005773295930993072,0,0,0,2,3,3,0,3,3,29.84883771623884,0,0,-1,0,3,3,2,3
2022-01-04,450.4935302734375,-0.0003348630682475928,0,0,0,2,3,3,0,3,3,29.304094587053573,0,0,-1,0,3,3,2,3
2022-01-05,441.8430480957031,-0.01938899152148288,0,0,0,0,1,1,0,3,3,30.23081534249442,0,0,-1,0,1,3,0,3
2022-01-06,441.4279479980469,-0.0009399156771836559,0,0,0,0,1,1,0,3,3,30.528959001813615,0,0,-1,0,1,3,0,3
2022-01-07,439.68280029296875,-0.003961250025510843,0,0,0,0,1,1,0,3,3,29.96341814313616,0,0,-1,0,1,3,0,3
2022-01-10,439.1357116699219,-0.001245055005718143,0,0,0,0,1,1,0,2,3,29.572461809430802,0,0,-1,0,1,2,0,3
2022-01-11,443.1353759765625,0.00906680897207135,0,0,0,2,1,1,0,2,3,29.272931780133927,0,0,-1,0,1,2,0,3
2022-01-12,444.3334655761719,0.002700016657168014,0,0,0,2,1,1,0,2,3,29.276436941964285,0,0,-1,0,1,2,2,2
2022-01-13,438.211181640625,-0.013874385087326857,0,0,0,0,1,1,0,2,3,29.815074375697545,0,0,-1,0,1,2,1,2
2022-01-14,438.3904113769531,0.00040891949148402773,0,0,0,1,1,1,0,2,3,30.273422241210938,0,0,-1,1,1,2,1,2
2022-01-18,430.6266784667969,-0.01786832402927807,0,0,0,0,0,0,0,2,3,30.77380153111049,0,0,-1,1,0,2,0,3
2022-01-19,426.1552734375,-0.01043776801037577,0,0,0,0,0,0,0,2,3,31.161104474748885,0,0,-1,0,0,2,0,3
2022-01-20,421.4385681152344,-0.011129750547109296,0,0,0,0,0,0,0,2,3,31.78922598702567,0,0,-1,0,0,2,0,2
2022-01-21,413.16546630859375,-0.019825863409245414,0,0,0,0,0,0,0,2,4,32.833849225725444,0,0,-1,0,0,2,0,2
2022-01-24,414.9200439453125,0.0042376789370219825,0,0,0,0,0,0,0,2,4,33.32844761439732,0,0,-1,0,0,2,0,2
2022-01-25,409.8542785644531,-0.012284158089450159,0,0,0,0,0,0,0,2,4,33.554822649274556,0,0,-1,0,0,2,0,2
2022-01-26,408.8260498046875,-0.0025119189133704367,0,0,0,0,0,0,0,2,4,33.03746468680246,0,0,-1,0,0,2,0,2
2022-01-27,406.8072814941406,-0.004950196014487318,0,0,0,0,0,0,0,2,4,33.0860835484096,0,0,-1,0,0,2,0,2
2022-01-28,416.9105224609375,0.024532060881149675,0,0,0,4,0,0,0,3,3,32.62481689453125,0,0,-1,0,0,3,2,3
2022-01-31,424.4194641113281,0.01785064400420211,0,0,0,4,1,0,0,3,3,32.11304364885603,0,0,-1,0,0,3,4,3
2022-02-01,427.28729248046875,0.006734334758374594,0,0,0,4,1,1,0,3,3,32.11864580426897,0,0,-1,1,1,3,4,3
2022-02-02,431.43804931640625,0.0096673265836138,0,0,0,4,2,1,0,3,3,32.11565072195871,0,0,-1,2,2,3,4,4
2022-02-03,421.29705810546875,-0.023785743622895872,0,0,0,1,0,0,0,3,3,32.24665832519531,0,0,-1,2,0,3,4,4
2022-02-04,423.2780456542969,0.00469109537533452,0,0,0,1,1,0,0,3,3,31.90396990094866,0,0,-1,2,1,3,3,4
2022-02-07,421.91961669921875,-0.003214467302216306,0,0,0,1,1,0,0,3,3,31.646617344447545,0,0,-1,1,1,3,1,4
2022-02-08,425.39111328125,0.00819419814621547,0,0,0,2,1,0,0,3,3,31.06048583984375,0,0,-1,1,1,3,1,4
2022-02-09,431.61724853515625,0.014530184471085228,0,0,0,4,2,1,0,3,3,30.449591500418528,0,0,-1,1,3,3,2,4
2022-02-10,423.8628845214844,-0.018129179384930083,0,0,0,1,1,0,0,4,3,29.62406267438616,0,0,-1,1,1,4,2,4
2022-02-11,415.5048828125,-0.019915651487901087,0,0,0,0,0,0,0,4,3,30.271573747907365,0,0,-1,0,0,4,0,4
2022-02-14,414.1464538574219,-0.0032747013329048613,0,0,0,0,0,0,0,4,3,30.76713126046317,0,0,-1,0,0,4,0,4
2022-02-15,420.8254089355469,0.015998377503737338,0,0,0,2,1,0,0,4,3,30.634244646344865,0,0,-1,0,1,4,1,4
2022-02-16,421.29705810546875,0.0011201440115797823,0,0,0,2,1,0,0,4,3,29.759259905133927,0,0,-1,0,1,4,0,4
2022-02-17,412.2975158691406,-0.021592971425431706,0,0,0,0,0,0,0,4,3,30.5509033203125,0,0,-1,0,0,4,0,4
2022-02-18,409.62786865234375,-0.006496104525250068,0,0,0,0,0,0,0,4,3,31.553950718470983,0,0,-1,0,0,4,0,4
2022-02-22,405.2319030761719,-0.01078960669107154,0,0,0,0,0,0,0,4,4,32.29933602469308,0,0,-1,0,0,4,0,4
2022-02-23,398.0436706542969,-0.017897778894524485,0,0,0,0,0,0,0,4,4,33.134595598493306,0,0,-1,0,0,4,0,4
2022-02-24,404.0338439941406,0.01493692218802245,0,0,0,0,0,0,0,4,4,32.59196908133371,0,0,-1,0,0,4,0,4
2022-02-25,412.9483947753906,0.021823986320940847,0,0,0,4,1,0,0,4,3,32.172982352120535,0,0,-1,0,0,4,2,4
2022-02-28,411.89190673828125,-0.002561680395365862,0,0,0,3,1,0,0,4,3,31.82210431780134,0,0,-1,0,0,4,2,3
2022-03-01,405.6187438964844,-0.015347288669026682,0,0,0,0,0,0,0,4,4,32.32084655761719,0,0,-1,0,0,4,2,3
2022-03-02,413.0804443359375,0.018228690496427724,0,0,0,3,1,0,0,4,3,32.058872767857146,0,0,-1,1,1,4,4,4
2022-03-03,411.02398681640625,-0.0049907795912442765,0,0,0,2,1,0,0,4,3,31.67879377092634,0,0,-1,0,1,4,3,3
2022-03-04,407.6845703125,-0.008157811457119024,0,0,0,1,0,0,0,4,3,31.051672799246653,0,0,-1,0,0,4,1,3
2022-03-07,395.66644287109375,-0.029922223094779987,0,0,0,0,0,0,0,4,3,31.068817138671875,0,0,-1,0,0,4,0,4
2022-03-08,392.66656494140625,-0.007610723844178935,0,0,0,0,0,0,0,4,4,31.825951712472097,0,0,-1,0,0,4,0,4
2022-03-09,403.19427490234375,0.02645770102459455,0,0,0,2,0,0,0,4,4,32.19527326311384,0,0,-1,0,0,4,0,4
2022-03-10,401.37359619140625,-0.004525862600676334,0,0,0,1,0,0,0,4,4,31.65055411202567,0,0,-1,0,0,4,0,4
2022-03-11,396.2701721191406,-0.012796423452761552,0,0,0,0,0,0,0,4,3,31.166102818080358,0,0,-1,0,0,4,0,4
2022-03-14,393.3740234375,-0.0073353585934654575,0,0,0,0,0,0,0,4,4,31.306664603097097,0,0,-1,0,0,4,1,3
2022-03-15,402.0245361328125,0.02175224905419526,0,0,0,3,1,0,0,4,3,30.420211791992188,0,0,-1,0,1,4,4,4
2022-03-16,410.9391174316406,0.021931948841005244,0,0,0,4,2,0,0,4,3,29.959446498325892,0,0,-1,0,2,4,3,4
2022-03-17,416.080322265625,0.01243325323876121,0,0,0,4,3,1,0,4,3,29.846928187779017,0,0,-1,1,4,4,4,4
2022-03-18,420.6376037597656,0.010893340319490186,0,0,0,4,4,1,0,4,3,29.503470284598215,0,0,-1,2,4,4,4,4
2022-03-21,420.51458740234375,-0.00029249488877614027,0,0,0,4,4,1,0,4,3,28.915193830217635,0,0,-1,2,4,4,4,4
2022-03-22,425.43524169921875,0.011633573586173007,0,0,0,4,4,2,0,4,3,28.871917724609375,0,0,-1,2,4,4,4,4
2022-03-23,419.9562683105469,-0.012962160223357166,0,0,0,2,3,1,0,4,3,29.009610857282365,0,0,-1,1,4,4,4,3
2022-03-24,426.286865234375,0.014961929425143516,0,0,0,4,4,2,0,4,3,28.39377702985491,0,0,-1,1,4,4,4,3
2022-03-25,428.3686828613281,0.004871721125582873,0,0,0,4,4,2,0,4,2,27.282318115234375,0,0,-1,1,4,4,3,3
2022-03-28,431.4156799316406,0.0070878465771127,0,0,0,4,4,3,0,4,2,26.000738961356028,0,0,-1,2,4,4,4,3
2022-03-29,436.7525939941406,0.012294808393633616,0,0,0,4,4,4,0,4,2,25.687229701450892,0,0,-1,2,4,4,4,3
2022-03-30,434.0557861328125,-0.006193822991213516,0,0,0,3,4,3,0,4,2,25.678501674107142,0,0,-1,2,4,4,4,3
2022-03-31,427.37506103515625,-0.015511074542896353,0,0,0,0,3,2,0,4,2,25.940296718052455,0,0,-1,1,4,4,2,3
2022-04-01,428.5863037109375,0.002830135877941231,0,0,0,1,3,2,0,4,2,25.567278180803573,0,0,-1,1,4,4,2,3
2022-04-04,432.2578125,0.008530071779822457,0,0,0,3,4,3,0,3,2,25.46925789969308,0,0,-1,1,4,3,2,2
2022-04-05,426.7978210449219,-0.012711784347251509,0,0,0,0,2,2,0,3,2,25.993310110909597,0,0,-1,0,3,3,0,2
2022-04-06,422.5301208496094,-0.010049677876177832,0,0,0,0,1,1,0,3,3,26.925380161830358,0,0,-1,0,2,3,0,2
2022-04-07,424.65924072265625,0.005026324578922825,0,0,0,1,1,1,0,3,3,27.14902823311942,0,0,-1,1,2,3,1,2
2022-04-08,423.52374267578125,-0.002677485277247982,0,0,0,1,1,1,0,3,3,27.350518362862722,0,0,-1,0,1,3,1,2
2022-04-11,416.2847595214844,-0.017240031343343176,0,0,0,0,0,0,0,3,3,27.993364606584823,0,0,-1,0,0,3,0,2
2022-04-12,414.7423095703125,-0.003712157593409593,0,0,0,0,0,0,0,3,3,27.967219761439733,0,0,-1,0,0,3,0,1
2022-04-13,419.4925842285156,0.011388461534702188,0,0,0,1,1,1,0,3,3,28.071053641183035,0,0,-1,0,0,3,1,1
2022-04-14,414.2691955566406,-0.012529854777397986,0,0,0,0,0,0,0,3,3,28.620886666434153,0,0,-1,0,0,3,0,1
2022-04-18,414.43951416015625,0.00041104577257655706,0,0,0,0,0,0,0,3,3,29.235113961356028,0,0,-1,0,0,3,0,1
2022-04-19,421.12969970703125,0.016013822447928483,0,0,0,3,1,1,0,3,3,29.054840087890625,0,0,-1,1,1,3,3,1
2022-04-20,420.8173828125,-0.0007418920151627262,0,0,0,2,1,1,0,3,3,28.83829607282366,0,0,-1,1,1,3,3,1
2022-04-21,414.5246276855469,-0.015066581319594263,0,0,0,0,0,0,0,3,3,28.78261239188058,0,0,-1,0,0,3,1,1
2022-04-22,403.1504211425781,-0.027822642455206825,0,0,0,0,0,0,0,3,3,29.974461146763392,0,0,-1,0,0,3,0,2
2022-04-25,405.48773193359375,0.005780873166155054,0,0,0,0,0,0,0,3,3,30.611500331333705,0,0,-1,0,0,3,0,1
2022-04-26,393.7444763183594,-0.029388457282939484,0,0,0,0,0,0,0,3,3,30.956739153180802,0,0,-1,0,0,3,0,2
2022-04-27,394.85162353515625,0.0028078960685231635,0,0,0,0,0,0,0,3,3,30.663061959402903,0,0,-1,0,0,3,0,1
2022-04-28,404.8253479003906,0.02494567663159586,0,0,0,3,0,0,0,4,3,30.5543212890625,0,0,-1,1,0,4,0,2
2022-04-29,389.8647766113281,-0.03765578198122643,0,0,0,0,0,0,0,4,4,31.454962594168528,0,0,-1,1,0,4,0,3
2022-05-02,392.2115783691406,0.00600148255791666,0,0,0,0,0,0,0,4,4,31.40590340750558,0,0,-1,1,0,4,0,4
2022-05-03,394.00946044921875,0.004573485381663467,0,0,0,1,0,0,0,4,3,30.809679303850448,0,0,-1,2,0,4,2,3
2022-05-04,406.0081787109375,0.029998383704877618,0,0,0,4,1,0,0,4,3,30.34133039202009,0,0,-1,2,1,4,4,4
2022-05-05,391.5775451660156,-0.03618973624591604,0,0,0,0,0,0,0,4,4,30.930021013532365,0,0,-1,1,0,4,0,4
2022-05-06,389.2402038574219,-0.005986924075435773,0,0,0,0,0,0,0,4,4,31.320685250418528,0,0,-1,1,0,4,1,4
2022-05-09,376.77783203125,-0.03254093490281029,0,0,0,0,0,0,0,4,4,32.37651933942522,0,0,-1,0,0,4,0,4
2022-05-10,377.6483459472656,0.0023077521108518795,0,0,0,0,0,0,0,4,4,32.64645167759487,0,0,-1,0,0,4,0,4
2022-05-11,371.64898681640625,-0.016013635902691448,0,0,0,0,0,0,0,4,4,32.74542454310826,0,0,-1,0,0,4,0,4
2022-05-12,371.26104736328125,-0.0010443781091566962,0,0,0,0,0,0,0,4,4,31.73966544015067,0,0,-1,0,0,4,0,4
2022-05-13,380.1370544433594,0.023626410400851228,0,0,0,3,0,0,0,4,4,31.15085710797991,0,0,-1,0,0,4,0,4
2022-05-16,378.5946960449219,-0.004065627995541554,0,0,0,1,0,0,0,4,4,30.410840715680802,0,0,-1,0,0,4,2,4
2022-05-17,386.3825378417969,0.020361680109282077,0,0,0,4,0,0,0,4,3,29.896333966936385,0,0,-1,0,0,4,4,4
2022-05-18,370.8067626953125,-0.04114683774974193,0,0,0,0,0,0,0,4,4,30.968824114118302,0,0,-1,0,0,4,1,4
2022-05-19,368.5357360839844,-0.006143387557661306,0,0,0,0,0,0,0,4,4,30.646610804966517,0,0,-1,0,0,4,1,4
2022-05-20,368.6966857910156,0.00043663220664846847,0,0,0,0,0,0,0,4,4,30.059818812779017,0,0,-1,0,0,4,0,4
2022-05-23,375.5949401855469,0.01853695966335067,0,0,0,3,0,0,0,4,4,30.043587820870535,0,0,-1,1,0,4,1,4
2022-05-24,372.72772216796875,-0.007663090249059756,0,0,0,1,0,0,0,4,4,30.422284807477677,0,0,-1,0,0,4,0,4
2022-05-25,376.0207824707031,0.008796228681063667,0,0,0,3,0,0,0,4,3,29.070844377790177,0,0,-1,1,0,4,3,4
2022-05-26,383.5341796875,0.019784328096804416,0,0,0,4,1,0,0,4,3,28.118661063058035,0,0,-1,2,2,4,4,4
2022-05-27,392.9496765136719,0.02425281159887227,0,0,0,4,4,1,0,4,3,27.128923688616073,0,0,-1,2,4,4,4,3
2022-05-31,390.74481201171875,-0.005626861874580946,0,0,0,4,3,0,0,4,3,26.834176199776785,0,0,-1,1,4,4,4,3
2022-06-01,387.5842590332031,-0.008121424389562648,0,0,0,2,2,0,0,4,3,26.437371390206472,0,0,-1,1,3,4,4,3
2022-06-02,394.9652404785156,0.018864494417882405,0,0,0,4,4,1,0,4,3,25.61564200265067,0,0,-1,1,4,4,4,3
2022-06-03,388.4831848144531,-0.016547875700275938,0,0,0,1,2,0,0,4,3,25.944776262555802,0,0,-1,0,3,4,3,3
2022-06-06,389.66607666015625,0.0030402721313542713,0,0,0,2,2,0,0,4,3,25.929678780691965,0,0,-1,0,4,4,1,3
2022-06-07,393.4038391113281,0.009546506034336488,0,0,0,3,3,1,0,4,3,25.87402561732701,0,0,-1,1,4,4,2,2
2022-06-08,389.1267395019531,-0.010931565663112153,0,0,0,1,1,0,0,4,3,25.111883980887278,0,0,-1,1,3,4,2,2
2022-06-09,379.87213134765625,-0.024070399403375298,0,0,0,0,0,0,0,4,3,25.160714285714285,0,0,-1,0,1,4,0,2
2022-06-10,368.8574523925781,-0.02942443811395723,0,0,0,0,0,0,0,4,3,26.4063720703125,0,0,-1,0,0,4,0,3
2022-06-13,354.8526306152344,-0.03870768326545804,0,0,0,0,0,0,0,4,3,27.78094700404576,0,0,-1,0,0,4,0,3
2022-06-14,353.78338623046875,-0.003017755718868642,0,0,0,0,0,0,0,4,4,27.99697004045759,0,0,-1,0,0,4,0,3
2022-06-15,358.8269958496094,0.014155544082187,0,0,0,0,0,0,0,4,3,27.99344961983817,0,0,-1,0,0,4,0,3
2022-06-16,346.95123291015625,-0.033656135716422675,0,0,0,0,0,0,0,4,4,29.03055899483817,0,0,-1,0,0,4,0,3
2022-06-17,347.69921875,0.002153561196540643,0,0,0,0,0,0,0,4,4,28.964484078543528,0,0,-1,0,0,4,0,3
2022-06-21,356.4520263671875,0.02486187030111786,0,0,0,2,0,0,0,4,4,28.927025931222097,0,0,-1,1,0,4,2,3
2022-06-22,355.8057556152344,-0.001814710756853799,0,0,0,2,0,0,0,4,4,28.344776698521205,0,0,-1,1,0,4,2,3
2022-06-23,359.2936096191406,0.00975495667277837,0,0,0,3,0,0,0,4,3,28.212751116071427,0,0,-1,1,0,4,2,3
2022-06-24,370.7169189453125,0.03129884132720129,0,0,0,4,2,0,0,4,3,27.72129167829241,0,0,-1,2,1,4,4,3
2022-06-27,369.3009338378906,-0.003826899121967209,0,0,0,4,1,0,0,4,3,27.46522957938058,0,0,-1,1,1,4,4,3
2022-06-28,361.7550354003906,-0.0206445655519234,0,0,0,1,0,0,0,4,3,27.922286987304688,0,0,-1,0,0,4,3,3
2022-06-29,361.46044921875,-0.0008146567771207813,0,0,0,1,0,0,0,4,3,28.251307896205358,0,0,-1,0,0,4,3,3
2022-06-30,358.5237731933594,-0.008157657403099705,0,0,0,0,0,0,0,4,3,27.3797607421875,0,0,-1,0,0,4,1,3
2022-07-01,362.3157653808594,0.010521140874945267,0,0,0,2,0,0,0,4,3,25.627025059291295,0,0,-1,0,1,4,0,3
2022-07-05,363.0000305175781,0.0018868066670743033,0,0,0,2,1,0,0,4,3,24.039354596819198,0,0,-1,0,1,4,0,3
2022-07-06,364.2259826660156,0.003371588165313355,0,0,0,2,1,0,0,4,3,23.305598667689733,0,0,-1,1,1,4,2,3
2022-07-07,369.6810302734375,0.014866046990578141,0,0,0,4,2,0,0,4,2,23.300670078822545,0,0,-1,2,3,4,4,3
2022-07-08,369.3770446777344,-0.000822629839650979,0,0,0,3,2,0,0,4,2,22.12239728655134,0,0,-1,2,3,4,4,3
2022-07-11,365.1573181152344,-0.011489654391684923,0,0,0,1,1,0,0,4,2,22.28253391810826,0,0,-1,1,2,4,2,3
2022-07-12,361.9261169433594,-0.008888175106230634,0,0,0,0,0,0,0,4,2,22.342041015625,0,0,-1,0,1,4,1,2
2022-07-13,360.0254211425781,-0.005265450911589475,0,0,0,0,0,0,0,4,2,22.72849382672991,0,0,-1,0,1,4,1,2
2022-07-14,359.15106201171875,-0.002431557711186194,0,0,0,0,0,0,0,4,3,22.967248099190847,0,0,-1,0,1,4,0,1
2022-07-15,366.0126953125,0.018924933915090314,0,0,0,3,1,0,0,4,2,22.918145315987722,0,0,-1,0,2,4,1,2
2022-07-18,362.99053955078125,-0.00829124736429332,0,0,0,1,1,0,0,3,2,23.02317374093192,0,0,-1,0,1,3,1,1
2022-07-19,372.79827880859375,0.02666069378931102,0,0,0,4,3,1,0,4,2,22.508496965680802,0,0,-1,0,4,4,4,1
2022-07-20,375.1741027832031,0.00635272644602658,0,0,0,4,4,1,0,3,2,21.5465087890625,0,0,-1,1,4,3,4,1
2022-07-21,378.9945373535156,0.010131599346180131,0,0,0,4,4,1,0,3,2,21.08359854561942,0,0,-1,2,4,3,4,0
2022-07-22,375.478271484375,-0.009321187687613808,0,0,0,3,3,1,0,4,2,21.441990443638392,0,0,-1,1,3,4,4,1
2022-07-25,375.9344482421875,0.0012141844338762198,0,0,0,3,3,1,0,3,2,21.838102068219865,0,0,-1,2,4,3,4,0
2022-07-26,371.4867858886719,-0.011901494497565501,0,0,0,1,2,1,0,3,2,22.35447256905692,0,0,-1,1,2,3,1,0
2022-07-27,381.1329345703125,0.02563492999325323,0,0,0,4,4,2,0,3,2,22.605843680245535,0,0,-1,1,4,3,3,0
2022-07-28,385.9131774902344,0.012464191477493891,0,0,0,4,4,3,0,3,2,22.360423496791295,0,0,-1,1,4,3,3,0
2022-07-29,391.5394592285156,0.014473884824805161,0,0,0,4,4,4,0,3,2,22.030003138950892,0,0,-1,2,4,3,4,0
2022-08-01,390.3798828125,-0.002965976677475446,0,0,0,4,4,3,0,3,2,21.866162981305802,0,0,-1,1,4,3,4,0
2022-08-02,387.804443359375,-0.006619122923947174,0,0,0,2,4,3,0,3,2,21.828375680106028,0,0,-1,1,4,3,4,0
2022-08-03,393.87725830078125,0.015538133001674836,0,0,0,4,4,4,0,3,2,21.787418910435267,0,0,-1,1,4,3,4,1
2022-08-04,393.6111755371094,-0.0006757756999693498,0,0,0,4,4,4,0,3,2,21.835981096540177,0,0,-1,0,4,3,4,1
2022-08-05,392.9458923339844,-0.001691634056695257,0,0,0,2,4,3,0,3,2,21.827741350446427,0,0,-1,0,4,3,2,1
2022-08-08,392.48974609375,-0.0011615115719196822,0,0,0,2,4,3,0,3,2,21.774939400809153,0,0,-1,0,4,3,2,0
2022-08-09,390.9311828613281,-0.003978870696457193,0,0,0,1,3,3,0,3,2,22.379017421177455,0,0,-1,0,4,3,2,0
2022-08-10,399.1422119140625,0.020786232641411218,0,0,0,4,4,4,0,3,2,22.987827845982142,0,0,-1,0,4,3,3,0
2022-08-11,399.1422119140625,0.0,0,0,0,4,4,4,0,3,2,22.818976266043528,0,0,-1,0,4,3,3,0
2022-08-12,405.89935302734375,0.016787455697943265,0,0,0,4,4,4,0,3,2,22.650565011160715,0,0,-1,0,4,3,4,0
2022-08-15,407.57196044921875,0.004112277227870109,0,0,0,4,4,4,0,3,2,22.268766130719865,0,0,-1,1,4,3,4,0
2022-08-16,408.37030029296875,0.001956854392558327,0,0,0,4,4,4,0,3,2,22.159944806780135,0,0,-1,2,4,3,4,0
2022-08-17,405.4716491699219,-0.007123406165312041,0,0,0,2,4,4,0,3,2,22.820037841796875,0,0,-1,1,4,3,3,0
2022-08-18,406.6501159667969,0.0029021944112841425,0,0,0,2,4,4,0,3,2,22.96240016392299,0,0,-1,2,4,3,3,0
2022-08-19,401.185546875,-0.01352911908806309,0,0,0,0,3,3,0,3,2,23.303423200334823,0,0,-1,1,3,3,1,0
2022-08-22,392.83184814453125,-0.021042377709327376,0,0,0,0,1,2,0,3,2,23.79075186593192,0,0,-1,0,1,3,0,1
2022-08-23,391.8814697265625,-0.0024222320712414813,0,0,0,0,1,1,0,3,2,24.015965053013392,0,0,-1,0,1,3,0,1
2022-08-24,393.135986328125,0.0031961522889236704,0,0,0,0,1,2,0,3,2,24.031337193080358,0,0,-1,0,1,3,0,0
2022-08-25,398.68603515625,0.014018654621266613,0,0,0,3,2,3,0,3,2,23.94633047921317,0,0,-1,0,1,3,0,0
2022-08-26,385.1909484863281,-0.03443504640047923,0,0,0,0,0,1,0,3,3,24.854101998465403,0,0,-1,0,0,3,0,1
2022-08-29,382.64398193359375,-0.006634175636716755,0,0,0,0,0,0,0,3,3,25.613187517438615,0,0,-1,0,0,3,0,1
2022-08-30,378.4433898925781,-0.011038508453725449,0,0,0,0,0,0,0,3,3,25.72802952357701,0,0,-1,0,0,3,0,1
2022-08-31,375.5638427734375,-0.007638019885246372,0,0,0,0,0,0,0,3,3,26.266483851841517,0,0,-1,0,0,3,0,1
2022-09-01,376.7422180175781,0.0031327042788857895,0,0,0,0,0,0,0,3,3,26.452911376953125,0,0,-1,0,0,3,0,1
2022-09-02,372.7697448730469,-0.010600258671084717,0,0,0,0,0,0,0,3,3,26.765213012695312,0,0,-1,0,0,3,0,1
2022-09-06,371.36322021484375,-0.0037803091630426167,0,0,0,0,0,0,0,3,3,27.41928972516741,0,0,-1,0,0,3,0,1
2022-09-07,378.0347595214844,0.01780553389925199,0,0,0,2,0,0,0,4,3,26.889177594866073,0,0,-1,0,0,4,1,1
2022-09-08,380.50567626953125,0.006514947315104713,0,0,0,3,0,0,0,3,3,26.548780168805802,0,0,-1,1,0,3,3,1
2022-09-09,386.4169616699219,0.015415902923159308,0,0,0,4,1,1,0,3,3,26.158057076590403,0,0,-1,1,1,3,4,1
2022-09-12,390.5699768066406,0.010690153157803195,0,0,0,4,3,2,0,3,3,25.41626194545201,0,0,-1,2,1,3,4,1
2022-09-13,373.58709716796875,-0.04445598192395295,0,0,0,0,0,0,0,4,3,26.330145699637278,0,0,-1,2,0,4,2,2
2022-09-14,375.0126037597656,0.0038084661616553106,0,0,0,0,0,0,0,4,3,26.744672502790177,0,0,-1,2,0,4,1,2
2022-09-15,370.7549743652344,-0.01141823746991033,0,0,0,0,0,0,0,4,3,27.065460205078125,0,0,-1,1,0,4,0,2
2022-09-16,367.9264831542969,-0.007658253787483638,0,0,0,0,0,0,0,4,3,26.612921578543528,0,0,-1,0,0,4,0,2
2022-09-19,370.7797546386719,0.007725088886306075,0,0,0,1,0,0,0,4,3,25.05250985281808,0,0,-1,0,0,4,0,2
2022-09-20,366.5237121582031,-0.011545014895701478,0,0,0,0,0,0,0,4,3,24.668914794921875,0,0,-1,0,0,4,0,2
2022-09-21,360.130126953125,-0.017597788268198578,0,0,0,0,0,0,0,4,3,24.487036568777903,0,0,-1,0,0,4,0,3
2022-09-22,357.10516357421875,-0.008435115657683845,0,0,0,0,0,0,0,4,3,25.037540980747767,0,0,-1,0,0,4,0,3
2022-09-23,351.1219177246094,-0.016896807138116365,0,0,0,0,0,0,0,4,3,25.26381356375558,0,0,-1,0,0,4,0,2
2022-09-26,347.64837646484375,-0.009941950594304139,0,0,0,0,0,0,0,4,3,24.747730800083705,0,0,-1,0,0,4,0,2
2022-09-27,346.76092529296875,-0.002555990113540574,0,0,0,0,0,0,0,4,3,25.077178955078125,0,0,-1,0,0,4,0,2
2022-09-28,353.58392333984375,0.019485297669176838,0,0,0,2,0,0,0,4,3,24.986589704241073,0,0,-1,0,0,4,0,2
2022-09-29,346.1978759765625,-0.02111035658835725,0,0,0,0,0,0,0,4,3,25.282860892159597,0,0,-1,0,0,4,0,2
2022-09-30,340.844482421875,-0.015584197497497065,0,0,0,0,0,0,0,4,3,25.584466116768972,0,0,-1,0,0,4,0,3
2022-10-03,349.84320068359375,0.026058746079331563,0,0,0,3,0,0,0,4,3,24.17179434640067,0,0,-1,0,0,4,2,3
2022-10-04,360.6836242675781,0.030516130955229315,0,0,0,4,1,0,0,4,3,23.360323224748885,0,0,-1,1,1,4,4,4
2022-10-05,359.8439025878906,-0.0023308535165211808,0,0,0,4,1,0,0,4,2,22.839684622628347,0,0,-1,0,1,4,3,4
2022-10-06,356.1318359375,-0.01036934552869706,0,0,0,2,0,0,0,4,2,22.503587995256698,0,0,-1,0,0,4,4,4
2022-10-07,346.1978759765625,-0.02829048049184557,0,0,0,0,0,0,0,4,3,23.72157941545759,0,0,-1,0,0,4,3,4
2022-10-10,343.5545654296875,-0.007664557103032266,0,0,0,0,0,0,0,4,3,24.272234235491073,0,0,-1,0,0,4,0,4
2022-10-11,341.37884521484375,-0.006353106737233993,0,0,0,0,0,0,0,4,3,24.04661124093192,0,0,-1,0,0,4,0,3
2022-10-12,340.2528076171875,-0.0033039505055301177,0,0,0,0,0,0,0,4,3,23.37320818219866,0,0,-1,0,0,4,0,2
2022-10-13,349.23248291015625,0.026048947445436177,0,0,0,4,0,0,0,4,2,22.18816920689174,0,0,-1,0,1,4,0,3
2022-10-14,341.27386474609375,-0.023052563197376585,0,0,0,0,0,0,0,4,3,22.421349661690847,0,0,-1,0,0,4,0,3
2022-10-17,350.0436096191406,0.025372468257581993,0,0,0,4,1,0,0,4,2,22.190444946289062,0,0,-1,0,1,4,3,4
2022-10-18,354.15643310546875,0.01168097131844803,0,0,0,4,1,0,0,4,2,22.23760986328125,0,0,-1,1,2,4,4,4
2022-10-19,351.646728515625,-0.007111657481281952,0,0,0,3,1,0,0,4,2,22.073407854352677,0,0,-1,1,2,4,4,4
2022-10-20,348.6980895996094,-0.0084205844400973,0,0,0,1,0,0,0,4,2,21.851008823939733,0,0,-1,0,1,4,1,4
2022-10-21,357.17193603515625,0.024010804354299253,0,0,0,4,2,0,0,4,2,21.646192278180802,0,0,-1,1,3,4,4,4
2022-10-24,361.54248046875,0.012162266980038972,0,0,0,4,4,1,0,4,2,21.589852469308035,0,0,-1,1,4,4,4,4
2022-10-25,367.3157958984375,0.015842410976769195,0,0,0,4,4,1,0,4,2,21.516383579799108,0,0,-1,1,4,4,4,4
2022-10-26,364.54840087890625,-0.007562627660733234,0,0,0,4,4,1,0,4,2,21.328772408621653,0,0,-1,1,4,4,4,4
2022-10-27,362.6017761230469,-0.005354133073748102,0,0,0,2,3,1,0,4,2,20.789921351841517,0,0,-1,1,4,4,4,4
2022-10-28,371.2282409667969,0.023511881601470996,0,0,0,4,4,2,0,4,2,19.885833740234375,0,0,-1,1,4,4,4,4
2022-10-31,368.5467529296875,-0.007249501005238024,0,0,0,3,4,1,0,4,2,19.753125871930802,0,0,-1,0,4,4,3,3
2022-11-01,366.93408203125,-0.004385358275193596,0,0,0,2,3,1,0,4,2,19.65946306501116,0,0,-1,0,4,4,1,3
2022-11-02,357.7253723144531,-0.025416643352038193,0,0,0,0,1,0,0,4,2,21.236400059291295,0,0,-1,0,2,4,0,3
2022-11-03,354.0420227050781,-0.010349961281270303,0,0,0,0,0,0,0,4,2,21.832959856305802,0,0,-1,0,1,4,0,3
2022-11-04,359.1377868652344,0.014290507982113176,0,0,0,1,1,0,0,4,2,21.52878679547991,0,0,-1,0,2,4,0,3
2022-11-07,362.5731506347656,0.009520126514284577,0,0,0,3,2,1,0,4,2,21.451346261160715,0,0,-1,0,3,4,0,3
2022-11-08,364.529296875,0.0053806749417502076,0,0,0,3,2,1,0,4,2,20.896876743861608,0,0,-1,1,3,4,1,3
2022-11-09,357.019287109375,-0.020817117896349657,0,0,0,0,1,0,0,4,2,21.250361851283483,0,0,-1,1,1,4,1,3
2022-11-10,376.6390075683594,0.053497383270711296,0,0,0,4,4,3,0,4,2,22.187694004603795,0,0,-1,2,4,4,4,4
2022-11-11,380.2842712402344,0.00963186614989553,0,0,0,4,4,4,0,4,2,22.261474609375,0,0,-1,2,4,4,4,4
2022-11-14,377.0492858886719,-0.00854314455398164,0,0,0,4,4,3,0,4,2,22.630987984793528,0,0,-1,1,4,4,4,3
2022-11-15,380.26519775390625,0.008492987431769627,0,0,0,4,4,4,0,4,2,22.57478768484933,0,0,-1,1,4,4,4,3
2022-11-16,377.3641662597656,-0.007658218676039219,0,0,0,2,4,3,0,4,2,22.572474888392858,0,0,-1,1,4,4,4,3
2022-11-17,376.20953369140625,-0.003064420831024428,0,0,0,1,4,2,0,4,2,22.89334978376116,0,0,-1,0,3,4,1,3
2022-11-18,377.917724609375,0.0045302535364495355,0,0,0,2,4,3,0,4,2,22.611853463309153,0,0,-1,0,4,4,1,3
2022-11-21,376.5435485839844,-0.003642804723914317,0,0,0,1,3,2,0,4,2,22.597606113978795,0,0,-1,0,3,4,1,3
2022-11-22,381.6106872558594,0.01336723817683172,0,0,0,4,4,3,0,4,2,21.593449183872767,0,0,-1,0,4,4,2,3
2022-11-23,384.01544189453125,0.006281819428538782,0,0,0,4,4,4,0,4,2,20.387115478515625,0,0,-1,1,4,4,3,3
2022-11-25,383.9295349121094,-0.00022373213022941485,0,0,0,3,4,4,0,4,2,20.604435511997767,0,0,-1,1,4,4,4,3
2022-11-28,377.8031311035156,-0.016085790155190516,0,0,0,0,2,2,0,4,2,21.226911272321427,0,0,-1,0,3,4,1,2
2022-11-29,377.15435791015625,-0.001718701681887147,0,0,0,0,2,2,0,4,2,21.77083478655134,0,0,-1,0,2,4,2,2
2022-11-30,389.0348815917969,0.031014468421202146,0,0,0,4,4,4,0,4,2,20.929759434291295,0,0,-1,0,4,4,3,3
2022-12-01,388.74853515625,-0.0007363141006031526,0,0,0,4,4,4,0,4,2,20.23766871861049,0,0,-1,0,4,4,3,2
2022-12-02,388.300048828125,-0.001154332913455569,0,0,0,3,4,4,0,4,2,20.575452532087052,0,0,-1,0,4,4,3,2
2022-12-05,381.31494140625,-0.018152710955535944,0,0,0,0,2,2,0,4,2,20.878618512834823,0,0,-1,0,2,4,2,2
2022-12-06,375.81829833984375,-0.01451987403918853,0,0,0,0,1,1,0,4,2,21.535539899553573,0,0,-1,0,1,4,1,2
2022-12-07,375.17889404296875,-0.0017028144921420463,0,0,0,0,1,1,0,4,2,21.525915963309153,0,0,-1,0,1,4,0,2
2022-12-08,378.1180725097656,0.007803544982817101,0,0,0,1,1,2,0,4,2,21.277389526367188,0,0,-1,0,1,4,0,2
2022-12-09,375.2934265136719,-0.007498317278996858,0,0,0,0,1,1,0,3,2,21.636980329241073,0,0,-1,0,0,3,0,0
2022-12-12,380.7041931152344,0.014314486849237973,0,0,0,3,2,2,0,3,2,21.41198948451451,0,0,-1,0,1,3,1,0
2022-12-13,383.58599853515625,0.007541164621867047,0,0,0,4,3,2,0,3,2,21.394801548549108,0,0,-1,1,2,3,4,0
2022-12-14,381.1335754394531,-0.006413936785688357,0,0,0,2,2,2,0,3,2,22.227451869419642,0,0,-1,1,1,3,3,0
2022-12-15,371.8103942871094,-0.02476587382928308,0,0,0,0,0,1,0,3,2,23.276676722935267,0,0,-1,0,0,3,0,1
2022-12-16,367.4207458496094,-0.011876393715635203,0,0,0,0,0,0,0,3,3,23.47113255092076,0,0,-1,0,0,3,0,1
2022-12-19,364.3050842285156,-0.00851597776779034,0,0,0,0,0,0,0,3,3,23.372508457728795,0,0,-1,0,0,3,0,1
2022-12-20,364.80364990234375,0.0013676032893181755,0,0,0,0,0,0,0,3,3,23.564701625279017,0,0,-1,0,0,3,0,1
2022-12-21,370.25836181640625,0.014841773772141131,0,0,0,2,0,1,0,3,2,23.49005126953125,0,0,-1,0,0,3,0,1
2022-12-22,364.9761657714844,-0.014368984942830565,0,0,0,0,0,0,0,4,3,23.542471749441965,0,0,-1,0,0,4,0,1
2022-12-23,367.07562255859375,0.005735830651700802,0,0,0,1,0,0,0,4,2,23.013137817382812,0,0,-1,1,0,4,1,1
2022-12-27,365.6280517578125,-0.003951318206579124,0,0,0,1,0,0,0,3,2,22.178870064871653,0,0,-1,1,0,3,2,1
2022-12-28,361.0841064453125,-0.012505651599489909,0,0,0,0,0,0,0,3,2,21.982783726283483,0,0,-1,0,0,3,1,1
2022-12-29,367.58367919921875,0.01784007819495148,0,0,0,3,1,0,0,3,2,21.975982666015625,0,0,-1,0,0,3,1,0
2022-12-30,366.6154479980469,-0.002637518151668239,0,0,0,2,0,0,0,3,2,21.666554042271205,0,0,-1,0,0,3,2,0
2023-01-03,365.0720520019531,-0.004218736236900611,0,0,0,1,0,0,0,3,2,21.623079572405135,0,0,-1,0,0,3,1,0
2023-01-04,367.8905334472656,0.007690693613152888,0,0,0,2,1,1,0,3,2,21.635482788085938,0,0,-1,0,1,3,2,0
2023-01-05,363.6916198730469,-0.011479120048755398,0,0,0,1,0,0,0,3,2,21.123480660574778,0,0,-1,0,0,3,2,0
2023-01-06,372.03179931640625,0.02267302224245693,0,0,0,4,2,1,0,3,2,19.83982195172991,0,0,-1,0,2,3,3,1
2023-01-09,371.8209533691406,-0.0005669023933849715,0,0,0,3,2,1,0,3,2,19.096949986049108,0,0,-1,0,2,3,3,1
2023-01-10,374.428466796875,0.006988344564629934,0,0,0,4,2,1,0,3,2,18.88242449079241,0,0,-1,1,2,3,4,1
2023-01-11,379.1641540527344,0.01256846063652084,0,0,0,4,4,2,0,3,2,18.734937395368302,0,0,-1,1,4,3,4,1
2023-01-12,380.54461669921875,0.0036341930460261906,0,0,0,4,4,2,0,3,2,18.532725742885045,0,0,-1,2,4,3,4,1
2023-01-13,382.0209045410156,0.0038719025316575895,0,0,0,4,4,2,0,3,2,18.106672014508927,0,0,-1,2,4,3,4,1
2023-01-17,381.3211364746094,-0.0018334330479019556,0,0,0,3,3,2,0,3,2,18.009850638253347,0,0,-1,2,4,3,4,0
2023-01-18,375.30084228515625,-0.015913947553918284,0,0,0,0,1,1,0,3,2,18.545366559709823,0,0,-1,1,2,3,2,0
2023-01-19,372.5686950683594,-0.00730651332883081,0,0,0,0,1,1,0,3,2,18.937181745256698,0,0,-1,0,2,3,0,0
2023-01-20,379.50927734375,0.01845760565750343,0,0,0,3,3,2,0,3,2,18.781141008649552,0,0,-1,0,3,3,1,1
2023-01-23,384.0628662109375,0.011927210513518638,0,0,0,4,4,3,0,3,2,18.672295706612722,0,0,-1,0,4,3,2,1
2023-01-24,383.6506042480469,-0.0010739996584163691,0,0,0,3,3,2,0,3,2,18.77882821219308,0,0,-1,0,4,3,2,0
2023-01-25,383.7944641113281,0.00037490595977995866,0,0,0,3,3,2,0,3,2,18.694261823381698,0,0,-1,1,4,3,4,0
2023-01-26,388.0124816894531,0.0109303488281558,0,0,0,4,4,3,0,3,2,18.269058227539062,0,0,-1,2,4,3,4,0
2023-01-27,388.90399169921875,0.0022949967766141555,0,0,0,4,4,3,0,3,2,18.290318080357142,0,0,-1,2,4,3,4,0
2023-01-30,384.0245361328125,-0.012626058459501266,0,0,0,1,2,2,0,3,2,18.76934814453125,0,0,-1,1,3,3,1,0
2023-01-31,389.67095947265625,0.014596242628337919,0,0,0,4,4,3,0,3,2,18.588912963867188,0,0,-1,2,4,3,3,0
2023-02-01,393.8122863769531,0.010571675899452515,0,0,0,4,4,4,0,3,2,18.28649684361049,0,0,-1,2,4,3,4,0
2023-02-02,399.5450744628906,0.014452220779491931,0,0,0,4,4,4,0,3,2,18.573091779436385,0,0,-1,2,4,3,4,0
2023-02-03,395.2982177734375,-0.010686124282305087,0,0,0,3,4,4,0,3,2,19.04042707170759,0,0,-1,1,4,3,3,0
2023-02-06,392.88238525390625,-0.006130168835964511,0,0,0,1,3,3,0,3,2,19.491051810128347,0,0,-1,1,3,3,4,0
2023-02-07,398.020751953125,0.012993851596148964,0,0,0,4,4,4,0,3,2,18.759512765066965,0,0,-1,1,4,3,4,0
2023-02-08,393.6684875488281,-0.01099499155076078,0,0,0,1,3,3,0,3,2,18.42167009626116,0,0,-1,0,3,3,1,0
2023-02-09,390.2556457519531,-0.00870712665586737,0,0,0,0,2,2,0,3,2,19.026173182896205,0,0,-1,0,2,3,0,0
2023-02-10,391.16644287109375,0.0023311281952489438,0,0,0,1,2,2,0,3,2,19.539947509765625,0,0,-1,0,2,3,1,0
2023-02-13,395.75830078125,0.01167051885212711,0,0,0,3,3,3,0,3,2,19.402387346540177,0,0,-1,1,3,3,2,1
2023-02-14,395.5762634277344,-0.00046007684981663743,0,0,0,2,3,3,0,3,2,19.405116489955358,0,0,-1,0,3,3,1,1
2023-02-15,396.86077880859375,0.0032419395798832795,0,0,0,3,3,3,0,3,2,19.544664655412948,0,0,-1,1,3,3,2,0
2023-02-16,391.39654541015625,-0.013864307397395415,0,0,0,0,1,2,0,3,2,20.019481113978795,0,0,-1,1,1,3,2,0
2023-02-17,390.418701171875,-0.00250147270073775,0,0,0,0,1,2,0,2,2,19.90204075404576,0,0,-1,0,1,2,1,0
2023-02-21,382.5865478515625,-0.0202648594188668,0,0,0,0,0,1,0,3,2,20.48618425641741,0,0,-1,0,0,3,0,1
2023-02-22,382.05926513671875,-0.001379155654718467,0,0,0,0,0,1,0,3,2,21.156400408063615,0,0,-1,0,0,3,0,1
2023-02-23,384.09161376953125,0.005305360747545507,0,0,0,1,0,1,0,3,2,21.011448451450892,0,0,-1,0,0,3,0,1
2023-02-24,379.9885559082031,-0.010739965421538322,0,0,0,0,0,1,0,3,2,20.95428248814174,0,0,-1,0,0,3,0,1
2023-02-27,381.2828369140625,0.003400317587436419,0,0,0,1,0,1,0,3,2,20.430984497070312,0,0,-1,0,0,3,0,1
2023-02-28,379.8736267089844,-0.0037028177058102685,0,0,0,0,0,1,0,3,2,20.911610194614955,0,0,-1,0,0,3,1,0
2023-03-01,378.4164123535156,-0.0038434268531029048,0,0,0,0,0,0,0,2,2,20.771759033203125,0,0,-1,0,0,2,1,0
2023-03-02,381.3594970703125,0.007747282851942039,0,0,0,2,0,1,0,2,2,20.13291277204241,0,0,-1,0,0,2,1,0
2023-03-03,387.4756164550781,0.015910429419899508,0,0,0,4,1,1,0,2,2,19.72340829031808,0,0,-1,1,1,2,3,0
2023-03-06,387.74407958984375,0.0006926117766790085,0,0,0,4,1,1,0,2,2,19.697150094168528,0,0,-1,1,1,2,3,0
2023-03-07,381.8004150390625,-0.015447534963056953,0,0,0,1,1,1,0,2,2,20.286854335239955,0,0,-1,1,0,2,2,0
2023-03-08,382.423583984375,0.00163085452492151,0,0,0,1,1,1,0,2,2,20.576655796595983,0,0,-1,2,1,2,3,0
2023-03-09,375.367919921875,-0.018622188096134806,0,0,0,0,0,0,0,2,2,20.696557181222097,0,0,-1,1,0,2,0,1
2023-03-10,369.95159912109375,-0.014534480883345857,0,0,0,0,0,0,0,3,2,21.342064993722097,0,0,-1,0,0,3,0,1
2023-03-13,369.42431640625,-0.00142629153359497,0,0,0,0,0,0,0,3,2,21.25722394670759,0,0,-1,0,0,3,0,1
2023-03-14,375.5309143066406,0.01639490383357156,0,0,0,2,0,0,0,3,2,20.937576293945312,0,0,-1,0,0,3,0,1
2023-03-15,373.1822204589844,-0.006273969142059244,0,0,0,1,0,0,0,3,2,21.168247767857142,0,0,-1,0,0,3,0,1
2023-03-16,379.729736328125,0.01739295244099104,0,0,0,4,1,1,0,3,2,20.51798575265067,0,0,-1,0,1,3,3,2
2023-03-17,375.2897644042969,-0.011761346828527586,0,0,0,1,0,0,0,3,2,20.833613804408483,0,0,-1,0,1,3,3,2
2023-03-20,378.89837646484375,0.009569600485191287,0,0,0,3,1,1,0,3,2,20.41113063267299,0,0,-1,1,1,3,4,2
2023-03-21,383.8734436035156,0.013044891166202888,0,0,0,4,2,1,0,3,2,20.112418038504465,0,0,-1,1,2,3,4,2
2023-03-22,377.32977294921875,-0.017193389913518153,0,0,0,1,1,0,0,3,2,20.59454127720424,0,0,-1,1,1,3,3,2
2023-03-23,378.3498840332031,0.00269985223025504,0,0,0,1,1,1,0,3,2,21.056655883789062,0,0,-1,1,1,3,1,3
2023-03-24,380.83258056640625,0.006540470833580336,0,0,0,2,1,1,0,3,2,21.1817626953125,0,0,-1,2,2,3,3,2
2023-03-27,381.5447082519531,0.0018681770905439876,0,0,0,2,1,1,0,3,2,20.401606968470983,0,0,-1,2,2,3,2,3
2023-03-28,380.6882019042969,-0.002247362182171919,0,0,0,2,1,1,0,3,2,20.11484854561942,0,0,-1,1,1,3,1,3
2023-03-29,386.2215270996094,0.014430436871989194,0,0,0,4,3,1,0,3,2,19.66125706263951,0,0,-1,2,3,3,4,3
2023-03-30,388.4829406738281,0.005838148846291524,0,0,0,4,3,2,0,3,2,18.519119262695312,0,0,-1,2,3,3,4,3
2023-03-31,393.9584655761719,0.013996228327621374,0,0,0,4,4,3,0,3,2,17.971359252929688,0,0,-1,2,4,3,4,3
2023-04-03,395.4596252441406,0.003803210225023612,0,0,0,4,4,3,0,3,2,17.746778215680802,0,0,-1,2,4,3,4,3
2023-04-04,393.2656555175781,-0.005563344903046996,0,0,0,3,4,2,0,3,2,17.59224591936384,0,0,-1,2,4,3,4,3
2023-04-05,392.23590087890625,-0.0026219049986462295,0,0,0,2,3,2,0,3,2,18.061983380998885,0,0,-1,1,4,3,3,3
2023-04-06,393.7659912109375,0.0038933551692732493,0,0,0,2,3,2,0,3,2,17.61582510811942,0,0,-1,1,4,3,3,1
2023-04-10,394.1701354980469,0.001025830162750374,0,0,0,2,3,2,0,2,2,17.602129255022323,0,0,-1,1,4,2,2,0
2023-04-11,394.2760009765625,0.00026854207092696925,0,0,0,2,3,2,0,2,2,17.511585780552455,0,0,-1,1,3,2,1,0
2023-04-12,392.6689453125,-0.004084295618493883,0,0,0,1,2,2,0,2,2,17.256644112723215,0,0,-1,1,3,2,1,0
2023-04-13,397.8846130371094,0.01319516772860485,0,0,0,4,4,3,0,2,2,16.62671116420201,0,0,-1,2,4,2,3,0
2023-04-14,396.9127197265625,-0.0024456392967122653,0,0,0,2,3,3,0,2,2,16.51741463797433,0,0,-1,1,3,2,2,0
2023-04-17,398.3369140625,0.003581757973855737,0,0,0,3,3,3,0,1,2,16.662105015345983,0,0,-1,1,3,1,3,0
2023-04-18,398.5967102050781,0.0006519894351786348,0,0,0,2,3,3,0,1,2,16.457209995814733,0,0,-1,1,3,1,3,0
2023-04-19,398.5293884277344,-0.00016891123655060625,0,0,0,2,3,3,0,1,2,16.39998299734933,0,0,-1,1,3,1,3,0
2023-04-20,396.3546142578125,-0.005471942041901379,0,0,0,1,2,2,0,0,2,16.627617972237722,0,0,-1,0,2,0,1,0
2023-04-21,396.66253662109375,0.0007765844116089937,0,0,0,1,2,2,0,0,2,16.696934291294642,0,0,-1,1,2,0,1,0
2023-04-24,397.0762939453125,0.0010425529047113358,0,0,0,1,2,2,0,0,2,16.777088710239955,0,0,-1,1,2,0,1,0
2023-04-25,390.7731628417969,-0.01600119295754876,0,0,0,0,1,1,0,1,2,17.076553344726562,0,0,-1,0,1,1,0,1
2023-04-26,389.1180114746094,-0.004244576440107117,0,0,0,0,1,1,0,1,2,17.24497331891741,0,0,-1,0,0,1,0,1
2023-04-27,396.8646240234375,0.0197125561015552,0,0,0,3,2,2,0,2,2,17.43697030203683,0,0,-1,1,2,2,2,1
2023-04-28,400.2519226074219,0.00849893026934545,0,0,0,4,3,3,0,2,2,17.38379124232701,0,0,-1,1,2,2,2,1
2023-05-01,399.8477478027344,-0.0010103112249968405,0,0,0,3,3,2,0,1,2,17.432237897600448,0,0,-1,0,2,1,2,1
2023-05-02,395.35369873046875,-0.01130304009859806,0,0,0,1,1,1,0,1,2,17.700469970703125,0,0,-1,0,1,1,3,1
2023-05-03,392.6401062011719,-0.006887372055733643,0,0,0,0,1,1,0,2,2,18.19038827078683,0,0,-1,0,1,2,2,1
2023-05-04,389.8590087890625,-0.007108274166673922,0,0,0,0,0,1,0,2,2,18.696367536272323,0,0,-1,0,0,2,0,1
2023-05-05,397.0762939453125,0.018343280572757692,0,0,0,3,2,2,0,2,2,18.841219220842635,0,0,-1,0,1,2,1,2
2023-05-08,397.18218994140625,0.00026665373771628254,0,0,0,2,2,2,0,2,2,18.925114222935267,0,0,-1,0,1,2,1,2
2023-05-09,395.4403991699219,-0.0043950137155581714,0,0,0,1,1,1,0,2,2,18.968612670898438,0,0,-1,0,1,2,1,2
2023-05-10,397.2879638671875,0.004661289109036737,0,0,0,2,2,2,0,2,2,18.68837411063058,0,0,-1,1,1,2,3,2
2023-05-11,396.5950927734375,-0.0017455247693618503,0,0,0,2,1,1,0,2,2,18.753191266741073,0,0,-1,1,1,2,3,2
2023-05-12,396.075439453125,-0.0013111459897379163,0,0,0,1,1,1,0,2,2,18.80682373046875,0,0,-1,0,1,2,1,2
2023-05-15,397.4420166015625,0.003444356489071154,0,0,0,2,1,2,0,2,2,18.371191842215403,0,0,-1,0,1,2,2,2
2023-05-16,394.7859802246094,-0.006705257423288202,0,0,0,1,1,1,0,2,2,18.12847900390625,0,0,-1,0,1,2,1,2
2023-05-17,399.5782775878906,0.012065889059881485,0,0,0,3,2,2,0,2,2,18.002197265625,0,0,-1,0,2,2,2,2
2023-05-18,403.42755126953125,0.009587235925610393,0,0,0,4,3,2,0,2,2,18.039794921875,0,0,-1,1,3,2,3,2
2023-05-19,402.84051513671875,-0.0014561812900764082,0,0,0,3,3,2,0,2,2,18.092455182756698,0,0,-1,1,3,2,3,2
2023-05-22,403.004150390625,0.0004061210879831023,0,0,0,2,2,2,0,2,2,17.767423357282365,0,0,-1,1,3,2,3,2
2023-05-23,398.48126220703125,-0.011286384315368991,0,0,0,1,1,1,0,2,2,17.748055594308035,0,0,-1,1,1,2,2,2
2023-05-24,395.5943298339844,-0.007271209747346852,0,0,0,0,1,1,0,2,2,17.684818812779017,0,0,-1,0,1,2,1,2
2023-05-25,399.0201416015625,0.008622629253245861,0,0,0,1,1,1,0,2,2,17.544437953404017,0,0,-1,0,1,2,1,1
2023-05-26,404.187744140625,0.012867587414541859,0,0,0,4,3,2,0,2,2,17.52244131905692,0,0,-1,1,3,2,2,2
2023-05-30,404.3417053222656,0.00038084248781089514,0,0,0,3,2,2,0,2,2,17.424490792410715,0,0,-1,1,3,2,2,2
2023-05-31,402.0995178222656,-0.005560710968866012,0,0,0,1,2,2,0,2,2,17.830093383789062,0,0,-1,1,2,2,2,1
2023-06-01,405.919921875,0.009456288633193033,0,0,0,3,3,2,0,2,2,17.59763445172991,0,0,-1,2,3,2,4,1
2023-06-02,411.78997802734375,0.014357553920160804,0,0,0,4,4,3,0,2,2,17.717315673828125,0,0,-1,2,4,2,4,2
2023-06-05,411.0008544921875,-0.0019181637566214604,0,0,0,4,4,3,0,1,2,17.827396937779017,0,0,-1,1,4,1,3,1
2023-06-06,411.89581298828125,0.002175142722809831,0,0,0,3,4,3,0,1,2,17.761694771902903,0,0,-1,1,4,1,3,1
2023-06-07,410.4715881347656,-0.0034637226025253653,0,0,0,2,3,3,0,1,2,17.922720772879465,0,0,-1,1,3,1,4,1
2023-06-08,412.95440673828125,0.00603047788941069,0,0,0,3,3,3,0,1,2,18.035138811383927,0,0,-1,1,3,1,3,1
2023-06-09,413.6953430175781,0.0017926249368143132,0,0,0,3,3,3,0,1,2,17.969859531947545,0,0,-1,1,3,1,2,1
2023-06-12,417.4483642578125,0.00903104172066449,0,0,0,4,4,4,0,1,2,17.88120378766741,0,0,-1,2,4,1,3,1
2023-06-13,420.2005310058594,0.00657119389028793,0,0,0,4,4,4,0,1,2,17.543552943638392,0,0,-1,2,4,1,4,1
2023-06-14,420.700927734375,0.0011901437020442884,0,0,0,3,4,4,0,1,2,17.07950919015067,0,0,-1,3,4,1,4,1
2023-06-15,425.91656494140625,0.012321274331756449,0,0,0,4,4,4,0,1,2,16.98760986328125,0,0,-1,3,4,1,4,1
2023-06-16,424.4658508300781,-0.003411913256321064,0,0,0,3,4,4,0,1,2,17.216487339564733,0,0,-1,2,4,1,4,1
2023-06-20,422.2636413574219,-0.005201695366739756,0,0,0,2,4,4,0,1,2,17.567777361188615,0,0,-1,1,4,1,3,1
2023-06-21,420.1000671386719,-0.0051369235274920655,0,0,0,1,3,3,0,1,2,17.409881591796875,0,0,-1,0,3,1,1,1
2023-06-22,421.6164855957031,0.003603160928011384,0,0,0,1,3,4,0,1,2,17.458668300083705,0,0,-1,0,3,1,2,1
2023-06-23,418.4291076660156,-0.007588619596918811,0,0,0,1,2,3,0,1,2,17.47015380859375,0,0,-1,0,2,1,0,1
2023-06-26,416.719482421875,-0.004094187914682301,0,0,0,0,1,2,0,1,2,17.513109479631698,0,0,-1,0,1,1,0,1
2023-06-27,421.2881164550781,0.010903670331813942,0,0,0,2,2,3,0,1,2,17.329990931919642,0,0,-1,0,2,1,1,1
2023-06-28,421.5006408691406,0.0005043361500014498,0,0,0,2,2,3,0,1,2,17.130059378487722,0,0,-1,1,2,1,2,1
2023-06-29,423.1619873046875,0.003933756561483648,0,0,0,3,3,3,0,1,2,16.959518432617188,0,0,-1,1,2,1,2,1
2023-06-30,428.1554870605469,0.011731362682496638,0,0,0,4,4,4,0,1,2,17.104690551757812,0,0,-1,2,3,1,4,1
2023-07-03,428.6481628417969,0.0011500320653512475,0,0,0,3,4,4,0,0,2,17.045915876116073,0,0,-1,3,3,0,4,0
2023-07-05,428.01068115234375,-0.0014882979650323591,0,0,0,3,3,4,0,0,2,16.966463361467635,0,0,-1,2,3,0,3,0
2023-07-06,424.6590576171875,-0.007861521629259016,0,0,0,1,2,3,0,0,2,17.152313232421875,0,0,-1,1,2,0,2,1
2023-07-07,423.5869140625,-0.002527908558191072,0,0,0,1,2,3,0,0,2,17.222599574497767,0,0,-1,0,1,0,2,1
2023-07-10,424.6590576171875,0.002527908558191072,0,0,0,1,2,3,0,0,2,17.118800571986608,0,0,-1,0,2,0,1,1
2023-07-11,427.3634948730469,0.006348297543399717,0,0,0,2,2,3,0,0,2,16.64984348842076,0,0,-1,0,2,0,1,1
2023-07-12,430.8020324707031,0.008013736021694307,0,0,0,4,3,4,0,0,2,16.598170689174108,0,0,-1,1,3,0,2,1
2023-07-13,434.22125244140625,0.007905539279821738,0,0,0,4,4,4,0,0,2,16.689204624720983,0,0,-1,2,3,0,4,1
2023-07-14,433.9508361816406,-0.000622955453311036,0,0,0,3,4,4,0,0,2,16.563367571149552,0,0,-1,2,3,0,4,1
2023-07-17,435.4576416015625,0.003466280734832239,0,0,0,3,4,4,0,0,2,16.389212472098215,0,0,-1,2,3,0,4,0
2023-07-18,438.69329833984375,0.007403004144451941,0,0,0,4,4,4,0,0,2,16.348628452845983,0,0,-1,2,4,0,4,0
2023-07-19,439.66888427734375,0.0022213760063323207,0,0,0,3,4,4,0,0,2,16.356294904436385,0,0,-1,2,4,0,4,0
2023-07-20,436.7518615722656,-0.00665669654757739,0,0,0,1,3,4,0,0,2,16.742017473493302,0,0,-1,1,3,0,2,0
2023-07-21,436.7518615722656,0.0,0,0,0,1,3,4,0,0,2,16.770599365234375,0,0,-1,1,3,0,2,0
2023-07-24,438.7029113769531,0.004457233189152809,0,0,0,2,3,4,0,0,2,16.763192313058035,0,0,-1,1,3,0,2,0
2023-07-25,439.900634765625,0.0027264268073077247,0,0,0,2,3,4,0,0,2,16.698747907366073,0,0,-1,1,3,0,2,0
2023-07-26,439.96826171875,0.00015372052251905188,0,0,0,2,3,4,0,0,2,16.523088727678573,0,0,-1,1,3,0,2,0
2023-07-27,437.0512390136719,-0.00665215188356072,0,0,0,1,2,3,0,0,2,16.767778669084823,0,0,-1,1,2,0,2,1
2023-07-28,441.33013916015625,0.00974277028044046,0,0,0,3,3,4,0,0,2,16.776986258370535,0,0,-1,2,3,0,3,1
2023-07-31,442.1704406738281,0.0019022098824361677,0,0,0,3,3,4,0,0,2,16.836172921316965,0,0,-1,2,3,0,2,0
2023-08-01,440.9051208496094,-0.0028657132985685507,0,0,0,2,2,3,0,0,2,16.815342494419642,0,0,-1,1,2,0,2,0
2023-08-02,434.7718200683594,-0.014008364937579287,0,0,0,0,1,2,0,0,2,17.231785365513392,0,0,-1,0,1,0,1,1
2023-08-03,433.5257873535156,-0.0028700610470728805,0,0,0,0,1,2,0,0,2,17.48643057686942,0,0,-1,0,1,0,1,1
2023-08-04,431.5650634765625,-0.004532997274193207,0,0,0,0,1,2,0,0,2,17.723759242466517,0,0,-1,0,1,0,0,1
2023-08-07,435.3320007324219,0.008690676483756654,0,0,0,1,1,2,0,0,2,17.936305454799108,0,0,-1,0,1,0,0,1
2023-08-08,433.4389343261719,-0.004358040367202776,0,0,0,1,1,2,0,0,2,18.080189296177455,0,0,-1,0,1,0,0,1
2023-08-09,430.541259765625,-0.006707758916664197,0,0,0,0,1,1,0,0,2,18.114519391741073,0,0,-1,0,0,0,1,1
2023-08-10,430.69580078125,0.0003588814842343524,0,0,0,1,1,1,0,0,2,18.125667027064733,0,0,-1,0,0,0,1,1
2023-08-11,430.4446716308594,-0.0005832478336680325,0,0,0,1,1,1,0,0,2,18.5333251953125,0,0,-1,0,0,0,1,1
2023-08-14,432.8207092285156,0.005504781380890833,0,0,0,2,1,1,0,0,2,18.445343017578125,0,0,-1,0,1,0,1,1
2023-08-15,427.7788391113281,-0.011717244824432704,0,0,0,0,0,1,0,0,2,18.69958714076451,0,0,-1,0,0,0,1,1
2023-08-16,424.6397399902344,-0.007365192144671795,0,0,0,0,0,1,0,0,2,18.846838814871653,0,0,-1,0,0,0,0,1
2023-08-17,421.4040222167969,-0.007649092622399323,0,0,0,0,0,0,0,0,2,19.180132184709823,0,0,-1,0,0,0,0,1
2023-08-18,421.6068420410156,0.00048117963060878566,0,0,0,0,0,0,0,0,2,19.481103079659597,0,0,-1,0,0,0,0,1
2023-08-21,424.3499755859375,0.0064853030373202,0,0,0,1,0,1,0,1,2,19.228123256138392,0,0,-1,0,0,1,0,2
2023-08-22,423.2005310058594,-0.002712393599788143,0,0,0,1,0,1,0,0,2,18.830357142857142,0,0,-1,0,0,0,1,2
2023-08-23,427.9140930175781,0.011076322903672775,0,0,0,3,1,1,0,1,2,18.537876674107142,0,0,-1,1,1,1,2,3
2023-08-24,421.98358154296875,-0.013956051203852127,0,0,0,0,0,0,0,1,2,18.713697160993302,0,0,-1,1,0,1,2,3
2023-08-25,424.95849609375,0.007025100922859018,0,0,0,2,1,1,0,1,2,18.906090872628347,0,0,-1,1,1,1,2,3
2023-08-28,427.65325927734375,0.00632121745840486,0,0,0,3,1,1,0,1,2,18.733265468052455,0,0,-1,1,1,1,2,3
2023-08-29,433.8349304199219,0.014351391732285279,0,0,0,4,2,2,0,2,2,18.350978306361608,0,0,-1,2,2,2,4,4
2023-08-30,435.62176513671875,0.00411023859267079,0,0,0,4,3,2,0,1,2,18.096753801618302,0,0,-1,2,3,1,3,3
2023-08-31,434.98431396484375,-0.0014643851015723186,0,0,0,3,2,2,0,1,2,17.770350864955358,0,0,-1,2,2,1,4,3
2023-09-01,435.7956237792969,0.0018634100627359373,0,0,0,3,2,2,0,1,2,17.991710117885045,0,0,-1,2,3,1,4,3
2023-09-05,433.91217041015625,-0.00433123935677493,0,0,0,2,2,2,0,1,2,17.950759887695312,0,0,-1,1,2,1,3,3
2023-09-06,430.9952392578125,-0.006745097056314542,0,0,0,1,1,1,0,1,2,17.812508719308035,0,0,-1,0,2,1,1,3
2023-09-07,429.6719665527344,-0.003074995163834693,0,0,0,1,1,1,0,1,2,17.53122820172991,0,0,-1,0,1,1,0,3
2023-09-08,430.31903076171875,0.001504816522750474,0,0,0,1,1,1,0,1,2,17.203214372907365,0,0,-1,0,1,1,1,3
2023-09-11,433.14910888671875,0.006555165452247991,0,0,0,2,1,1,0,1,2,17.377343314034597,0,0,-1,0,2,1,1,3
2023-09-12,430.7730712890625,-0.00550059633393829,0,0,0,1,1,1,0,1,2,17.45501926967076,0,0,-1,0,1,1,1,3
2023-09-13,431.27532958984375,0.0011652671870878706,0,0,0,1,1,1,0,1,2,17.55181884765625,0,0,-1,1,2,1,2,3
2023-09-14,434.993896484375,0.008585298018307874,0,0,0,3,2,2,0,1,2,17.17740740094866,0,0,-1,2,2,1,3,3
2023-09-15,429.7530212402344,-0.012121325454149456,0,0,0,1,1,1,0,1,2,17.253511701311385,0,0,-1,1,1,1,1,3
2023-09-18,430.0050354003906,0.0005862443868407397,0,0,0,1,1,1,0,1,2,17.429473876953125,0,0,-1,1,1,1,1,3
2023-09-19,429.1133117675781,-0.002075904806319251,0,0,0,1,1,1,0,1,2,17.504470825195312,0,0,-1,1,1,1,1,3
2023-09-20,425.1683044433594,-0.00923591305822935,0,0,0,0,0,1,0,1,2,17.731373378208705,0,0,-1,0,0,1,0,3
2023-09-21,418.1409912109375,-0.016666425788145922,0,0,0,0,0,0,0,2,2,18.418038504464285,0,0,-1,0,0,2,0,4
2023-09-22,417.2008056640625,-0.0022510209530777203,0,0,0,0,0,0,0,1,2,18.541955130440847,0,0,-1,0,0,1,0,3
2023-09-25,418.9551696777344,0.004196266342010979,0,0,0,0,0,0,0,1,2,18.212454659598215,0,0,-1,0,0,1,0,3
2023-09-26,412.8001708984375,-0.014800292423231554,0,0,0,0,0,0,0,1,2,18.169958932059153,0,0,-1,0,0,1,0,3
2023-09-27,412.9649658203125,0.0003991326752226243,0,0,0,0,0,0,0,1,2,18.028315952845983,0,0,-1,0,0,1,0,2
2023-09-28,415.3591003417969,0.005780687260490858,0,0,0,1,0,0,0,1,2,17.81974138532366,0,0,-1,1,0,1,1,3
2023-09-29,414.3510437011719,-0.002429901921434663,0,0,0,1,0,0,0,1,2,17.801740373883927,0,0,-1,1,0,1,1,3
2023-10-02,414.186279296875,-0.00039772355908418433,0,0,0,1,0,0,0,1,2,17.777941022600448,0,0,-1,0,0,1,1,2
2023-10-03,408.64190673828125,-0.013476583728469826,0,0,0,0,0,0,0,1,2,17.971043178013392,0,0,-1,0,0,1,1,3
2023-10-04,411.61767578125,0.00725570822063748,0,0,0,1,0,0,0,1,2,17.92158944266183,0,0,-1,0,0,1,1,3
2023-10-05,411.4625549316406,-0.0003769276570064761,0,0,0,1,0,0,0,1,2,17.395908900669642,0,0,-1,0,0,1,1,3
2023-10-06,416.3477478027344,0.011802823826831066,0,0,0,3,1,0,0,2,2,16.800371442522323,0,0,-1,0,1,2,2,4
2023-10-09,419.0133361816406,0.006381904728776533,0,0,0,4,1,0,0,2,2,16.533227103097097,0,0,-1,1,1,2,3,4
2023-10-10,421.1942138671875,0.005191294896641274,0,0,0,4,1,1,0,2,2,16.204295567103795,0,0,-1,2,1,2,4,4
2023-10-11,422.9195556640625,0.004087942317419824,0,0,0,4,2,1,0,2,2,15.347255161830358,0,0,-1,2,2,2,4,4
2023-10-12,420.34124755859375,-0.00611510965566886,0,0,0,2,1,1,0,2,2,15.166508265904017,0,0,-1,2,1,2,4,4
2023-10-13,418.24755859375,-0.00499337291357449,0,0,0,1,1,0,0,1,2,15.448479788643974,0,0,-1,1,1,1,2,3
2023-10-16,422.6481628417969,0.010466563949020902,0,0,0,3,2,1,0,2,2,15.152239118303571,0,0,-1,1,2,2,2,4
2023-10-17,422.62872314453125,-4.599604600930007e-05,0,0,0,2,2,1,0,2,1,14.984828404017858,0,0,-1,0,2,2,2,4
2023-10-18,416.9971618652344,-0.013414654862172526,0,0,0,0,1,0,0,2,2,15.61568123953683,0,0,-1,0,1,2,0,4
2023-10-19,413.3332824707031,-0.008825168820829177,0,0,0,0,0,0,0,1,2,16.040520804268972,0,0,-1,0,1,1,0,3
2023-10-20,408.25421142578125,-0.012364199277761223,0,0,0,0,0,0,0,2,2,16.533525739397323,0,0,-1,0,0,2,0,4
2023-10-23,407.546630859375,-0.001734689907544329,0,0,0,0,0,0,0,2,2,16.464617047991073,0,0,-1,0,0,2,0,4
2023-10-24,410.6192626953125,0.007511059323277891,0,0,0,1,0,0,0,1,2,16.327362060546875,0,0,-1,0,1,1,0,3
2023-10-25,404.7259826660156,-0.014456164905040758,0,0,0,0,0,0,0,2,2,16.76497541155134,0,0,-1,0,0,2,0,4
2023-10-26,399.8796081542969,-0.012046729918795407,0,0,0,0,0,0,0,2,2,17.686614990234375,0,0,-1,0,0,2,0,4
2023-10-27,398.0669860839844,-0.004543224324131678,0,0,0,0,0,0,0,2,2,18.197067260742188,0,0,-1,0,0,2,0,4
2023-10-30,402.826171875,0.011884835730931798,0,0,0,1,0,0,0,2,2,18.242521013532365,0,0,-1,0,0,2,1,4
2023-10-31,405.3560485839844,0.006260679605101238,0,0,0,2,0,0,0,2,2,18.034190586635045,0,0,-1,0,0,2,1,4
2023-11-01,409.6790771484375,0.010608301333918213,0,0,0,4,1,0,0,2,2,17.823848179408483,0,0,-1,1,1,2,3,4
2023-11-02,417.53033447265625,0.01898308453482933,0,0,0,4,3,1,0,3,2,17.665882655552455,0,0,-1,2,2,3,4,4
2023-11-03,421.339599609375,0.00908195934765832,0,0,0,4,3,1,0,2,2,17.677113124302455,0,0,-1,3,3,2,4,4
2023-11-06,422.3089294433594,0.002297948084189372,0,0,0,4,3,1,0,2,2,17.63924080984933,0,0,-1,3,3,2,4,4
2023-11-07,423.51080322265625,0.002841916644379161,0,0,0,4,4,1,0,2,2,17.031836373465403,0,0,-1,3,3,2,4,4
2023-11-08,423.8210144042969,0.0007322071213327064,0,0,0,3,3,1,0,2,2,16.45485578264509,0,0,-1,3,4,2,4,4
2023-11-09,420.51568603515625,-0.007829448257278493,0,0,0,1,2,1,0,2,2,15.95546395438058,0,0,-1,2,3,2,2,4
2023-11-10,427.0777893066406,0.015484390987323238,0,0,0,4,4,2,0,3,2,15.549815586635045,0,0,-1,2,4,3,3,4
2023-11-13,426.6706848144531,-0.0009536872635962368,0,0,0,3,3,2,0,3,2,15.580426897321429,0,0,-1,1,4,3,3,4
2023-11-14,434.9484558105469,0.019215045943230535,0,0,0,4,4,3,0,3,2,15.532233101981026,0,0,-1,1,4,3,4,4
2023-11-15,435.8692321777344,0.002114740485956723,0,0,0,4,4,3,0,3,1,14.971544538225446,0,0,-1,1,4,3,4,3
2023-11-16,436.40234375,0.001222352426367479,0,0,0,4,4,3,0,3,1,14.665448869977679,0,0,-1,2,4,3,4,3
2023-11-17,436.9450988769531,0.001242930752034077,0,0,0,3,4,3,0,2,1,14.627011980329241,0,0,-1,2,4,2,4,3
2023-11-20,440.30853271484375,0.0076681365517492495,0,0,0,4,4,4,0,2,1,14.783517020089286,0,0,-1,3,4,2,4,3
2023-11-21,439.3489990234375,-0.0021816082676542337,0,0,0,3,4,3,0,2,1,14.961164202008929,0,0,-1,2,4,2,3,3
2023-11-22,441.0451965332031,0.003853273038471272,0,0,0,3,4,4,0,2,1,14.794028145926339,0,0,-1,2,4,2,3,2
2023-11-24,441.3166198730469,0.0006152200681341924,0,0,0,3,4,4,0,1,1,14.764293125697545,0,0,-1,2,4,1,3,1
2023-11-27,440.5218505859375,-0.0018025285331111363,0,0,0,2,4,3,0,1,1,14.835512433733259,0,0,-1,1,4,1,2,1
2023-11-28,440.95794677734375,0.0009894639180370035,0,0,0,2,4,3,0,1,1,14.970716203962054,0,0,-1,1,4,1,2,0
2023-11-29,440.6478271484375,-0.0007035335994132197,0,0,0,1,3,3,0,1,1,15.103086199079241,0,0,-1,1,3,1,2,1
2023-11-30,442.3828125,0.003929620346749374,0,0,0,2,3,3,0,1,1,14.986149379185267,0,0,-1,1,3,1,2,0
2023-12-01,444.9998779296875,0.005898408985162362,0,0,0,3,4,4,0,0,1,14.947784423828125,0,0,-1,1,4,0,2,0
2023-12-04,442.6639404296875,-0.005263125169451932,0,0,0,1,3,3,0,0,1,15.142551967075892,0,0,-1,1,3,0,2,0
2023-12-05,442.5766906738281,-0.00019712099304047825,0,0,0,1,3,3,0,0,1,14.937122889927455,0,0,-1,0,3,0,2,0
2023-12-06,440.7931823730469,-0.00403797045511034,0,0,0,1,2,2,0,0,1,15.123269217354911,0,0,-1,0,2,0,1,0
2023-12-07,444.1566162109375,0.007601448214910711,0,0,0,2,3,3,0,1,1,15.160352434430804,0,0,-1,0,2,1,2,1
2023-12-08,446.0661315917969,0.0042899786915446825,0,0,0,3,3,3,0,0,1,15.120243617466517,0,0,-1,0,3,0,2,0
2023-12-11,447.8011779785156,0.003882116612134112,0,0,0,3,3,3,0,0,1,15.108027866908483,0,0,-1,1,3,0,3,0
2023-12-12,449.84637451171875,0.004556799751679108,0,0,0,3,4,4,0,0,1,14.895015171595983,0,0,-1,2,3,0,3,0
2023-12-13,456.0497741699219,0.013695822935328117,0,0,0,4,4,4,0,0,1,14.87591552734375,0,0,-1,3,4,0,4,0
2023-12-14,457.513427734375,0.0032042770849880498,0,0,0,4,4,4,0,0,1,14.746143886021205,0,0,-1,3,4,0,4,0
2023-12-15,456.7601318359375,-0.0016478570576845541,0,0,0,3,4,4,0,0,1,14.888410295758929,0,0,-1,2,4,0,4,0
2023-12-18,459.3294677734375,0.005609369816240495,0,0,0,4,4,4,0,0,1,14.788255964006696,0,0,-1,2,4,0,4,0
2023-12-19,462.12255859375,0.0060623869605969105,0,0,0,4,4,4,0,0,1,14.609569004603795,0,0,-1,2,4,0,4,0
2023-12-20,455.7187805175781,-0.013954224363428303,0,0,0,1,3,4,0,0,1,14.842714582170759,0,0,-1,1,3,0,1,1
2023-12-21,460.0398864746094,0.00943728557180723,0,0,0,3,4,4,0,0,1,15.062922886439733,0,0,-1,1,4,0,2,1
2023-12-22,460.96441650390625,0.0020076569389440024,0,0,0,2,4,4,0,0,1,14.707890101841517,0,0,-1,2,4,0,2,1
2023-12-26,462.9108581542969,0.004213652175086402,0,0,0,3,4,4,0,0,1,14.45662362234933,0,0,-1,2,4,0,2,1
2023-12-27,463.74786376953125,0.0018065029186198345,0,0,0,3,4,4,0,0,1,14.173431396484375,0,0,-1,2,4,0,2,1
2023-12-28,463.9230651855469,0.00037772320470530474,0,0,0,2,4,4,0,0,1,13.976296561104911,0,0,-1,3,3,0,3,1
2023-12-29,462.5799560546875,-0.0028993107219594805,0,0,0,1,3,4,0,0,1,14.11320059640067,0,0,-1,2,3,0,2,1
2024-01-02,459.9911804199219,-0.005612103667710144,0,0,0,1,2,3,0,0,1,14.372839791434151,0,0,-1,1,2,0,1,1
2024-01-03,456.2346496582031,-0.008200056553199886,0,0,0,0,1,2,0,0,1,14.70402090890067,0,0,-1,0,1,0,0,1
2024-01-04,454.7650451660156,-0.003226358417769859,0,0,0,0,1,2,0,1,1,14.857687813895089,0,0,-1,0,1,1,0,1
2024-01-05,455.387939453125,0.0013687685364667246,0,0,0,1,1,2,0,0,1,15.023792811802455,0,0,-1,0,1,0,0,1
2024-01-08,461.88897705078125,0.014174882924239185,0,0,0,3,2,3,0,1,1,14.73394775390625,0,0,-1,0,2,1,1,2
2024-01-09,461.1882629394531,-0.0015182136782572186,0,0,0,2,2,3,0,1,1,14.764794485909599,0,0,-1,0,2,1,2,2
2024-01-10,463.79644775390625,0.005639426677354287,0,0,0,3,3,3,0,1,1,14.733450753348214,0,0,-1,1,2,1,3,2
2024-01-11,463.5920715332031,-0.000440756424650246,0,0,0,2,2,3,0,1,1,14.35178702218192,0,0,-1,1,2,1,3,2
2024-01-12,463.9132995605469,0.0006926710080570331,0,0,0,2,2,3,0,0,1,14.233686174665179,0,0,-1,1,2,0,3,1
2024-01-16,462.21014404296875,-0.003678035470009,0,0,0,1,2,3,0,0,1,14.546133858816964,0,0,-1,0,1,0,2,1
2024-01-17,459.6408386230469,-0.005574245992161053,0,0,0,1,1,2,0,0,1,14.827817644391741,0,0,-1,0,1,0,1,1
2024-01-18,463.7283935546875,0.008853623209354566,0,0,0,2,2,3,0,1,1,14.82403564453125,0,0,-1,0,2,1,1,1
2024-01-19,469.50927734375,0.01238903638504052,0,0,0,4,3,4,0,1,1,14.829369681222099,0,0,-1,1,3,1,3,2
2024-01-22,470.501953125,0.00211205168210693,0,0,0,4,3,4,0,0,1,14.707990373883929,0,0,-1,1,3,0,3,1
2024-01-23,471.87420654296875,0.002912328317737689,0,0,0,3,3,4,0,0,1,14.444202968052455,0,0,-1,2,3,0,4,1
2024-01-24,472.3899841308594,0.0010924435010437605,0,0,0,3,3,4,0,0,1,14.127805437360491,0,0,-1,3,3,0,4,1
2024-01-25,474.95928955078125,0.0054242121481840044,0,0,0,3,4,4,0,0,1,13.941072736467634,0,0,-1,3,3,0,4,1
2024-01-26,474.35589599609375,-0.0012712187588057589,0,0,0,2,3,4,0,0,1,13.825504847935267,0,0,-1,2,3,0,3,1
2024-01-29,478.1125183105469,0.007888223351784518,0,0,0,4,4,4,0,0,1,13.818509783063616,0,0,-1,2,4,0,3,1
2024-01-30,477.7427062988281,-0.0007737825156963751,0,0,0,3,3,4,0,0,1,13.826764787946429,0,0,-1,1,4,0,3,1
2024-01-31,469.9472351074219,-0.016451893557086095,0,0,0,0,1,3,0,1,1,14.468981061662946,0,0,-1,0,2,1,1,2
2024-02-01,476.0979919433594,0.01300327579829208,0,0,0,2,3,4,0,1,1,14.468610491071429,0,0,-1,0,3,1,2,2
2024-02-02,481.11004638671875,0.010472332133569573,0,0,0,4,4,4,0,1,1,14.396846226283483,0,0,-1,1,4,1,3,2
2024-02-05,479.3581848144531,-0.003647936408689212,0,0,0,2,3,4,0,1,1,14.418413434709821,0,0,-1,0,3,1,2,2
2024-02-06,480.74993896484375,0.002899163314511455,0,0,0,3,3,4,0,1,1,14.179907662527901,0,0,-1,1,3,1,2,2
2024-02-07,484.7596130371094,0.008305867332628836,0,0,0,4,4,4,0,1,1,14.310684204101562,0,0,-1,2,4,1,4,2
2024-02-08,484.97369384765625,0.00044152513377504476,0,0,0,3,4,4,0,1,1,14.363876342773438,0,0,-1,2,4,1,3,2
2024-02-09,487.776611328125,0.0057628873983848194,0,0,0,3,4,4,0,1,1,14.381417410714286,0,0,-1,2,4,1,3,2
2024-02-12,487.5625,-0.000439050026963983,0,0,0,3,4,4,0,1,1,14.434395926339286,0,0,-1,2,4,1,3,2
2024-02-13,480.84722900390625,-0.013868878910357374,0,0,0,0,2,3,0,1,1,15.123465401785714,0,0,-1,1,2,1,1,3
2024-02-14,485.217041015625,0.009046689646524442,0,0,0,2,3,4,0,1,1,15.10504150390625,0,0,-1,1,3,1,2,3
2024-02-15,488.56488037109375,0.006875980077593269,0,0,0,3,3,4,0,1,1,15.078530447823661,0,0,-1,1,3,1,2,3
2024-02-16,486.1318664550781,-0.004992360910679672,0,0,0,1,3,4,0,1,1,15.310961042131696,0,0,-1,0,2,1,1,3
2024-02-20,483.4554748535156,-0.005520695836536582,0,0,0,1,2,3,0,1,1,15.720761980329241,0,0,-1,0,2,1,1,3
2024-02-21,483.8934020996094,0.0009054174485401134,0,0,0,1,2,3,0,1,1,15.209607805524554,0,0,-1,1,2,1,2,4
2024-02-22,493.9078674316406,0.020484357755583993,0,0,0,4,4,4,0,2,1,15.586310250418526,0,0,-1,1,3,2,3,4
2024-02-23,494.2484436035156,0.0006893164199963664,0,0,0,4,4,4,0,2,1,15.66056387765067,0,0,-1,1,3,2,3,4
2024-02-26,492.438232421875,-0.0036692766946524458,0,0,0,2,3,4,0,2,1,15.731990269252233,0,0,-1,1,3,2,3,4
2024-02-27,493.3531494140625,0.0018562086699889235,0,0,0,2,3,4,0,2,1,15.858189174107142,0,0,-1,2,3,2,4,4
2024-02-28,492.7010498046875,-0.001322644749051527,0,0,0,2,3,4,0,2,1,15.847396850585938,0,0,-1,1,3,2,3,4
2024-02-29,494.4722900390625,0.0035885129057531273,0,0,0,2,3,4,0,1,1,15.782586233956474,0,0,-1,1,3,1,2,3
2024-03-01,499.1145935058594,0.009344602519887779,0,0,0,4,4,4,0,1,1,15.823401314871651,0,0,-1,1,3,1,2,3
2024-03-04,498.5793151855469,-0.001073031251385359,0,0,0,3,3,4,0,1,1,15.867913382393974,0,0,-1,1,3,1,3,3
2024-03-05,493.5964050292969,-0.010044495041036328,0,0,0,1,2,3,0,1,1,15.721544538225446,0,0,-1,0,2,1,2,3
2024-03-06,496.09759521484375,0.005054482516642977,0,0,0,2,2,3,0,1,1,15.812319074358259,0,0,-1,1,2,1,2,3
2024-03-07,501.02203369140625,0.009877407626364132,0,0,0,3,3,4,0,1,1,15.821565900530134,0,0,-1,1,3,1,3,3
2024-03-08,498.01483154296875,-0.0060202207457829005,0,0,0,2,2,3,0,2,1,15.950639997209821,0,0,-1,0,2,2,1,3
2024-03-11,497.5866394042969,-0.0008601678032169602,0,0,0,1,2,3,0,1,1,16.03769792829241,0,0,-1,0,2,1,1,3
2024-03-12,502.93927001953125,0.010699736270193938,0,0,0,3,3,4,0,2,1,15.94889395577567,0,0,-1,1,3,2,3,3
2024-03-13,502.1510009765625,-0.0015685540440157908,0,0,0,2,3,4,0,1,1,15.670495169503349,0,0,-1,0,3,1,3,3
2024-03-14,501.1582946777344,-0.001978864597529828,0,0,0,2,2,3,0,1,1,15.805504935128349,0,0,-1,0,2,1,1,3
2024-03-15,497.71710205078125,-0.006890161179722298,0,0,0,1,1,3,0,1,1,15.928442818777901,0,0,-1,0,2,1,1,3
2024-03-18,500.6750793457031,0.005925499027248371,0,0,0,2,2,3,0,1,1,15.880303519112724,0,0,-1,0,2,1,2,2
2024-03-19,503.4573669433594,0.005541688705190673,0,0,0,3,3,3,0,1,1,15.70627920968192,0,0,-1,0,2,1,2,2
2024-03-20,508.11407470703125,0.00920694370519115,0,0,0,4,3,4,0,1,1,15.632971627371651,0,0,-1,1,3,1,3,2
2024-03-21,509.7931213378906,0.003299020107549566,0,0,0,4,4,4,0,0,1,15.612128121512276,0,0,-1,2,3,0,3,0
2024-03-22,508.8266906738281,-0.0018975302515098491,0,0,0,3,3,4,0,0,1,15.653030395507812,0,0,-1,2,3,0,4,0
2024-03-25,507.4209289550781,-0.002766574972928204,0,0,0,2,3,3,0,0,1,15.26627676827567,0,0,-1,1,2,0,3,0
2024-03-26,506.48370361328125,-0.0018487450961988117,0,0,0,1,2,3,0,0,1,15.240755353655134,0,0,-1,0,2,0,2,0
2024-03-27,510.7401428222656,0.008368785427243175,0,0,0,3,3,4,0,0,1,15.190318516322545,0,0,-1,0,3,0,2,1
2024-03-28,510.642578125,-0.00019104434716066265,0,0,0,2,3,4,0,0,1,14.811194283621651,0,0,-1,0,3,0,2,1
2024-04-01,509.7540588378906,-0.001741517914674695,0,0,0,2,2,3,0,0,1,14.398522513253349,0,0,-1,0,2,0,2,0
2024-04-02,506.5130310058594,-0.006378320920347846,0,0,0,1,2,3,0,0,1,14.726638793945312,0,0,-1,0,2,0,1,1
2024-04-03,507.0694274902344,0.0010978811552968537,0,0,0,1,2,3,0,0,1,14.489606584821429,0,0,-1,0,2,0,2,0
2024-04-04,500.8800964355469,-0.012281188097314377,0,0,0,0,1,2,0,0,1,14.770908900669642,0,0,-1,0,1,0,0,1
2024-04-05,506.1127014160156,0.010392630588688334,0,0,0,1,1,2,0,0,1,14.652651105608259,0,0,-1,0,1,0,1,1
2024-04-08,506.3958435058594,0.0005592883114795555,0,0,0,2,1,2,0,0,1,14.604169573102679,0,0,-1,1,1,0,1,1
2024-04-09,506.98162841796875,0.0011561042031882351,0,0,0,2,1,2,0,0,1,14.68815176827567,0,0,-1,2,1,0,2,1
2024-04-10,501.9051208496094,-0.010063667535703757,0,0,0,0,1,2,0,0,1,15.204025268554688,0,0,-1,1,1,0,1,1
2024-04-11,505.69293212890625,0.007518532040220016,0,0,0,2,1,2,0,0,1,14.966249738420759,0,0,-1,2,1,0,2,1
2024-04-12,498.71282958984375,-0.013899193288507306,0,0,0,0,0,1,0,1,1,15.357953752790179,0,0,-1,1,0,1,0,2
2024-04-15,492.46490478515625,-0.012607239535006975,0,0,0,0,0,1,0,1,1,15.94124276297433,0,0,-1,0,0,1,0,2
2024-04-16,491.5667419433594,-0.0018254760285358884,0,0,0,0,0,1,0,1,1,16.603166852678573,0,0,-1,0,0,1,0,2
2024-04-17,488.6575622558594,-0.005935760247283817,0,0,0,0,0,0,0,1,1,16.94860621861049,0,0,-1,0,0,1,0,2
2024-04-18,487.65203857421875,-0.0020598466640446844,0,0,0,0,0,0,0,1,1,17.377214704241073,0,0,-1,0,0,1,0,2
2024-04-19,483.3955993652344,-0.008766751091678238,0,0,0,0,0,0,0,1,2,17.797106061662948,0,0,-1,0,0,1,0,2
2024-04-22,487.8472900390625,0.009167061910401841,0,0,0,1,0,0,0,1,2,17.421800885881698,0,0,-1,0,0,1,1,2
2024-04-23,493.6363830566406,0.011796752838408864,0,0,0,3,1,1,0,2,1,17.405526297433035,0,0,-1,0,0,2,2,3
2024-04-24,493.4021301269531,-0.0004746581434389441,0,0,0,2,1,1,0,2,1,16.87823704310826,0,0,-1,0,1,2,2,3
2024-04-25,491.5277099609375,-0.003806204975510319,0,0,0,1,1,1,0,1,1,16.741450718470983,0,0,-1,0,0,1,2,3
2024-04-26,496.1844177246094,0.009429351197460356,0,0,0,3,1,1,0,2,1,16.750603812081472,0,0,-1,1,1,2,4,3
2024-04-29,497.94158935546875,0.0035351121453253143,0,0,0,3,1,1,0,2,1,16.660607474190847,0,0,-1,1,1,2,4,3
2024-04-30,490.0535888671875,-0.015968029534862538,0,0,0,0,0,1,0,2,1,16.792859758649552,0,0,-1,0,0,2,1,4
2024-05-01,488.46234130859375,-0.003252372112080515,0,0,0,0,0,0,0,2,2,17.552189418247767,0,0,-1,0,0,2,1,4
2024-05-02,493.03106689453125,0.009309810022751108,0,0,0,2,1,1,0,2,1,17.151602608816965,0,0,-1,1,1,2,2,4
2024-05-03,499.1423645019531,0.012319166593901087,0,0,0,4,2,1,0,2,1,16.59259033203125,0,0,-1,1,2,2,2,4
2024-05-06,504.29693603515625,0.010273898720914332,0,0,0,4,3,2,0,2,1,15.908617292131696,0,0,-1,1,3,2,3,4
2024-05-07,504.8534851074219,0.0011030052944143165,0,0,0,4,3,2,0,2,1,15.502234322684151,0,0,-1,2,3,2,4,4
2024-05-08,504.90216064453125,9.641052734199462e-05,0,0,0,3,3,2,0,2,1,15.152226039341517,0,0,-1,3,3,2,4,4
2024-05-09,507.8114013671875,0.005745452287134967,0,0,0,4,3,2,0,2,1,14.514615740094866,0,0,-1,3,4,2,4,4
2024-05-10,508.465576171875,0.0012873948923290968,0,0,0,3,3,2,0,2,1,14.455038888113839,0,0,-1,3,4,2,3,3
2024-05-13,508.5338134765625,0.00013419340362297305,0,0,0,3,3,2,0,1,1,14.628145490373884,0,0,-1,3,4,1,2,2
2024-05-14,510.8670654296875,0.004577700639478266,0,0,0,3,3,2,0,1,1,14.580882481166295,0,0,-1,3,4,1,3,2
2024-05-15,517.193115234375,0.012306924767553795,0,0,0,4,4,3,0,1,1,14.471642630440849,0,0,-1,3,4,1,4,2
2024-05-16,516.12890625,-0.002059782601176785,0,0,0,3,4,3,0,1,1,14.455843244280134,0,0,-1,2,4,1,3,2
2024-05-17,516.8709716796875,0.0014367195450564196,0,0,0,3,4,3,0,1,1,14.649459838867188,0,0,-1,2,4,1,3,2
2024-05-20,517.4664916992188,0.001151500562277974,0,0,0,3,3,3,0,1,1,14.049645560128349,0,0,-1,2,4,1,3,2
2024-05-21,518.7355346679688,0.0024494134752437446,0,0,0,3,3,3,0,1,1,13.458703177315849,0,0,-1,2,4,1,3,1
2024-05-22,529.83,0.02116201419764341,0,0,0,4,4,4,0,1,1,13.009098161969868,1,1,1,2,4,1,4,3
2024-05-23,525.96,-0.007331036157657067,0,0,0,3,4,4,0,2,1,12.2870316859654,0,1,-1,2,4,2,3,3
2024-05-24,529.44,0.006594679954571525,0,0,0,4,4,4,0,2,1,11.535058593749998,1,1,1,2,4,2,4,3
2024-05-28,529.81,0.0006986075337218622,0,0,0,3,4,4,0,2,1,10.833410295758929,1,1,1,2,4,2,4,3
2024-05-29,526.1,-0.007027142970250644,0,0,0,1,3,3,0,1,1,10.174278390066961,1,1,1,1,4,1,3,2
2024-05-30,522.61,-0.006655820739547735,0,0,0,1,2,3,0,1,1,9.671574009486603,0,1,-1,0,3,1,0,2
2024-05-31,527.37,0.009066901482690959,0,0,0,2,3,3,0,1,1,9.133815046037942,1,1,1,1,3,1,2,2
2024-06-03,527.8,0.0008150345893129796,0,0,0,2,3,3,0,1,1,8.466943533761155,1,1,1,1,3,1,1,2
2024-06-04,528.39,0.0011172233430878364,0,0,0,2,3,3,0,1,1,7.810787527901774,1,1,1,1,3,1,1,1
2024-06-05,534.67,0.011815086740545766,0,0,0,4,4,4,0,1,1,7.182721296037934,1,1,1,2,4,1,3,2
2024-06-06,534.66,-1.870330019837496e-05,0,0,0,3,4,4,0,1,1,6.328356236049095,1,0,1,2,3,1,4,2
2024-06-07,534.01,-0.0012164654760660198,0,0,0,2,3,4,0,1,1,5.433424246651774,1,0,1,1,3,1,3,2
2024-06-10,535.66,0.003085066064620001,0,0,0,3,3,4,0,1,0,4.6577805873325735,1,0,1,1,3,1,3,2
2024-06-11,536.95,0.0024053488629807163,0,0,0,3,3,4,0,1,0,3.9996046665736458,1,1,1,1,3,1,3,2
2024-06-12,541.36,0.008179511619728963,0,0,0,4,4,4,0,1,0,3.6771428571428424,1,1,1,1,4,1,3,2
2024-06-13,542.45,0.0020114233444861185,0,0,0,3,4,4,0,1,0,3.416428571428558,1,0,1,2,4,1,3,1
2024-06-14,542.78,0.0006081660296350933,0,0,0,3,4,4,0,1,0,3.3428571428571314,1,0,1,3,3,1,3,1
2024-06-17,547.1,0.007927519771669722,0,0,0,4,4,4,0,1,0,3.482857142857134,1,1,1,3,4,1,4,1
2024-06-18,548.49,0.0025374469387378085,0,0,0,3,4,4,0,1,0,3.1921428571428527,1,1,1,3,4,1,4,1
2024-06-20,547.0,-0.00272024558653694,0,0,0,2,4,4,0,1,0,3.087857142857144,1,1,1,2,3,1,3,2
2024-06-21,544.51,-0.004562494744689616,0,0,0,1,3,4,0,0,0,3.1850000000000023,1,1,1,1,3,0,2,0
2024-06-24,542.74,-0.0032559237776954575,0,0,0,1,2,3,0,0,0,3.0521428571428584,1,1,1,0,2,0,1,0
2024-06-25,544.83,0.0038434354989282937,0,0,0,1,3,4,0,0,0,3.000714285714293,1,1,1,0,3,0,1,0
2024-06-26,545.51,0.0012473175122638125,0,0,0,2,3,4,0,0,0,2.7350000000000136,1,1,1,0,2,0,1,0
2024-06-27,546.37,0.0015752650068439067,0,0,0,2,3,4,0,0,0,2.6571428571428686,1,0,1,1,2,0,1,0
2024-06-28,544.22,-0.003942825049371379,0,0,0,1,2,3,0,0,0,2.750000000000008,0,1,-1,1,2,0,1,0
2024-07-01,545.34,0.0020558764904787807,0,0,0,1,2,3,0,0,0,3.000000000000008,0,1,-1,2,2,0,2,0
2024-07-02,549.01,0.006707202921142574,0,0,0,3,3,4,0,0,0,2.9657142857142924,0,0,-1,2,2,0,2,0
2024-07-03,551.46,0.004452650318176765,0,0,0,3,3,4,0,0,0,2.8300000000000085,0,0,-1,2,3,0,3,0
2024-07-05,554.64,0.0057499480361515865,0,0,0,3,3,4,0,0,0,2.90428571428572,1,0,1,2,3,0,3,0
2024-07-08,555.28,0.001153236397090751,0,0,0,3,3,4,0,0,0,2.750714285714285,1,0,1,3,3,0,4,0
2024-07-09,555.82,0.0009720097966257057,0,0,0,3,3,4,0,0,0,2.4749999999999903,1,0,1,3,3,0,3,0
2024-07-10,561.32,0.009846652054961602,0,0,0,4,4,4,0,0,0,2.7442857142857116,1,1,1,3,4,0,4,0
2024-07-11,556.48,-0.00865992171700114,0,0,0,1,3,4,0,0,0,2.8999999999999937,1,1,1,2,3,0,2,1
2024-07-12,559.99,0.006287695260967396,0,0,0,3,3,4,0,0,0,2.666428571428566,1,1,1,2,3,0,2,1
2024-07-15,561.53,0.002746274641362234,0,0,0,3,3,4,0,0,0,2.6114285714285677,1,0,1,2,3,0,3,1
2024-07-16,564.86,0.005912711763124356,0,0,0,3,4,4,0,0,0,2.500714285714285,1,0,1,2,3,0,3,1
2024-07-17,556.94,-0.014120398634484665,0,0,0,1,2,3,0,0,0,2.961428571428566,1,1,1,1,2,0,1,2
2024-07-18,552.66,-0.007714529968676054,0,0,0,0,1,2,0,0,0,3.4578571428571405,1,1,1,1,1,0,1,2
2024-07-19,548.99,-0.006662757820797616,0,0,0,0,1,2,0,0,0,3.9657142857142844,1,1,1,0,1,0,0,2
2024-07-22,554.65,0.010257057777260492,0,0,0,1,1,3,0,1,0,3.757857142857144,1,1,1,0,1,1,1,2
2024-07-23,553.78,-0.0015697882205563118,0,0,0,1,1,2,0,1,0,3.640714285714288,0,1,-1,0,1,1,0,2
2024-07-24,541.23,-0.022923168831246343,0,0,0,0,0,1,0,2,0,4.573571428571427,0,1,-1,0,0,2,0,3
2024-07-25,538.41,-0.005223975423517047,0,0,0,0,0,1,0,2,1,5.141428571428572,0,1,-1,0,0,2,0,3
2024-07-26,544.44,0.011137391754558301,0,0,0,1,1,1,0,2,1,5.3292857142857235,0,1,-1,0,0,2,1,4
2024-07-29,544.76,0.0005875872368825696,0,0,0,1,1,1,0,2,1,5.472142857142875,0,0,-1,0,0,2,0,4
2024-07-30,542.0,-0.0050793292611013285,0,0,0,1,0,1,0,2,1,5.622142857142868,0,1,-1,0,0,2,0,4
2024-07-31,550.81,0.01612392066032875,0,0,0,4,1,2,0,2,1,5.628571428571441,0,1,-1,1,1,2,3,4
2024-08-01,543.01,-0.014262186129357701,0,0,0,1,1,1,0,3,1,6.274285714285725,0,1,-1,1,0,3,2,4
2024-08-02,532.9,-0.018793946667849504,0,0,0,0,0,0,0,3,1,7.690714285714299,0,1,-1,0,0,3,0,4
2024-08-05,517.38,-0.029556175110391436,0,0,0,0,0,0,0,3,1,9.26642857142858,0,1,-1,0,0,3,0,4
2024-08-06,522.15,0.009177288733251743,0,0,0,0,0,0,0,3,1,8.779285714285729,0,1,-1,0,0,3,0,4
2024-08-07,518.66,-0.006706340408361378,0,0,0,0,0,0,0,3,1,9.0107142857143,0,0,-1,0,0,3,0,4
2024-08-08,530.65,0.022854107690604586,0,0,0,3,0,0,0,4,1,8.485714285714307,0,1,-1,0,0,4,0,4
2024-08-09,532.99,0.0043999920559221195,0,0,0,3,0,1,0,4,1,8.490000000000025,0,0,-1,1,0,4,1,4
2024-08-12,533.27,0.0005252002446605175,0,0,0,3,1,1,0,4,1,8.529285714285736,0,1,-1,2,0,4,4,4
2024-08-13,542.04,0.01631193694605937,0,0,0,4,2,1,0,4,1,7.872142857142876,0,1,-1,2,1,4,4,4
2024-08-14,543.75,0.0031497829483750905,0,0,0,4,2,1,0,4,1,7.2407142857143025,0,0,-1,3,2,4,4,4
2024-08-15,553.07,0.016994993387029922,0,0,0,4,4,2,0,4,1,7.600000000000015,1,0,1,3,4,4,4,4
2024-08-16,554.31,0.002239521245211762,0,0,0,4,4,2,0,4,1,7.5557142857143,1,0,1,3,4,4,4,4
2024-08-19,559.61,0.00951601550355008,0,0,0,4,4,3,0,4,1,7.437857142857159,1,0,1,3,4,4,4,4
2024-08-20,558.7,-0.0016274560736322385,0,0,0,4,4,3,0,4,1,7.202142857142868,1,0,1,2,4,4,4,4
2024-08-21,560.62,0.0034306576905658304,0,0,0,4,4,3,0,3,1,6.672857142857156,1,0,1,2,4,3,4,4
2024-08-22,556.22,-0.007879414713894306,0,0,0,1,3,2,0,3,1,5.524285714285725,1,0,1,1,4,3,2,4
2024-08-23,562.13,0.010569240428295323,0,0,0,3,4,3,0,3,0,3.9842857142857206,1,1,1,1,4,3,3,4
2024-08-26,560.79,-0.0023866359777269253,0,0,0,2,3,3,0,3,0,4.102142857142861,1,0,1,0,4,3,2,4
2024-08-27,561.56,0.0013721212113981807,0,0,0,2,3,3,0,3,0,3.4864285714285677,1,0,1,1,4,3,2,4
2024-08-28,558.3,-0.0058221727874254725,0,0,0,1,2,2,0,3,0,3.7249999999999903,1,0,1,0,3,3,1,3
2024-08-29,558.35,8.955357548678933e-05,0,0,0,1,2,2,0,3,0,3.8114285714285563,1,0,1,1,3,3,2,3
2024-08-30,563.68,0.009500708701109417,0,0,0,3,3,3,0,3,0,3.752142857142847,1,1,1,1,4,3,2,3
2024-09-03,552.08,-0.020793751280543837,0,0,0,0,1,1,0,3,0,4.31357142857142,0,1,-1,1,2,3,0,2
2024-09-04,550.95,-0.002048902378557038,0,0,0,0,1,1,0,3,0,4.880714285714272,0,1,-1,0,1,3,0,2
2024-09-05,549.61,-0.002435125140223704,0,0,0,0,1,1,0,2,0,4.645714285714267,0,1,-1,0,1,2,0,2
2024-09-06,540.36,-0.01697335169204628,0,0,0,0,0,0,0,2,1,5.476428571428544,0,1,-1,0,0,2,0,2
2024-09-09,546.41,0.011134025598148689,0,0,0,1,1,1,0,2,1,5.519285714285688,0,0,-1,0,0,2,0,2
2024-09-10,548.79,0.004346244971658919,0,0,0,1,1,1,0,2,1,5.572857142857117,0,1,-1,0,1,2,1,2
2024-09-11,554.42,0.010206667589745422,0,0,0,3,2,1,0,2,1,5.919999999999967,0,1,-1,1,1,2,2,2
2024-09-12,559.09,0.008387939723515814,0,0,0,4,2,2,0,2,1,5.765714285714255,1,1,1,2,2,2,3,2
2024-09-13,562.01,0.005209181345072977,0,0,0,4,3,2,0,2,1,5.875714285714261,1,1,1,3,2,2,4,2
2024-09-16,562.84,0.0014757525903590363,0,0,0,3,3,2,0,2,1,5.806428571428545,1,0,1,3,2,2,4,2
2024-09-17,563.07,0.00040855841621212363,0,0,0,3,3,2,0,2,1,5.776428571428555,1,0,1,3,2,2,4,2
2024-09-18,561.4,-0.0029702904084807358,0,0,0,2,2,2,0,2,1,5.680714285714275,1,1,1,2,2,2,3,2
2024-09-19,570.98,0.01692051884506185,0,0,0,4,4,3,0,2,1,5.9221428571428545,1,1,1,2,4,2,4,2
2024-09-20,568.25,-0.0047927200402124726,0,0,0,3,3,3,0,2,1,6.2507142857142854,1,1,1,1,3,2,3,2
2024-09-23,569.67,0.0024957830727778685,0,0,0,3,3,3,0,2,1,5.264285714285718,1,1,1,1,3,2,3,2
2024-09-24,571.3,0.0028572199249765617,0,0,0,3,3,3,0,2,0,4.707857142857149,1,1,1,1,3,2,3,2
2024-09-25,570.04,-0.002207931925401141,0,0,0,2,3,3,0,2,0,4.534285714285724,1,0,1,1,3,2,3,2
2024-09-26,572.3,0.003956795610037922,0,0,0,2,3,3,0,2,0,3.6035714285714397,1,0,1,1,3,2,2,2
2024-09-27,571.47,-0.001451340996337258,0,0,0,2,3,3,0,2,0,3.4642857142857224,1,1,1,1,3,2,2,2
2024-09-30,573.76,0.003999201998044377,0,0,0,2,3,3,0,2,0,3.490000000000009,1,1,1,1,3,2,2,2
2024-10-01,568.62,-0.008998817706594053,0,0,0,1,2,2,0,1,0,3.413571428571442,0,1,-1,0,2,1,1,2
2024-10-02,568.86,0.00042198544776361757,0,0,0,1,2,2,0,1,0,3.5185714285714362,1,0,1,1,2,1,1,1
2024-10-03,567.82,-0.0018298910690806025,0,0,0,1,1,2,0,1,0,3.5728571428571496,0,0,-1,0,2,1,1,1
2024-10-04,572.98,0.0090463450027638,0,0,0,3,2,2,0,0,0,3.6492857142857247,1,0,1,1,2,0,2,1
2024-10-07,567.8,-0.00908156805273208,0,0,0,1,1,2,0,0,0,3.9564285714285785,0,1,-1,0,1,0,1,1
2024-10-08,573.17,0.009413112792495681,0,0,0,2,2,2,0,1,0,3.710000000000004,0,0,-1,1,2,1,2,1
2024-10-09,577.14,0.006902514561184958,0,0,0,3,3,3,0,0,0,3.4728571428571433,1,0,1,1,3,0,3,0
2024-10-10,576.13,-0.001751541717400329,0,0,0,2,2,3,0,0,0,3.2471428571428516,0,0,-1,1,2,0,3,0
2024-10-11,579.58,0.005970373619730296,0,0,0,3,3,3,0,0,0,3.3642857142857077,1,1,1,1,3,0,3,0
2024-10-14,584.32,0.008145074671618069,0,0,0,4,4,3,0,1,0,3.50142857142857,1,0,1,2,3,1,4,0
2024-10-15,579.78,-0.00780005672726336,0,0,0,2,2,3,0,1,0,3.7435714285714345,1,0,1,1,2,1,3,1
2024-10-16,582.3,0.0043370576037951025,0,0,0,2,3,3,0,1,0,3.9000000000000097,1,0,1,1,3,1,2,0
2024-10-17,582.35,8.586270558641473e-05,0,0,0,2,3,3,0,0,0,3.702857142857153,1,0,1,2,3,0,3,0
2024-10-18,584.59,0.003839105268864884,0,0,0,3,3,3,0,0,0,3.5700000000000096,1,0,1,2,3,0,2,0
2024-10-21,583.63,-0.0016435264181273723,0,0,0,2,2,3,0,0,0,3.3007142857142964,1,0,1,1,2,0,1,0
2024-10-22,583.32,-0.0005312995540371901,0,0,0,1,2,3,0,0,0,3.161428571428587,1,0,1,1,2,0,2,0
2024-10-23,577.99,-0.00917935336069764,0,0,0,0,1,2,0,0,0,3.5564285714285933,0,1,-1,0,1,0,1,0
2024-10-24,579.24,0.002160331975747276,0,0,0,1,1,2,0,0,0,3.505714285714305,1,0,1,0,1,0,1,0
2024-10-25,579.04,-0.00034533964496930025,0,0,0,1,1,2,0,0,0,3.1350000000000153,0,1,-1,0,1,0,1,0
2024-10-28,580.83,0.003086555253746681,0,0,0,2,2,2,0,0,0,3.2707142857142992,0,0,-1,0,2,0,1,0
2024-10-29,581.77,0.0016170655510618914,0,0,0,2,2,2,0,0,0,3.2021428571428765,1,0,1,1,2,0,1,0
2024-10-30,580.01,-0.003029835849098994,0,0,0,1,1,2,0,0,0,3.2200000000000193,0,1,-1,1,1,0,2,0
2024-10-31,568.64,-0.019797799804823768,0,0,0,0,0,1,0,1,0,4.125714285714309,0,1,-1,0,0,1,0,1
2024-11-01,571.04,0.0042117147755567075,0,0,0,0,0,1,0,1,0,4.168571428571454,0,1,-1,1,0,1,0,1
2024-11-04,569.81,-0.002156287814488067,0,0,0,0,0,1,0,1,0,4.165714285714306,0,1,-1,0,0,1,0,1
2024-11-05,576.7,0.012019228693987749,0,0,0,2,1,1,0,1,0,4.280000000000022,0,1,-1,0,1,1,1,1
2024-11-06,591.04,0.02456149638946581,0,0,0,4,4,3,0,2,0,5.267142857142874,1,1,1,1,3,2,3,2
2024-11-07,595.61,0.007702393449825706,0,0,0,4,4,4,0,2,1,5.420714285714309,1,1,1,2,4,2,4,2
2024-11-08,598.19,0.004322338778281143,0,0,0,4,4,4,0,2,0,5.245714285714314,1,0,1,2,4,2,4,2
2024-11-11,598.76,0.0009524208080309293,0,0,0,4,4,4,0,2,0,5.098571428571461,1,1,1,3,4,2,4,2
2024-11-12,596.9,-0.003111254872425029,0,0,0,3,3,3,0,2,0,4.776428571428596,1,1,1,2,3,2,4,1
2024-11-13,597.19,0.00048572554112524813,0,0,0,2,3,3,0,2,0,4.750000000000016,1,1,1,2,3,2,3,2
2024-11-14,593.35,-0.006450876604571221,0,0,0,1,2,3,0,2,0,5.087142857142875,1,0,1,1,3,2,1,2
2024-11-15,585.75,-0.012891366723221331,0,0,0,0,1,2,0,2,1,5.689285714285729,1,1,1,0,1,2,0,2
2024-11-18,588.15,0.00408894001853799,0,0,0,1,1,2,0,2,1,5.664285714285727,1,0,1,0,2,2,0,2
2024-11-19,590.3,0.003648864840187116,0,0,0,1,2,2,0,2,1,5.751428571428586,1,1,1,1,2,2,1,2
2024-11-20,590.5,0.00033875339077305,0,0,0,1,2,2,0,2,0,5.10785714285715,1,0,1,1,2,2,1,2
2024-11-21,593.67,0.005353973791495825,0,0,0,2,2,2,0,2,0,4.9978571428571446,1,0,1,2,2,2,2,2
2024-11-22,595.51,0.003094571836684601,0,0,0,3,2,2,0,2,0,4.625,1,0,1,3,2,2,3,2
2024-11-25,597.53,0.003386310484629007,0,0,0,3,3,3,0,2,0,4.423571428571425,1,1,1,3,3,2,3,3
2024-11-26,600.65,0.005207910417128758,0,0,0,3,3,3,0,2,0,3.4407142857142907,1,1,1,3,3,2,3,3
2024-11-27,598.83,-0.0030346506764775683,0,0,0,2,2,3,0,2,0,3.4185714285714295,1,0,1,2,3,2,3,3
2024-11-29,602.55,0.0061928979824887875,0,0,0,3,3,3,0,1,0,3.4299999999999904,1,0,1,2,3,1,3,2
2024-12-02,603.63,0.0017907779744614771,0,0,0,3,3,3,0,1,0,3.3649999999999847,1,0,1,2,3,1,3,2
2024-12-03,603.91,0.00046375276184296155,0,0,0,2,3,3,0,1,0,3.143571428571412,1,0,1,2,3,1,3,2
2024-12-04,607.66,0.006190334813609866,0,0,0,3,3,3,0,1,0,3.243571428571418,1,0,1,2,3,1,3,2
2024-12-05,606.66,-0.0016470126919632122,0,0,0,2,3,3,0,0,0,2.9207142857142765,1,0,1,2,3,0,3,0
2024-12-06,607.81,0.0018938307965008505,0,0,0,2,3,3,0,0,0,2.107142857142857,1,0,1,2,3,0,2,0
2024-12-09,604.68,-0.005162940647351455,0,0,0,1,2,3,0,0,0,2.2742857142857167,1,0,1,1,2,0,2,0
2024-12-10,602.8,-0.003113925728161604,0,0,0,1,2,2,0,0,0,2.3414285714285774,1,0,1,0,2,0,1,0
2024-12-11,607.46,0.007700862673165609,0,0,0,2,2,3,0,0,0,2.1292857142857264,1,0,1,0,2,0,1,0
2024-12-12,604.33,-0.00516592307378172,0,0,0,1,2,2,0,0,0,2.2042857142857235,1,0,1,0,2,0,1,1
2024-12-13,604.21,-0.0001985867251290685,0,0,0,1,2,2,0,0,0,2.3778571428571484,0,1,-1,0,2,0,1,0
2024-12-16,606.79,0.004260947817448013,0,0,0,2,2,2,0,0,0,2.3507142857142918,1,1,1,0,2,0,2,0
2024-12-17,604.29,-0.004128552285604492,0,0,0,1,1,2,0,0,0,2.5907142857142844,0,1,-1,0,1,0,2,0
2024-12-18,586.28,-0.030256723999292134,0,0,0,0,0,1,0,2,0,3.6992857142857116,0,1,-1,0,0,2,0,3
2024-12-19,586.1,-0.0003070676767151781,0,0,0,0,0,1,0,2,0,5.028571428571427,0,1,-1,0,0,2,0,3
2024-12-20,591.15,0.008579368826723943,0,0,0,1,0,1,0,2,0,5.379285714285719,0,1,-1,0,0,2,0,3
2024-12-23,594.69,0.005970469061097106,0,0,0,2,1,1,0,2,1,5.536428571428579,0,1,-1,0,1,2,0,3
2024-12-24,601.3,0.011053716675275105,0,0,0,4,1,2,0,2,1,5.715000000000008,0,0,-1,1,1,2,1,4
2024-12-26,601.34,6.65203219831767e-05,0,0,0,3,1,2,0,2,1,5.847857142857143,0,1,-1,2,1,2,4,4
2024-12-27,595.01,-0.010582286240401473,0,0,0,1,1,1,0,2,1,6.555714285714283,0,1,-1,2,1,2,3,4
2024-12-30,588.22,-0.011477184545106489,0,0,0,0,0,1,0,2,1,6.999285714285707,0,1,-1,1,0,2,1,4
2024-12-31,586.08,-0.0036447285514507044,0,0,0,0,0,0,0,2,1,7.042142857142843,0,1,-1,0,0,2,0,4
2025-01-02,584.64,-0.0024600258408584708,0,0,0,0,0,0,0,2,1,7.277857142857125,0,0,-1,0,0,2,0,4
2025-01-03,591.95,0.01242589866798216,0,0,0,2,1,1,0,2,1,7.11285714285713,0,0,-1,0,1,2,0,4
2025-01-06,595.36,0.005744092740657791,0,0,0,3,1,1,0,2,1,7.099285714285705,1,0,1,0,1,2,2,4
2025-01-07,588.63,-0.011368461698173071,0,0,0,1,1,1,0,2,1,7.818571428571423,0,0,-1,0,0,2,2,4
2025-01-08,589.49,0.0014599534050070417,0,0,0,1,1,1,0,2,1,8.129999999999995,0,0,-1,1,1,2,2,4
2025-01-10,580.49,-0.015385181844389528,0,0,0,0,0,0,0,3,1,7.562142857142858,0,1,-1,1,0,3,1,4
2025-01-13,581.39,0.0015492136537389456,0,0,0,0,0,0,0,3,1,6.478571428571432,0,1,-1,1,0,3,0,4
2025-01-14,582.19,0.0013750668214518313,0,0,0,1,0,0,0,3,1,6.324999999999997,0,0,-1,1,0,3,0,4
2025-01-15,592.78,0.018026480285158186,0,0,0,4,1,1,0,3,1,6.6314285714285655,1,1,1,2,1,3,2,4
2025-01-16,591.64,-0.0019249934179264017,0,0,0,3,1,1,0,3,1,6.3671428571428565,1,0,1,1,1,3,2,4
2025-01-17,597.58,0.009989824253240798,0,0,0,4,2,1,0,3,1,6.4207142857142925,1,1,1,2,2,3,4,4
2025-01-21,603.05,0.009111945972810176,0,0,0,4,3,2,0,2,1,5.928571428571429,1,1,1,2,3,2,4,3
2025-01-22,606.44,0.005605683184120025,0,0,0,4,3,2,0,2,0,5.412857142857149,1,1,1,2,3,2,4,3
2025-01-23,609.75,0.005443241882639782,0,0,0,4,4,3,0,2,0,5.146428571428577,1,0,1,2,4,2,4,3
2025-01-24,607.97,-0.0029234984524828533,0,0,0,3,3,2,0,2,0,4.928571428571437,1,0,1,2,3,2,4,3
2025-01-27,599.37,-0.014246435063551388,0,0,0,0,1,1,0,2,1,5.752857142857157,1,0,1,1,2,2,2,3
2025-01-28,604.52,0.008555651121938901,0,0,0,2,2,2,0,2,1,5.900714285714295,1,0,1,1,3,2,2,3
2025-01-29,601.81,-0.004492973827807667,0,0,0,1,2,1,0,2,1,5.488571428571431,1,0,1,0,2,2,1,3
2025-01-30,605.04,0.005352790673660124,0,0,0,2,2,2,0,2,0,4.976428571428569,1,0,1,0,3,2,1,3
2025-01-31,601.82,-0.005336174271609373,0,0,0,1,1,1,0,2,0,4.536428571428563,1,1,1,0,2,2,1,3
2025-02-03,597.77,-0.006752332693595875,0,0,0,0,1,1,0,2,0,5.0399999999999965,0,1,-1,0,1,2,1,3
2025-02-04,601.78,0.006685865428699422,0,0,0,1,1,1,0,2,0,4.929285714285713,0,0,-1,0,2,2,1,3
2025-02-05,604.22,0.00404644001543808,0,0,0,2,2,2,0,2,0,4.602142857142853,0,0,-1,1,2,2,2,3
2025-02-06,606.32,0.003469529477063915,0,0,0,3,2,2,0,2,0,4.577142857142852,0,0,-1,1,2,2,2,2
2025-02-07,600.77,-0.009195733722652477,0,0,0,1,1,1,0,2,0,4.741428571428571,0,1,-1,1,1,2,1,3
2025-02-10,604.85,0.006768327624739889,0,0,0,2,2,1,0,1,0,4.712142857142859,0,0,-1,2,2,1,3,2
2025-02-11,605.31,0.0007602300888374103,0,0,0,2,2,1,0,1,0,4.643571428571428,0,0,-1,2,2,1,2,2
2025-02-12,603.36,-0.0032266899846433716,0,0,0,1,1,1,0,1,0,4.991428571428571,0,1,-1,1,1,1,1,2
2025-02-13,609.73,0.010502202720019227,0,0,0,3,2,2,0,1,0,5.150714285714287,0,1,-1,1,2,1,2,2
2025-02-14,609.7,-4.9203316312862455e-05,0,0,0,3,2,2,0,1,0,4.245714285714281,1,0,1,1,2,1,3,2
2025-02-18,611.49,0.002931568849972699,0,0,0,3,2,2,0,1,0,3.9950000000000045,1,0,1,1,2,1,3,2
2025-02-19,612.93,0.002352135156078461,0,0,0,3,2,2,0,1,0,3.7542857142857264,1,0,1,1,2,1,3,1
2025-02-20,610.38,-0.004169022886111762,0,0,0,1,2,2,0,1,0,4.098571428571445,1,1,1,1,2,1,3,1
2025-02-21,599.94,-0.017252063817870145,0,0,0,0,1,1,0,1,0,4.595714285714296,0,1,-1,0,1,1,0,2
2025-02-24,597.21,-0.004560839881853518,0,0,0,0,0,1,0,1,0,4.660000000000001,0,0,-1,0,1,1,0,2
2025-02-25,594.24,-0.0049855321696030686,0,0,0,0,0,1,0,1,0,5.181428571428569,0,1,-1,0,0,1,0,2
2025-02-26,594.54,0.0005047191345211033,0,0,0,0,0,1,0,1,0,5.192142857142861,0,1,-1,0,0,1,0,2
2025-02-27,585.05,-0.016090683633868785,0,0,0,0,0,0,0,1,1,6.090714285714292,0,1,-1,0,0,1,0,2
2025-02-28,594.18,0.015484990096273243,0,0,0,1,0,1,0,2,1,5.917142857142859,0,1,-1,0,0,2,1,2
2025-03-03,583.77,-0.017675234123061934,0,0,0,0,0,0,0,2,1,6.7028571428571455,0,1,-1,0,0,2,0,3
2025-03-04,576.86,-0.011907466885946683,0,0,0,0,0,0,0,2,1,7.992857142857141,0,1,-1,0,0,2,0,3
2025-03-05,583.06,0.010690494254756544,0,0,0,1,0,0,0,2,1,7.777142857142857,0,1,-1,0,0,2,0,3
2025-03-06,572.71,-0.01791061661063953,0,0,0,0,0,0,0,3,1,8.331428571428562,0,1,-1,0,0,3,0,3
2025-03-07,575.92,0.00558928176472584,0,0,0,0,0,0,0,3,1,8.789999999999996,0,1,-1,0,0,3,0,3
2025-03-10,560.58,-0.026996800128079812,0,0,0,0,0,0,0,3,1,10.14785714285713,0,1,-1,0,0,3,0,4
2025-03-11,555.92,-0.008347563026832816,0,0,0,0,0,0,0,3,1,10.982857142857126,0,1,-1,0,0,3,0,4
2025-03-12,558.87,0.005292488963645425,0,0,0,0,0,0,0,3,1,10.928571428571413,0,1,-1,0,0,3,0,4
2025-03-13,551.42,-0.013420118728400432,0,0,0,0,0,0,0,3,1,10.924999999999995,0,0,-1,0,0,3,0,4
2025-03-14,562.81,0.020445324142390753,0,0,0,2,0,0,0,3,1,10.254285714285711,0,0,-1,0,0,3,0,4
2025-03-17,567.15,0.007681725621307756,0,0,0,3,0,0,0,3,1,9.863571428571422,0,0,-1,1,0,3,3,4
2025-03-18,561.02,-0.010867263493918422,0,0,0,1,0,0,0,3,1,10.244999999999996,0,0,-1,1,0,3,2,4
2025-03-19,567.13,0.010831998832632195,0,0,0,3,0,0,0,3,1,9.357857142857133,0,0,-1,1,0,3,3,4
2025-03-20,565.49,-0.002895942409898211,0,0,0,2,0,0,0,3,1,9.47357142857142,0,0,-1,1,0,3,4,4
2025-03-21,563.98,-0.0026738220574618055,0,0,0,1,0,0,0,3,1,8.986428571428567,0,1,-1,0,0,3,2,4
2025-03-24,574.08,0.01774996955395025,0,0,0,4,1,0,0,4,1,8.179999999999998,0,0,-1,0,1,4,3,4
2025-03-25,575.46,0.0024009615375346627,0,0,0,4,1,0,0,4,1,7.937857142857142,1,0,1,1,2,4,4,4
2025-03-26,568.59,-0.012010108961575838,0,0,0,1,1,0,0,4,1,7.604285714285717,0,0,-1,0,1,4,2,4
2025-03-27,567.08,-0.0026592247568828498,0,0,0,1,1,0,0,4,1,7.759285714285714,0,0,-1,0,1,4,2,4
2025-03-28,555.66,-0.020343790839161713,0,0,0,0,0,0,0,4,1,7.395714285714291,0,1,-1,0,0,4,0,4
2025-03-31,559.39,0.006690307901799919,0,0,0,0,0,0,0,3,1,7.050714285714288,0,1,-1,0,1,3,0,4
2025-04-01,560.97,0.002820523844929035,0,0,0,1,0,0,0,3,1,7.090714285714292,1,0,1,0,1,3,0,4
2025-04-02,564.52,0.006308384388816535,0,0,0,2,1,0,0,3,1,6.695714285714295,1,1,1,1,1,3,1,3
2025-04-03,536.7,-0.050536533362931735,0,0,0,0,0,0,0,4,1,8.625714285714293,0,1,-1,1,0,4,0,4
2025-04-04,505.28,-0.06032654811539029,0,0,0,0,0,0,0,4,1,11.437857142857158,0,1,-1,1,0,4,0,4
2025-04-07,504.38,-0.0017827788332125394,0,0,0,0,0,0,0,4,1,12.494285714285724,0,1,-1,0,0,4,0,4
2025-04-08,496.48,-0.01578675153395892,0,0,0,0,0,0,0,4,1,14.250000000000004,0,1,-1,0,0,4,0,4
2025-04-09,548.62,0.0998628335732823,0,0,0,4,1,0,0,4,1,15.54857142857143,0,1,-1,0,1,4,0,4
2025-04-10,524.58,-0.04480809185260615,0,0,0,1,0,0,0,4,1,17.822857142857142,0,1,-1,0,0,4,0,4
2025-04-11,533.94,0.017685530675938033,0,0,0,4,0,0,0,4,1,17.488571428571422,0,1,-1,0,0,4,4,4
2025-04-14,539.12,0.009654707541117524,0,0,0,4,0,0,0,4,1,17.65285714285714,0,0,-1,1,0,4,4,4
2025-04-15,537.61,-0.0028047904115400257,0,0,0,3,0,0,0,4,1,17.538571428571426,0,1,-1,1,0,4,4,4
2025-04-16,525.66,-0.022478774320046746,0,0,0,0,0,0,0,4,1,18.132857142857144,0,1,-1,0,0,4,0,4
2025-04-17,526.41,0.0014257608848238235,0,0,0,0,0,0,0,4,1,17.864285714285717,0,0,-1,1,0,4,2,4
2025-04-21,513.88,-0.02409060162769805,0,0,0,0,0,0,0,4,2,18.51857142857143,0,0,-1,0,0,4,0,4
2025-04-22,527.25,0.025685044195425277,0,0,0,2,0,0,0,4,1,18.507142857142856,1,0,1,0,0,4,0,4
2025-04-23,535.42,0.01537666627806189,0,0,0,4,1,0,0,4,1,18.540714285714277,1,0,1,1,1,4,1,4
2025-04-24,546.69,0.020830428529060363,0,0,0,4,3,0,0,4,1,16.436428571428575,1,0,1,2,3,4,4,4
2025-04-25,550.64,0.007199323924021783,0,0,0,4,3,0,0,4,1,13.616428571428575,1,0,1,2,4,4,4,4
2025-04-28,550.85,0.0003813016959650639,0,0,0,4,3,1,0,4,1,12.340714285714293,1,0,1,3,4,4,4,4
2025-04-29,554.32,0.006279597533040082,0,0,0,4,4,1,0,4,1,10.598571428571445,1,0,1,3,4,4,4,4
2025-04-30,554.54,0.00039680392995755653,0,0,0,4,3,1,0,4,1,9.824285714285736,1,1,1,3,4,4,4,4
2025-05-01,558.47,0.007061960508576881,0,0,0,4,4,1,0,4,1,7.254285714285738,1,0,1,3,4,4,4,4
2025-05-02,566.76,0.014735031938326593,0,0,0,4,4,2,0,4,1,7.211428571428594,1,0,1,3,4,4,4,4
2025-05-05,563.51,-0.005750854144721096,0,0,0,3,4,1,0,4,1,7.3807142857143,1,0,1,2,4,4,4,3
2025-05-06,558.8,-0.008393452168473203,0,0,0,1,3,1,0,4,1,7.465000000000019,1,0,1,1,4,4,2,3
2025-05-07,561.15,0.004196622079450485,0,0,0,2,3,1,0,4,1,6.407142857142873,1,0,1,1,4,4,3,3
2025-05-08,565.06,0.006943670736172081,0,0,0,3,4,2,0,4,1,5.675714285714292,1,1,1,1,4,4,3,2
2025-05-09,564.34,-0.0012750134541139602,0,0,0,2,3,1,0,3,0,4.820000000000001,1,0,1,0,4,3,1,1
2025-05-12,582.99,0.032513126800331804,0,0,0,4,4,4,0,4,1,5.530000000000006,1,1,1,1,4,4,4,1
2025-05-13,586.84,0.006582176726710465,0,0,0,4,4,4,0,4,0,5.3307142857142935,1,1,1,2,4,4,4,1
2025-05-14,587.59,0.0012772155036122612,0,0,0,4,4,4,0,4,0,5.347142857142858,1,0,1,2,4,4,4,1
2025-05-15,590.46,0.004872468363883442,0,0,0,4,4,4,0,3,0,5.2957142857142845,1,1,1,2,4,3,4,1
2025-05-16,594.2,0.006314068889547109,0,0,0,4,4,4,0,3,0,5.125,1,1,1,3,4,3,4,1
2025-05-19,594.85,0.0010933098940260066,0,0,0,4,4,4,0,3,0,5.396428571428568,1,1,1,3,4,3,4,1
2025-05-20,592.85,-0.0033678570184498824,0,0,0,2,4,4,0,2,0,4.857142857142849,1,1,1,2,4,2,3,1
2025-05-21,582.86,-0.016994395612386803,0,0,0,0,3,3,0,3,1,5.4192857142856985,1,1,1,1,3,3,1,1
2025-05-22,583.09,0.0003945280723582911,0,0,0,0,3,3,0,2,1,5.81785714285713,1,1,1,1,3,2,1,1
2025-05-23,579.11,-0.006849106106606051,0,0,0,0,2,2,0,3,1,5.992857142857133,1,1,1,0,2,3,0,0
2025-05-27,591.15,0.020577350051682153,0,0,0,4,4,4,0,3,1,6.099285714285705,1,0,1,0,4,3,1,0
2025-05-28,587.73,-0.005802133541061849,0,0,0,2,3,3,0,3,1,6.199285714285703,1,1,1,0,3,3,1,0
2025-05-29,590.05,0.003939620303700764,0,0,0,2,3,3,0,3,1,6.304999999999999,1,1,1,1,3,3,3,0
2025-05-30,589.39,-0.0011191753186077236,0,0,0,2,3,3,0,3,1,6.365000000000001,0,1,-1,0,3,3,3,0
2025-06-02,592.71,0.005617136840265324,0,0,0,3,3,3,0,3,1,5.567857142857146,0,0,-1,1,3,3,4,0
2025-06-03,596.09,0.005686421782960416,0,0,0,3,4,4,0,3,1,5.52928571428572,0,0,-1,1,3,3,2,0
2025-06-04,595.93,-0.00026845187322432906,0,0,0,3,3,3,0,3,1,5.505000000000011,0,0,-1,1,3,3,3,0
2025-06-05,593.05,-0.0048444980278752325,0,0,0,1,3,3,0,3,1,5.677142857142875,0,0,-1,0,2,3,2,0
2025-06-06,599.14,0.010216581202664443,0,0,0,3,4,4,0,3,1,5.718571428571449,0,0,-1,1,3,3,3,0
2025-06-09,599.68,0.000900885932034079,0,0,0,3,3,4,0,3,0,5.365000000000025,1,0,1,1,3,3,3,0
2025-06-10,603.08,0.0056536783007059555,0,0,0,3,4,4,0,1,0,5.120714285714314,1,0,1,1,3,1,3,0
2025-06-11,601.36,-0.0028561010414991372,0,0,0,2,3,4,0,1,0,4.593571428571465,1,1,1,1,3,1,2,0
2025-06-12,603.75,0.003966448097561859,0,0,0,3,3,4,0,1,0,4.047142857142895,1,0,1,2,3,1,3,0
2025-06-13,597.0,-0.011243091574161035,0,0,0,1,2,3,0,2,0,4.101428571428609,1,0,1,1,2,2,1,0
2025-06-16,602.68,0.009469262540469536,0,0,0,2,3,3,0,2,0,3.6642857142857514,1,1,1,1,3,2,2,0
2025-06-17,597.53,-0.008581884182826904,0,0,0,1,2,2,0,2,0,3.861428571428616,0,1,-1,0,2,2,1,0
2025-06-18,597.44,-0.00015063139688820115,0,0,0,1,2,2,0,2,0,3.975000000000039,0,1,-1,0,2,2,1,0
2025-06-20,594.28,-0.005303271584197411,0,0,0,1,1,2,0,1,0,3.984285714285761,0,1,-1,0,1,1,0,0
2025-06-23,600.15,0.00982903520218592,0,0,0,2,2,3,0,1,0,3.8457142857143287,0,1,-1,0,2,1,2,0
2025-06-24,606.78,0.010986663170761801,0,0,0,4,3,3,0,1,0,4.055714285714324,0,1,-1,0,3,1,2,0
2025-06-25,607.12,0.0005601779535222562,0,0,0,3,3,3,0,1,0,4.06214285714289,0,0,-1,1,3,1,3,0
2025-06-26,611.87,0.00779337655203971,0,0,0,4,4,4,0,0,0,3.9450000000000256,1,1,1,2,3,0,4,0
2025-06-27,614.91,0.0049560739864285,0,0,0,4,4,4,0,1,0,3.8585714285714516,1,1,1,3,3,1,4,0
2025-06-30,617.85,0.004769793916045373,0,0,0,4,4,4,0,0,0,3.880714285714305,1,1,1,3,4,0,4,0
2025-07-01,617.65,-0.0003237555673765158,0,0,0,3,4,4,0,0,0,3.9164285714285905,1,0,1,2,3,0,3,0
2025-07-02,620.45,0.004523067237799161,0,0,0,3,4,4,0,0,0,3.7600000000000153,1,0,1,2,4,0,4,0
2025-07-03,625.34,0.007850480601400811,0,0,0,4,4,4,0,1,0,3.9750000000000147,1,0,1,2,4,1,4,0
2025-07-07,620.68,-0.0074798506067468296,0,0,0,2,3,4,0,1,0,3.917857142857161,1,0,1,1,3,1,2,0
2025-07-08,620.34,-0.0005479363886253807,0,0,0,1,3,4,0,0,0,3.951428571428583,1,0,1,0,3,0,2,0
2025-07-09,624.06,0.005978802766430036,0,0,0,3,4,4,0,1,0,3.596428571428573,1,0,1,1,3,1,3,0
2025-07-10,625.82,0.002816272223361338,0,0,0,3,4,4,0,0,0,3.367142857142864,1,0,1,1,4,0,2,0
2025-07-11,623.62,-0.0035215813062023926,0,0,0,2,3,4,0,1,0,3.177857142857152,1,0,1,0,3,1,1,0
2025-07-14,624.81,0.0019063950087767623,0,0,0,2,3,4,0,0,0,3.1371428571428703,1,0,1,1,3,0,2,0
2025-07-15,622.14,-0.00428245572078545,0,0,0,1,2,3,0,0,0,2.9071428571428686,0,0,-1,1,2,0,2,0
2025-07-16,624.22,0.0033377225376254316,0,0,0,2,2,3,0,0,0,3.1107142857142986,1,1,1,1,3,0,1,0
2025-07-17,628.04,0.006100988371438021,0,0,0,3,3,4,0,0,0,3.114285714285724,1,1,1,1,3,0,2,0
2025-07-18,627.58,-0.0007327057877040133,0,0,0,2,3,4,0,0,0,3.0414285714285745,0,1,-1,1,3,0,2,0
2025-07-21,628.77,0.0018943771335591109,0,0,0,2,3,4,0,0,0,2.991428571428571,1,0,1,1,3,0,2,0
2025-07-22,628.86,0.00014312635696356324,0,0,0,2,3,3,0,0,0,3.016428571428565,1,1,1,2,2,0,3,0
2025-07-23,634.21,0.008471473466342694,0,0,0,3,3,4,0,0,0,3.22071428571428,1,1,1,2,3,0,3,0
2025-07-24,634.42,0.00033106579840858075,0,0,0,3,3,4,0,0,0,2.8899999999999944,1,1,1,2,3,0,3,0
2025-07-25,637.1,0.004215433447528838,0,0,0,3,3,4,0,0,0,2.42428571428571,1,0,1,3,3,0,3,0
2025-07-28,636.94,-0.0002511695093412314,0,0,0,2,3,4,0,0,0,2.2721428571428612,1,1,1,2,3,0,3,0
2025-07-29,635.26,-0.0026410957028009108,0,0,0,2,3,4,0,0,0,2.3314285714285785,1,0,1,1,2,0,3,0
2025-07-30,634.46,-0.0012601205082356515,0,0,0,1,2,3,0,0,0,2.5535714285714284,1,0,1,0,2,0,2,0
2025-07-31,632.08,-0.003758274987573529,0,0,0,1,2,3,0,0,0,2.6471428571428453,0,1,-1,0,2,0,1,0
2025-08-01,621.72,-0.016526137799754537,0,0,0,0,1,2,0,0,0,3.8121428571428413,0,1,-1,0,1,0,0,0
2025-08-04,631.17,0.015085409270317207,0,0,0,2,2,3,0,0,0,3.9414285714285517,0,1,-1,0,1,0,1,1
2025-08-05,627.97,-0.005082845258525204,0,0,0,1,1,2,0,0,0,3.9442857142856917,0,1,-1,0,1,0,1,1
2025-08-06,632.78,0.007630415764880993,0,0,0,2,2,3,0,0,0,3.7199999999999784,0,0,-1,0,2,0,1,1
2025-08-07,632.25,-0.0008379248413223905,0,0,0,2,2,2,0,0,0,3.869285714285695,0,1,-1,0,1,0,1,1
2025-08-08,637.18,0.007767304673691022,0,0,0,3,2,3,0,1,0,3.9214285714285535,0,1,-1,1,2,1,4,1
2025-08-11,635.92,-0.001979420958917899,0,0,0,2,2,3,0,1,0,3.9099999999999846,0,1,-1,0,2,1,2,1
2025-08-12,642.69,0.010589723632364212,0,0,0,4,3,3,0,1,0,3.8571428571428408,0,1,-1,1,3,1,4,1
2025-08-13,644.89,0.003417266718821921,0,0,0,4,3,4,0,1,0,3.9871428571428362,0,0,-1,1,3,1,3,2
2025-08-14,644.95,9.303479508027124e-05,0,0,0,3,3,3,0,1,0,4.101428571428544,1,0,1,2,3,1,4,2
2025-08-15,643.44,-0.002344011815328173,0,0,0,2,3,3,0,1,0,4.163571428571402,1,0,1,1,2,1,2,2
2025-08-18,643.3,-0.00021760417885907657,0,0,0,2,2,3,0,1,0,4.164285714285695,0,0,-1,1,2,1,3,2
2025-08-19,639.81,-0.005439921139334558,0,0,0,1,2,2,0,1,0,4.207857142857124,0,1,-1,0,2,1,1,2
2025-08-20,638.11,-0.0026605750012631546,0,0,0,1,1,2,0,1,0,4.297857142857124,0,1,-1,0,1,1,1,2
2025-08-21,635.55,-0.0040199165356593625,0,0,0,1,1,2,0,1,0,3.309999999999986,0,0,-1,0,1,1,0,2
2025-08-22,645.31,0.015240055749235815,0,0,0,3,2,3,0,1,0,3.4892857142856997,0,1,-1,0,2,1,2,2
2025-08-25,642.47,-0.004410698417693482,0,0,0,2,2,2,0,1,0,3.4821428571428408,0,0,-1,0,2,1,1,2
2025-08-26,645.16,0.004178224976738143,0,0,0,2,2,3,0,1,0,3.534285714285699,0,0,-1,0,2,1,2,2
2025-08-27,646.63,0.0022759127017861758,0,0,0,2,2,3,0,1,0,3.3521428571428453,0,0,-1,1,2,1,3,2
2025-08-28,648.92,0.0035351817914204275,0,0,0,3,3,3,0,1,0,3.3564285714285558,0,1,-1,2,3,1,4,2
2025-08-29,645.05,-0.005981609371042751,0,0,0,1,2,2,0,1,0,3.589285714285698,0,1,-1,1,2,1,1,2
2025-09-02,640.27,-0.007437870781654254,0,0,0,0,1,2,0,0,0,4.0457142857142685,0,1,-1,1,1,0,1,1
2025-09-03,643.74,0.005404955487221308,0,0,0,1,1,2,0,0,0,4.132142857142843,0,1,-1,1,1,0,1,1
2025-09-04,649.12,0.008322681581415026,0,0,0,3,2,3,0,0,0,4.300714285714272,1,0,1,1,2,0,2,2
2025-09-05,647.24,-0.002900430926525921,0,0,0,2,2,2,0,0,0,4.540714285714265,1,1,1,0,2,0,1,2
2025-09-08,648.83,0.0024535724114436164,0,0,0,2,2,2,0,0,0,4.582857142857116,1,0,1,1,2,0,2,2
2025-09-09,650.33,0.002309185422180171,0,0,0,2,2,3,0,0,0,4.353571428571407,1,1,1,2,2,0,3,2
2025-09-10,652.21,0.0028866695924554264,0,0,0,2,2,3,0,0,0,3.9599999999999875,1,1,1,2,2,0,3,1
2025-09-11,657.63,0.0082758671816352,0,0,0,4,3,3,0,0,0,3.8728571428571286,1,1,1,2,3,0,3,2
2025-09-12,657.41,-0.000334590585916672,0,0,0,3,3,3,0,0,0,3.414285714285711,1,1,1,2,3,0,3,2
2025-09-15,660.91,0.005309800690629807,0,0,0,3,3,3,0,0,0,3.2642857142857173,1,0,1,2,3,0,3,2
2025-09-16,660.0,-0.0013778382235933861,0,0,0,2,3,3,0,0,0,3.3214285714285716,1,0,1,1,3,0,3,2
2025-09-17,659.18,-0.001243196691294024,0,0,0,2,3,3,0,0,0,3.6485714285714317,1,1,1,0,3,0,3,2
2025-09-18,662.26,0.004661589746742578,0,0,0,3,3,3,0,0,0,3.615714285714294,1,1,1,0,3,0,2,2
2025-09-19,663.7,0.0021720120759507466,0,0,0,3,3,3,0,0,0,3.3378571428571524,1,1,1,1,3,0,2,1
2025-09-22,666.84,0.004719896927944056,0,0,0,3,3,4,0,0,0,2.777857142857158,1,1,1,1,3,0,2,1
2025-09-23,663.21,-0.005458454964694326,0,0,0,1,2,3,0,0,0,2.8928571428571592,1,1,1,1,3,0,2,1
2025-09-24,661.1,-0.0031865677755904542,0,0,0,1,2,3,0,0,0,2.987857142857162,1,0,1,1,2,0,2,1
2025-09-25,658.05,-0.004624198059192786,0,0,0,1,1,2,0,0,0,3.052142857142883,0,1,-1,0,1,0,1,1
2025-09-26,661.82,0.005712699360993945,0,0,0,2,2,2,0,0,0,2.9828571428571746,0,0,-1,0,2,0,1,1
2025-09-29,663.68,0.002806489959768399,0,0,0,2,2,3,0,0,0,2.9614285714285984,0,1,-1,0,2,0,1,1
2025-09-30,666.18,0.0037597986931157124,0,0,0,2,2,3,0,0,0,3.0128571428571638,1,1,1,1,2,0,2,0
2025-10-01,668.45,0.003401695134897409,0,0,0,3,3,3,0,0,0,3.0157142857143038,1,0,1,2,2,0,3,0
2025-10-02,669.22,0.0011512556685051578,0,0,0,2,3,3,0,0,0,3.0692857142857326,1,0,1,3,2,0,3,0
2025-10-03,669.21,-1.4942880838475503e-05,0,0,0,2,2,3,0,0,0,3.028571428571443,1,0,1,2,2,0,3,0
2025-10-06,671.61,0.0035799026910945386,0,0,0,2,3,3,0,0,0,2.9835714285714436,1,0,1,2,2,0,3,0
2025-10-07,669.12,-0.0037143986676255736,0,0,0,1,2,3,0,0,0,2.8578571428571586,1,0,1,1,2,0,2,0
2025-10-08,673.11,0.005945347299517678,0,0,0,2,3,3,0,0,0,2.8014285714285814,1,0,1,1,2,0,2,0
2025-10-09,671.16,-0.0029012049182943755,0,0,0,2,2,3,0,0,0,2.9450000000000096,1,0,1,0,2,0,2,0
2025-10-10,653.02,-0.027399801942684654,0,0,0,0,0,1,0,1,0,4.275714285714295,1,1,1,0,0,1,0,4
2025-10-13,663.04,0.015227563512214992,0,0,0,1,1,2,0,2,0,4.707857142857157,1,1,1,0,1,2,1,4
2025-10-14,662.23,-0.0012223925703596095,0,0,0,1,1,2,0,2,0,4.96714285714287,0,1,-1,0,1,2,1,4
2025-10-15,665.17,0.004429719462837767,0,0,0,2,1,2,0,2,0,4.725000000000015,0,1,-1,0,1,2,1,4
2025-10-16,660.64,-0.006833584945701077,0,0,0,1,1,1,0,2,0,5.237857142857154,0,1,-1,0,1,2,0,4
2025-10-17,664.39,0.005660264314089503,0,0,0,2,1,2,0,2,0,5.4528571428571615,0,1,-1,1,1,2,3,4
2025-10-20,671.3,0.010346804492812112,0,0,0,3,2,2,0,2,0,5.700714285714306,0,1,-1,1,2,2,3,4
2025-10-21,671.29,-1.4896580490031397e-05,0,0,0,3,2,2,0,2,0,5.572142857142873,0,0,-1,1,2,2,3,4
2025-10-22,667.8,-0.005212506854653576,0,0,0,1,1,2,0,2,0,6.023571428571439,0,1,-1,0,1,2,2,4
2025-10-23,671.76,0.005912406365744083,0,0,0,2,2,2,0,2,0,5.943571428571439,0,0,-1,1,2,2,3,4
2025-10-24,677.25,0.00813934708988473,0,0,0,4,3,3,0,2,1,6.191428571428584,1,0,1,1,3,2,3,4
2025-10-27,685.24,0.011728660897036391,0,0,0,4,4,4,0,2,1,6.393571428571436,1,0,1,1,4,2,4,4
2025-10-28,687.06,0.002652482791041244,0,0,0,4,4,4,0,2,1,6.480714285714295,1,0,1,2,4,2,4,4
2025-10-29,687.39,0.00048019208605687425,0,0,0,3,4,4,0,2,1,6.501428571428578,1,1,1,3,4,2,4,4
2025-10-30,679.83,-0.01105904982440098,0,0,0,1,2,2,0,2,0,5.712142857142859,1,0,1,2,2,2,3,4
2025-10-31,682.06,0.003274863598394795,0,0,0,1,2,3,0,2,0,5.2100000000000035,1,0,1,2,3,2,2,4
2025-11-03,683.34,0.0018749090009686498,0,0,0,2,2,3,0,2,0,4.656428571428568,1,0,1,2,3,2,1,4
2025-11-04,675.24,-0.011924356281109105,0,0,0,0,1,2,0,2,0,5.174999999999987,1,1,1,1,1,2,0,4
2025-11-05,677.58,0.0034594437304411585,0,0,0,1,1,2,0,2,0,4.659999999999984,1,0,1,1,2,2,0,4
2025-11-06,670.31,-0.01078733501786644,0,0,0,0,1,1,0,3,0,5.104999999999985,1,1,1,1,1,3,0,4
2025-11-07,670.97,0.0009841346374628301,0,0,0,0,1,1,0,1,0,5.359285714285696,1,1,1,1,1,1,0,3
2025-11-10,681.44,0.015483779591664693,0,0,0,3,2,2,0,1,0,6.0049999999999875,1,1,1,1,2,1,1,3
2025-11-11,683.0,0.002286653395882965,0,0,0,3,2,2,0,1,0,5.627857142857132,1,0,1,2,2,1,3,3
2025-11-12,683.38,0.00055621424464114,0,0,0,3,2,2,0,1,0,5.757142857142843,1,0,1,2,2,1,2,3
2025-11-13,672.04,-0.01673321125420557,0,0,0,0,1,1,0,2,1,6.355714285714279,1,1,1,2,1,2,2,3
2025-11-14,671.93,-0.00016369413044259318,0,0,0,0,1,1,0,2,1,6.509999999999999,1,1,1,1,1,2,2,3
2025-11-17,665.67,-0.00936011618430932,0,0,0,0,0,1,0,2,1,7.115000000000001,0,1,-1,0,0,2,0,3
2025-11-18,660.08,-0.00843301245033512,0,0,0,0,0,0,0,2,1,7.789285714285719,0,1,-1,0,0,2,0,3
2025-11-19,662.63,0.003855725229493956,0,0,0,0,0,1,0,2,1,7.262142857142862,0,1,-1,0,0,2,0,3
2025-11-20,652.53,-0.01535964987413152,0,0,0,0,0,0,0,2,1,8.042857142857144,0,1,-1,0,0,2,0,3
2025-11-21,659.03,0.009911941835381022,0,0,0,1,0,0,0,2,1,9.072142857142865,0,1,-1,0,0,2,0,3
2025-11-24,668.73,0.014611334234100326,0,0,0,3,1,1,0,2,1,8.616428571428587,0,1,-1,1,1,2,2,4
2025-11-25,675.02,0.009361928842245959,0,0,0,4,2,1,0,2,1,8.800714285714305,0,1,-1,2,1,2,4,4
2025-11-26,679.68,0.006879779110243511,0,0,0,4,2,2,0,2,1,8.295000000000007,0,1,-1,2,2,2,4,4
2025-11-28,683.39,0.005443607681900886,0,0,0,4,3,2,0,2,1,7.765714285714296,1,0,1,3,3,2,4,4
2025-12-01,680.27,-0.00457592866867973,0,0,0,3,2,2,0,2,1,7.35785714285715,1,0,1,2,2,2,4,4
2025-12-02,681.53,0.0018504925239417602,0,0,0,3,2,2,0,2,1,7.268571428571436,1,0,1,2,2,2,3,4
2025-12-03,683.89,0.0034568152657481477,0,0,0,3,2,2,0,2,1,7.253571428571433,1,0,1,2,3,2,3,3
2025-12-04,684.39,0.0007308445965072963,0,0,0,2,2,2,0,2,1,6.512857142857139,1,0,1,2,3,2,2,3
2025-12-05,685.69,0.0018976999739219735,0,0,0,2,2,2,0,2,0,5.897857142857139,1,0,1,2,3,2,2,3
2025-12-08,683.63,-0.0030087949552610738,0,0,0,1,2,2,0,2,0,5.524285714285709,1,0,1,2,2,2,2,3
2025-12-09,683.04,-0.0008634125818991478,0,0,0,1,2,2,0,2,0,4.807857142857139,1,0,1,1,2,2,2,3
2025-12-10,687.57,0.006610219529764372,0,0,0,3,2,2,0,2,0,4.785714285714286,1,1,1,1,3,2,2,3
2025-12-11,689.17,0.002324332437981802,0,0,0,3,3,2,0,2,0,4.113571428571431,1,1,1,1,3,2,2,3
2025-12-12,681.76,-0.010810285225793415,0,0,0,1,1,1,0,1,0,3.6471428571428612,1,1,1,0,2,1,1,3
2025-12-15,680.73,-0.0015119379903110186,0,0,0,1,1,1,0,1,0,3.930714285714284,1,1,1,0,2,1,1,3
2025-12-16,678.87,-0.002736100559525667,0,0,0,1,1,1,0,1,0,4.068571428571423,0,1,-1,0,1,1,1,2
2025-12-17,671.4,-0.011064566655807795,0,0,0,0,0,1,0,1,0,4.512142857142862,0,1,-1,0,1,1,0,3
2025-12-18,676.47,0.007523016183584197,0,0,0,1,1,1,0,1,0,4.675000000000011,0,1,-1,0,1,1,0,3
2025-12-19,680.59,0.006071968311310627,0,0,0,2,1,1,0,1,0,4.35357142857144,0,1,-1,0,1,1,1,2
2025-12-22,684.83,0.006210563238328248,0,0,0,3,2,2,0,1,0,4.516428571428581,0,1,-1,1,2,1,2,2
2025-12-23,687.96,0.004560064429098176,0,0,0,3,2,2,0,0,0,4.570714285714303,1,1,1,2,2,0,3,1
2025-12-24,690.38,0.003511473927530595,0,0,0,3,2,2,0,0,0,4.5442857142857305,1,0,1,3,2,0,4,1
2025-12-26,690.31,-0.00010139857616042747,0,0,0,3,2,2,0,0,0,4.600714285714299,0,0,-1,2,2,0,4,1
2025-12-29,687.85,-0.0035699811526566094,0,0,0,1,2,2,0,0,0,4.563571428571436,0,0,-1,1,2,0,3,1
2025-12-30,687.01,-0.0012219427498347812,0,0,0,1,2,2,0,0,0,4.462857142857152,1,0,1,0,1,0,2,1
2025-12-31,681.92,-0.00743649924690537,0,0,0,0,1,1,0,0,0,4.781428571428576,1,0,1,0,1,0,1,1
2026-01-02,683.17,0.0018313815929626998,0,0,0,1,1,1,0,0,0,4.695000000000001,1,0,1,0,1,0,1,1
2026-01-05,687.72,0.0066380478484191485,0,0,0,2,2,2,0,0,0,4.2100000000000035,1,0,1,0,2,0,1,1
2026-01-06,691.81,0.005929573091751017,0,0,0,3,2,2,0,0,0,3.797857142857148,1,0,1,1,2,0,2,1
2026-01-07,689.58,-0.003228634834679056,0,0,0,2,2,2,0,0,0,3.5014285714285784,1,1,1,1,2,0,2,1
2026-01-08,689.51,-0.00010151621730258853,0,0,0,2,2,2,0,0,0,3.1278571428571484,0,0,-1,1,2,0,3,1
2026-01-09,694.07,0.006591619582202668,0,0,0,3,2,2,0,0,0,3.0907142857142924,0,1,-1,1,2,0,3,1
2026-01-12,695.16,0.001569214922898965,0,0,0,3,2,2,0,0,0,3.325714285714298,1,1,1,1,2,0,3,1
2026-01-13,693.77,-0.002001541422600006,0,0,0,2,2,2,0,0,0,3.3307142857142935,1,1,1,0,2,0,2,0
2026-01-14,690.36,-0.004927292810720907,0,0,0,1,1,1,0,0,0,3.6971428571428646,0,1,-1,0,2,0,2,0
2026-01-15,692.24,0.002719515635277503,0,0,0,1,2,2,0,0,0,3.60500000000001,1,1,1,1,2,0,2,0
2026-01-16,691.66,-0.0008382109024616113,0,0,0,1,1,1,0,0,0,3.796428571428586,0,0,-1,0,1,0,1,0
2026-01-20,677.58,-0.020566878432356717,0,0,0,0,0,1,0,0,0,4.684285714285734,0,1,-1,0,0,0,0,2
2026-01-21,685.4,0.011474982476857853,0,0,0,1,1,1,0,1,0,4.572857142857158,0,1,-1,0,1,1,1,2
2026-01-22,688.98,0.005209633575637085,0,0,0,2,1,1,0,1,0,4.2071428571428715,0,1,-1,1,1,1,1,2
2026-01-23,689.23,0.00036278941923395536,0,0,0,2,1,1,0,1,0,4.043571428571438,1,0,1,1,1,1,1,2
2026-01-26,692.73,0.005065280447050569,0,0,0,3,2,1,0,1,0,3.9407142857142907,1,0,1,2,2,1,2,2
2026-01-27,695.49,0.0039763202324607505,0,0,0,3,2,2,0,1,0,3.8678571428571495,1,0,1,3,2,1,4,2
2026-01-28,695.42,-0.00010065352906973857,0,0,0,2,2,2,0,1,0,3.7828571428571456,1,0,1,2,2,1,3,2
2026-01-29,694.04,-0.0019863838523681565,0,0,0,2,2,1,0,1,0,4.221428571428565,1,1,1,1,2,1,2,2
2026-01-30,691.97,-0.0029869936567044064,0,0,0,1,1,1,0,1,0,4.469285714285702,0,1,-1,0,1,1,2,2
2026-02-02,695.41,0.004958997606424376,0,0,0,2,2,2,0,1,0,4.405714285714274,1,0,1,0,2,1,2,2
2026-02-03,689.53,-0.008491393606646191,0,0,0,1,1,1,0,1,0,4.946428571428563,1,0,1,0,1,1,1,2
2026-02-04,686.19,-0.004855648769150456,0,0,0,0,1,1,0,1,0,5.163571428571418,0,0,-1,0,1,1,0,2
2026-02-05,677.62,-0.012567898466494754,0,0,0,0,0,0,0,1,0,6.087857142857136,0,1,-1,0,0,1,0,2
2026-02-06,690.62,0.019003086020012994,0,0,0,3,1,1,0,2,1,6.312142857142841,0,1,-1,0,1,2,1,3
2026-02-09,693.95,0.004810166940936611,0,0,0,3,2,1,0,2,0,5.2842857142857,0,1,-1,0,2,2,1,3
2026-02-10,692.12,-0.0026405608133979186,0,0,0,2,1,1,0,2,0,5.507142857142843,0,1,-1,0,1,2,2,3
2026-02-11,691.96,-0.00023120050967051498,0,0,0,2,1,1,0,2,0,5.725714285714267,0,1,-1,0,1,2,2,3
2026-02-12,681.27,-0.015569447134066827,0,0,0,0,0,1,0,2,1,6.723571428571412,0,1,-1,0,1,2,2,4
2026-02-13,681.75,0.0007043183810093723,0,0,0,0,0,1,0,2,1,7.568571428571415,0,0,-1,0,1,2,1,3
2026-02-17,682.85,0.0016121943987332799,0,0,0,1,1,1,0,2,1,7.89785714285713,0,1,-1,0,1,2,0,3
2026-02-18,686.29,0.005025062796624624,0,0,0,2,1,1,0,1,1,7.883571428571413,0,0,-1,1,1,1,1,3
2026-02-19,684.48,-0.002640853027020107,0,0,0,1,1,1,0,1,1,7.465714285714276,0,0,-1,1,1,1,1,2
2026-02-20,689.43,0.007205743342872495,0,0,0,3,1,1,0,1,1,7.203571428571422,1,0,1,2,1,1,3,2
2026-02-23,682.39,-0.010263827328595099,0,0,0,1,1,1,0,1,1,7.668571428571413,1,1,1,1,1,1,2,3
2026-02-24,687.35,0.007242282009104706,0,0,0,2,1,1,0,2,1,7.044999999999983,1,0,1,1,1,2,2,3
2026-02-25,693.15,0.00840280206694377,0,0,0,3,2,1,0,2,1,6.61857142857141,1,0,1,1,2,2,3,3
2026-02-26,689.3,-0.005569836092771396,0,0,0,2,1,1,0,2,0,6.2592857142856895,1,0,1,1,1,2,2,3
2026-02-27,685.99,-0.004813539531438593,0,0,0,1,1,1,0,2,1,6.311428571428548,1,0,1,0,1,2,1,3
2026-03-02,686.38,0.0005683598599475204,0,0,0,1,1,1,0,2,1,6.717857142857123,1,0,1,1,1,2,2,3
2026-03-03,680.33,-0.008853435649402996,0,0,0,0,0,1,0,2,1,7.644285714285696,0,1,-1,0,1,2,1,3
2026-03-04,685.13,0.007030626707280163,0,0,0,1,1,1,0,2,1,7.497142857142843,0,1,-1,0,1,2,1,3
2026-03-05,681.31,-0.005591185784259878,0,0,0,1,1,1,0,2,1,7.043571428571413,0,1,-1,0,1,2,1,3
2026-03-06,672.38,-0.013193758601483196,0,0,0,0,0,0,0,2,1,7.011428571428553,0,1,-1,0,0,2,0,3
2026-03-09,678.27,0.00872178186410899,0,0,0,1,1,0,0,1,1,7.2985714285714085,0,1,-1,0,1,1,1,3
2026-03-10,677.18,-0.0016083223061817975,0,0,0,1,1,0,0,1,1,7.452857142857129,0,1,-1,0,1,1,1,3
2026-03-11,676.33,-0.0012559938408136517,0,0,0,1,0,0,0,1,1,7.616428571428555,0,1,-1,0,1,1,1,3
2026-03-12,666.06,-0.015301366036701403,0,0,0,0,0,0,0,2,1,8.385714285714275,0,1,-1,0,0,2,0,3
2026-03-13,662.29,-0.005676230093437873,0,0,0,0,0,0,0,1,1,8.407142857142853,0,1,-1,0,0,1,0,3
2026-03-16,669.03,0.010125375692957128,0,0,0,1,0,0,0,1,1,8.562857142857142,0,0,-1,0,0,1,0,3
2026-03-17,670.79,0.0026272200927470735,0,0,0,2,0,0,0,1,1,8.31142857142858,0,0,-1,0,0,1,1,3
2026-03-18,661.43,-0.014051964415018325,0,0,0,0,0,0,0,2,1,8.612142857142876,0,1,-1,0,0,2,0,3
2026-03-19,659.8,-0.0024673990553631953,0,0,0,0,0,0,0,2,1,8.773571428571456,0,1,-1,0,0,2,1,3
2026-03-20,648.57,-0.017166819459972338,0,0,0,0,0,0,0,2,1,9.281428571428592,0,1,-1,0,0,2,0,4
2026-03-23,655.38,0.010445280749007857,0,0,0,1,0,0,0,2,1,8.470714285714305,0,1,-1,0,0,2,0,4
2026-03-24,653.18,-0.003362477949517384,0,0,0,1,0,0,0,2,1,8.965000000000023,0,1,-1,0,0,2,0,4
2026-03-25,656.82,0.005557266210528766,0,0,0,1,0,0,0,2,1,8.360714285714314,0,1,-1,0,0,2,1,3
2026-03-26,645.09,-0.018020166399086435,0,0,0,0,0,0,0,2,1,8.550000000000027,0,0,-1,0,0,2,0,4
2026-03-27,634.09,-0.01719894174696801,0,0,0,0,0,0,0,2,1,9.31928571428574,0,1,-1,0,0,2,0,4
2026-03-30,631.97,-0.003348975532637688,0,0,0,0,0,0,0,2,1,9.83214285714288,0,1,-1,0,0,2,0,4
2026-03-31,650.34,0.02865337838990012,0,0,0,4,0,0,0,3,1,10.042142857142883,0,1,-1,0,0,3,1,4
2026-04-01,655.24,0.007506277680705331,0,0,0,4,1,0,0,3,1,9.305000000000023,0,1,-1,0,1,3,1,4
2026-04-02,655.83,0.0009000282819782157,0,0,0,3,1,0,0,3,1,9.360000000000023,0,0,-1,1,1,3,3,4
2026-04-06,658.93,0.004715698294381454,0,0,0,4,1,0,0,3,1,9.06714285714287,1,0,1,2,1,3,4,4
2026-04-07,659.22,0.00044001062804532864,0,0,0,3,1,0,0,3,1,9.537857142857149,1,0,1,3,1,3,4,4
2026-04-08,676.01,0.025150550892075962,0,0,0,4,4,1,0,3,1,9.779999999999998,1,0,1,3,4,3,4,4
2026-04-09,679.91,0.005752567636585049,0,0,0,4,4,2,0,3,1,9.273571428571415,1,0,1,3,4,3,4,4
2026-04-10,679.46,-0.0006620714249052639,0,0,0,4,4,1,0,3,1,8.31785714285713,1,0,1,2,4,3,4,4
2026-04-13,686.1,0.009725024652184722,0,0,0,4,4,2,0,3,1,8.22499999999999,1,0,1,2,4,3,4,4
2026-04-14,694.46,0.01211117544648932,0,0,0,4,4,3,0,3,1,8.13357142857142,1,0,1,2,4,3,4,4
2026-04-15,699.94,0.007860051940648205,0,0,0,4,4,4,0,3,1,8.440714285714275,1,0,1,2,4,3,4,4
2026-04-16,701.66,0.0024543391315727803,0,0,0,4,4,4,0,3,1,7.412857142857141,1,0,1,2,4,3,4,3
2026-04-17,710.14,0.012013177480316273,0,0,0,4,4,4,0,3,0,6.4557142857142855,1,1,1,3,4,3,4,4
2026-04-20,708.72,-0.0020016075921409637,0,0,0,4,4,4,0,3,0,5.977857142857147,1,1,1,2,4,3,4,3
2026-04-21,704.08,-0.006568540038211168,0,0,0,2,4,3,0,3,0,5.700000000000005,1,0,1,1,4,3,3,3
2026-04-22,711.21,0.0100757587776803,0,0,0,4,4,4,0,3,0,5.731428571428572,1,0,1,1,4,3,3,3
2026-04-23,708.45,-0.0038882598330101104,0,0,0,2,4,4,0,3,0,5.645714285714291,1,0,1,0,4,3,2,3
2026-04-24,713.94,0.007719440184870585,0,0,0,3,4,4,0,3,0,5.706428571428587,1,1,1,0,4,3,2,2
2026-04-27,715.17,0.0017213514756893034,0,0,0,3,4,4,0,2,0,5.261428571428594,1,0,1,1,4,2,2,2
2026-04-28,711.69,-0.004877853328419057,0,0,0,1,4,4,0,2,0,4.512857142857164,1,0,1,1,4,2,3,2
2026-04-29,711.58,-0.0001545736230212924,0,0,0,1,4,3,0,1,0,4.547857142857173,0,0,-1,0,4,1,2,1
2026-04-30,718.66,0.009900517160528644,0,0,0,3,4,4,0,1,0,4.887857142857172,1,1,1,1,4,1,3,1
2026-05-01,720.65,0.0027652156492044,0,0,0,3,4,4,0,1,0,4.726428571428601,0,0,-1,1,4,1,2,0
2026-05-04,718.01,-0.0036700860012688352,0,0,0,2,4,4,0,1,0,4.633571428571453,0,1,-1,0,3,1,2,0
2026-05-05,723.77,0.007990165829015794,0,0,0,3,4,4,0,1,0,4.499285714285739,1,0,1,1,4,1,3,0
2026-05-06,733.83,0.013803731803014863,0,0,0,4,4,4,0,0,0,5.026428571428596,1,1,1,2,4,0,4,0
2026-05-07,731.58,-0.0030708153596661347,0,0,0,3,4,4,0,1,0,4.792142857142884,1,0,1,1,4,1,3,0
2026-05-08,737.62,0.008222208042002244,0,0,0,4,4,4,0,1,0,4.720000000000027,1,1,1,1,4,1,4,0
2026-05-11,739.3,0.002275005720809631,0,0,0,4,4,4,0,1,0,4.372857142857161,1,1,1,2,4,1,4,0
2026-05-12,738.18,-0.0015160952629198476,0,0,0,3,4,4,0,0,0,4.610714285714299,1,1,1,1,4,0,4,0
2026-05-13,742.31,0.005579248374812273,0,0,0,3,4,4,0,0,0,4.220714285714288,1,1,1,1,4,0,3,0
2026-05-14,748.17,0.007863279204253004,0,0,0,4,4,4,0,0,0,4.412142857142856,1,0,1,2,4,0,4,0
2026-05-15,739.17,-0.012102289790879794,0,0,0,1,3,4,0,1,0,5.034999999999992,1,1,1,1,3,1,2,1
2026-05-18,738.65,-0.0007037393207021125,0,0,0,1,3,4,0,1,0,5.024999999999993,1,0,1,0,3,1,1,1
2026-05-19,733.73,-0.006683082236991211,0,0,0,0,2,3,0,1,0,5.337142857142843,0,1,-1,0,2,1,1,1
2026-05-20,741.25,0.01019683678130523,0,0,0,2,3,4,0,1,0,5.1328571428571355,0,0,-1,0,3,1,1,1
2026-05-21,742.72,0.0019811727741343432,0,0,0,2,3,4,0,1,0,5.304999999999991,1,0,1,0,3,1,1,0
2026-05-22,745.64,0.003923786914967309,0,0,0,3,3,4,0,1,0,4.940714285714274,1,0,1,1,3,1,2,0
2026-05-26,750.59,0.006616653935926031,0,0,0,3,4,4,0,1,0,4.887142857142846,1,0,1,2,3,1,3,0
2026-05-27,750.46,-0.00017321208530685084,0,0,0,3,4,4,0,0,0,4.428571428571412,1,0,1,2,3,0,4,0
2026-05-28,754.6,0.0055014556785302204,0,0,0,3,4,4,0,0,0,4.36714285714284,1,0,1,2,3,0,3,0
