date,close,mid,label_bb,label_shift,ret_1d,ret_5d,ret_20d,volatility_5d,volatility_20d,atr_pct,rsi_14,macd,macd_hist,ma5_dev,ma20_dev,ma50_dev,bb_position,momentum,vol_ratio,vol_trend,pv_conflict,decline_vol_ratio,price_in_range
2020-01-02,324.87,323.71,1.0,0.0,0.0,0.0,0.0,0.0,0.0,0.0,0.0,0.0,0.0,0.0,0.0,0.0,1621674999999.9998,0.0,2.023003,0.0,0.0,0.0,0.0
2020-01-03,322.41,322.37,1.0,0.0,-0.757226,0.0,0.0,0.0,0.0,1.169319,0.0,-0.060866,-0.048693,-0.506095,-0.685604,-0.727747,1431615000000.0002,0.0,2.432852,0.0,0.0,0.0,0.0
2020-01-06,323.64,322.045,1.0,0.0,0.381502,0.0,0.0,0.0,0.0,1.148395,0.0,-0.077133,-0.052004,-0.084385,-0.277587,-0.33538,1277939999999.9998,0.0,1.515047,0.0,0.0,0.0,0.5
2020-01-07,322.73,322.89,1.0,0.0,-0.281177,0.0,0.0,0.0,0.0,1.055922,0.0,-0.111924,-0.06938,-0.243846,-0.505111,-0.591615,1103190000000.0002,0.0,0.996927,0.0,0.0,0.0,0.130081
2020-01-08,324.45,324.225,1.0,0.0,0.532953,0.0,0.0,0.0,0.0,1.038087,0.0,-0.094716,-0.041918,0.191688,0.022755,-0.059392,954719999999.9998,0.0,1.585809,0.0,0.0,0.0,0.829268
2020-01-09,326.65,326.125,1.0,0.0,0.678071,0.547911,0.0,0.464535,0.0,0.986682,0.0,-0.026351,0.020874,0.579024,0.633797,0.593886,810859999999.9995,0.0,1.061495,0.0,0.0,0.0,1.0
2020-01-10,325.71,326.33,1.0,0.0,-0.28777,1.023541,0.0,0.544133,0.0,0.950108,0.0,0.004069,0.041143,0.192873,0.31132,0.292434,637074999999.9998,0.0,1.059652,0.0,0.0,0.0,0.778302
2020-01-13,327.95,326.94,1.0,0.0,0.687728,1.331727,0.0,0.41029,0.0,0.90928,0.0,0.082211,0.095226,0.586228,0.904975,0.943294,497724999999.99976,0.0,0.868005,0.0,1.0,0.0,1.0
2020-01-14,327.45,327.73,1.0,0.0,-0.152462,1.462523,0.0,0.452766,0.0,0.861726,0.0,0.130555,0.114872,0.288166,0.679111,0.758202,329279999999.99994,0.0,1.093907,0.0,0.0,0.0,0.909747
2020-01-15,328.19,328.14,1.0,0.0,0.225989,1.15272,0.0,0.423648,0.0,0.816648,0.0,0.184456,0.135047,0.342616,0.81958,0.946875,173369999999.99988,0.0,1.198281,0.0,0.0,0.0,1.0
2020-01-16,330.92,330.185,1.0,0.0,0.831835,1.30721,0.0,0.406118,0.0,0.811919,0.0,0.28877,0.191814,0.781799,1.49794,1.715323,36829999999.99992,0.0,0.845753,0.0,1.0,0.0,1.0
2020-01-17,331.95,331.515,1.0,0.0,0.311253,1.915815,0.0,0.443007,0.0,0.754902,0.0,0.392008,0.236283,0.727667,1.638278,1.950678,48699999999.99947,0.0,1.438209,0.0,0.0,0.0,1.0
2020-01-21,331.3,331.5,1.0,0.0,-0.195813,1.021497,0.0,0.349517,0.0,0.710266,0.0,0.454396,0.238692,0.352995,1.300403,1.681223,41344999999.99946,0.0,1.174156,0.0,0.0,0.0,0.931866
2020-01-22,331.34,332.06,1.0,1.0,0.012074,1.187968,0.0,0.372311,0.0,0.687118,0.0,0.498398,0.226176,0.243112,1.186138,1.626008,39034999999.99951,0.0,0.73493,0.0,1.0,0.0,0.936059
2020-01-23,331.72,330.79,1.0,0.0,0.114686,1.075596,0.0,0.345654,0.0,0.705757,69.274057,0.53577,0.211088,0.238433,1.176707,1.67308,37770000000.000435,0.0,0.766077,0.0,1.0,0.0,0.975891
2020-01-24,328.77,329.945,1.0,0.0,-0.889304,-0.649704,0.0,0.349216,0.0,0.826814,58.767581,0.492833,0.13219,-0.436277,0.250497,0.738521,3504999999.999541,0.0,1.308445,0.0,0.0,0.0,0.666667
2020-01-27,323.5,323.89,1.0,0.0,-1.602944,-2.545564,0.0,0.413675,0.0,0.980075,45.49339,0.327185,-0.031467,-1.364059,-1.228863,-0.842187,-51970000000.000595,0.0,1.241389,0.0,0.0,0.0,0.114256
2020-01-28,326.89,325.725,1.0,0.0,1.047913,-1.33112,0.0,0.648056,0.0,1.018019,52.868306,0.268168,-0.069411,-0.220536,-0.1754,0.189164,-22555000000.000973,0.0,0.950356,0.0,0.0,0.0,0.469602
2020-01-29,326.62,327.515,1.0,0.0,-0.082597,-1.424519,0.0,0.908241,0.0,0.974046,52.261792,0.215121,-0.09819,-0.202171,-0.233351,0.102234,-28910000000.000195,0.0,0.797676,0.0,0.0,0.0,0.4413
2020-01-30,327.68,325.725,1.0,0.0,0.324536,-1.217895,0.0,0.903272,0.0,1.019258,54.470145,0.196188,-0.092888,0.081106,0.081808,0.410284,-23294999999.999958,0.0,1.133248,0.0,0.0,0.0,0.552411
2020-01-31,321.73,323.95,1.0,0.0,-1.815796,-2.141315,-0.96654,0.925355,0.614105,1.18772,42.566795,0.035457,-0.207172,-1.164179,-1.57279,-1.358304,-0.226334,-0.96654,1.731817,124.82639,0.0,1.091544,0.0
2020-02-03,324.12,324.69,1.0,0.0,0.742859,0.191654,0.530381,1.11089,0.73614,1.204004,47.527131,-0.034205,-0.220036,-0.287057,-0.762071,-0.601152,-0.021215,0.530381,1.042538,107.453014,0.0,1.073783,0.233855
2020-02-04,329.06,328.865,1.0,0.0,1.524127,0.663832,1.6747,1.004969,0.736257,1.266465,55.988293,0.032893,-0.120119,0.818434,0.678485,0.877662,0.34109,1.6747,0.972641,75.132212,0.0,1.085503,0.717221
2020-02-05,332.86,331.88,1.0,0.0,1.154805,1.910477,3.138847,1.112473,0.802712,1.246502,61.174539,0.174788,0.018819,1.313115,1.662864,1.960929,0.623152,3.138847,1.048726,54.81283,0.0,1.144473,1.0
2020-02-06,333.98,333.495,1.0,0.0,0.336478,1.922607,2.937278,1.171787,0.830376,1.132171,62.574363,0.310059,0.123691,1.096628,1.810533,2.211654,0.691787,2.937278,0.785039,48.952419,1.0,1.13645,1.0
2020-02-07,332.2,332.795,1.0,0.0,-0.532966,3.254282,1.699066,1.171671,0.827039,1.082398,58.937436,0.372437,0.148055,0.371188,1.14578,1.600486,0.535599,1.699066,0.953879,47.247076,0.0,1.117362,0.854694
2020-02-10,334.68,332.97,1.0,0.0,0.746538,3.258053,2.753984,0.710652,0.83036,1.072954,62.231166,0.471792,0.199259,0.744218,1.716729,2.264369,0.749355,2.753984,0.593236,41.707293,1.0,1.168913,1.0
2020-02-11,335.26,335.85,0.0,1.0,0.1733,1.884155,2.228998,0.710755,0.837541,1.021347,62.979078,0.559276,0.229772,0.610668,1.709635,2.3436,0.818749,2.228998,0.706483,43.156954,1.0,1.167379,1.0
2020-02-12,337.42,337.04,0.0,0.0,0.644276,1.369945,3.04474,0.567927,0.828154,0.973943,65.702933,0.669168,0.273418,0.835746,2.134887,2.881818,0.998189,3.04474,0.522444,46.600353,1.0,1.207333,1.0
2020-02-13,337.06,336.84,0.0,0.0,-0.106692,0.922211,2.702703,0.452909,0.833537,0.946254,64.846571,0.742725,0.277242,0.484266,1.829443,2.660451,1.023317,2.702703,0.569336,59.194309,1.0,1.158974,0.977055
2020-02-14,337.6,336.965,0.0,0.0,0.160209,1.625527,2.018615,0.474754,0.835243,0.879201,65.571453,0.802826,0.27047,0.429244,1.799398,2.711138,1.115518,2.018615,0.580759,74.005101,1.0,1.165255,1.0
2020-02-18,336.73,336.44,0.0,0.0,-0.257701,0.612525,1.439976,0.321294,0.819992,0.861351,63.306506,0.82326,0.231622,0.11356,1.38864,2.348257,1.065056,1.439976,0.487256,76.232425,1.0,1.125912,0.94518
2020-02-19,338.34,338.28,0.0,0.0,0.478128,0.91869,2.124962,0.30768,0.822152,0.835561,65.669765,0.86228,0.218767,0.394042,1.691969,2.723304,1.192327,2.124962,0.378412,94.828885,1.0,1.157433,1.0
2020-02-20,336.95,336.16,0.0,0.0,-0.410829,-0.139292,1.693125,0.340157,0.824174,0.92341,61.95951,0.856842,0.168539,-0.012271,1.15144,2.209046,1.126779,1.693125,0.550579,102.383238,0.0,1.161641,0.916315
2020-02-21,333.48,334.195,0.0,0.0,-1.029826,-1.062125,0.530568,0.315309,0.83177,0.983339,53.789295,0.765764,0.056239,-0.697069,0.099292,1.110615,1.013942,0.530568,0.808606,107.462087,0.0,1.174697,0.707405
2020-02-24,322.42,327.4,0.0,0.0,-3.316541,-4.496445,-1.931441,0.514835,0.86657,1.390942,37.029101,0.428334,-0.244424,-2.696191,-2.922788,-2.156705,0.563726,-1.931441,1.076529,123.561614,0.0,1.203473,0.041541
2020-02-25,312.65,318.15,0.0,0.0,-3.030209,-7.15113,-3.353941,1.296713,1.119813,1.794142,28.562584,-0.106448,-0.640183,-3.835297,-5.335714,-4.930619,0.247387,-3.353941,1.352144,139.086232,0.0,1.299119,0.0
2020-02-26,311.5,314.405,0.0,0.0,-0.367823,-7.932849,-4.708006,1.480164,1.251606,1.877838,27.75806,-0.566135,-0.881472,-2.832223,-5.170576,-5.083763,0.335164,-4.708006,1.121843,158.483435,0.0,1.329155,0.0
2020-02-27,297.51,304.535,0.0,0.0,-4.491172,-11.705001,-8.912498,1.284109,1.220803,2.33366,20.275914,-1.337886,-1.334441,-4.91537,-8.608789,-9.013116,0.012392,-8.912498,1.548411,171.831174,0.0,1.426119,0.0
2020-02-28,296.26,291.715,0.0,0.0,-0.420154,-11.161089,-9.588623,1.523563,1.53203,2.586857,19.763319,-1.948132,-1.555738,-3.607153,-8.206604,-9.060337,0.213926,-9.588623,1.914793,201.812324,0.0,1.429415,0.0
2020-03-02,309.09,301.81,0.0,0.0,4.330656,-4.134359,-3.92876,1.651166,1.521677,2.783001,37.287855,-1.96889,-1.274227,0.377479,-3.843853,-4.931093,0.580275,-3.92876,1.111248,226.763503,0.0,1.371077,0.304895
2020-03-03,300.24,305.705,0.0,0.0,-2.863244,-3.969295,-7.367642,3.008427,1.815403,3.205563,32.082575,-2.320932,-1.284635,-1.678349,-6.006487,-7.375159,0.502408,-7.367642,1.325471,241.722048,0.0,1.37508,0.094582
2020-03-04,312.86,308.215,0.0,0.0,4.203304,0.436597,-4.923114,2.984269,1.891897,3.214152,44.07219,-2.101204,-0.885366,1.622994,-1.863526,-3.349886,0.792797,-4.923114,0.746206,267.899535,1.0,1.32144,0.394487
2020-03-05,302.46,304.24,0.0,0.0,-3.324171,1.66381,-9.132969,3.601453,2.103824,3.447847,38.102686,-2.320778,-0.850508,-1.176971,-4.660333,-6.321609,0.695129,-9.132969,0.74362,298.526531,1.0,1.272488,0.147338
2020-03-06,297.46,294.505,0.0,0.0,-1.653111,0.40505,-10.934787,3.319788,2.181454,3.586558,35.605708,-2.584351,-0.871493,-1.891471,-5.676174,-7.584991,0.684415,-10.934787,0.87485,307.453877,1.0,1.233183,0.028517
2020-03-09,274.23,278.82,0.0,0.0,-7.809453,-11.278268,-17.450331,3.414886,2.188496,4.539049,26.813828,-3.637917,-1.423971,-6.578286,-11.948638,-14.304658,0.39532,-17.450331,1.1332,306.075351,0.0,1.256426,0.0
2020-03-10,288.42,281.01,0.0,0.0,5.174489,-3.936851,-13.822158,3.858267,2.699933,4.434659,37.040641,-3.648798,-1.23502,-1.169594,-6.735812,-9.52014,0.665835,-13.822158,0.982758,296.657938,0.0,1.180526,0.221338
2020-03-11,274.36,276.41,0.0,0.0,-4.874835,-12.305824,-18.165006,4.835067,2.992936,4.892738,32.234275,-4.357254,-1.455823,-4.072896,-10.318658,-13.458097,0.524001,-18.165006,0.904981,263.286575,0.0,1.136231,0.002028
2020-03-12,248.11,257.17,0.0,0.0,-9.567721,-17.969318,-26.468496,4.338764,3.119197,6.122777,25.564584,-6.059112,-2.280568,-9.242181,-17.412616,-21.065284,0.2468,-26.468496,1.364929,241.255366,0.0,1.107554,0.0
2020-03-13,269.32,260.0,0.0,0.0,8.548628,-9.460095,-20.097312,5.208333,3.613399,6.045494,36.921606,-5.785706,-1.84379,-0.994004,-9.459842,-13.833653,0.51923,-20.097312,1.152248,198.78156,0.0,1.089982,0.235066
2020-03-16,239.85,247.13,0.0,0.0,-10.942373,-12.536922,-28.954384,7.23324,4.217276,7.659855,30.059072,-7.581967,-2.524571,-8.208705,-17.851875,-22.555814,0.244303,-28.954384,1.069253,149.982721,0.0,1.054151,0.0
2020-03-17,252.8,246.62,0.0,0.0,5.399208,-12.350045,-24.925014,7.844688,4.724779,7.305857,35.713612,-7.509758,-2.169147,-2.192237,-12.295875,-17.782006,0.407806,-24.925014,0.954297,133.828158,0.0,1.064972,0.131485
2020-03-18,240.0,238.195,0.0,0.0,-5.063291,-12.523692,-29.065437,7.888091,4.959058,8.046102,32.883709,-8.50652,-2.304861,-4.879218,-15.387907,-21.267381,0.313969,-29.065437,1.216211,108.807283,0.0,1.031493,0.001523
2020-03-19,240.51,239.8,0.0,0.0,0.2125,-3.063157,-28.621457,7.900804,5.006639,7.798938,33.111133,-8.840983,-2.121979,-3.167439,-13.961938,-20.441766,0.352286,-28.621457,1.07154,100.448641,0.0,1.034054,0.006797
2020-03-20,228.8,236.485,0.0,0.0,-4.86882,-15.045299,-31.390188,7.028044,5.015724,8.035663,30.55131,-9.88614,-2.258607,-5.396479,-16.711193,-23.586681,0.272151,-31.390188,1.287822,91.563077,0.0,1.04621,0.0
2020-03-23,222.95,223.97,1.0,1.0,-2.556818,-7.04607,-30.851064,5.507885,5.065574,7.829939,29.331334,-10.71577,-2.310478,-5.349575,-17.357842,-24.787109,0.246503,-30.851064,1.230678,77.038674,0.0,1.050592,0.0
2020-03-24,243.15,238.95,1.0,0.0,9.060327,-3.817247,-22.22933,3.888882,5.056421,7.381974,38.468273,-9.460499,-1.402789,2.127827,-9.014915,-17.390336,0.426416,-22.22933,0.909781,59.880239,0.0,1.056712,0.224669
2020-03-25,246.79,248.05,1.0,0.0,1.497018,2.829167,-20.773676,5.21432,5.558827,7.200197,39.974344,-8.815296,-0.701146,2.408443,-6.974845,-15.619121,0.465854,-20.773676,1.173792,46.928504,0.0,1.071895,0.265154
2020-03-26,261.2,255.925,1.0,0.0,5.838972,8.602553,-12.204632,4.740923,5.585795,6.713164,45.646181,-7.419642,0.19749,5.439928,-1.398222,-10.316101,0.590242,-12.204632,1.030451,36.144957,0.0,1.066694,0.425425
2020-03-27,253.42,255.93,1.0,0.0,-2.97856,10.76049,-14.460271,5.14922,5.715239,6.530719,43.268991,-7.070867,0.624089,1.521231,-3.938526,-12.541958,0.509727,-14.460271,0.935112,19.325643,0.0,1.025876,0.338894
2020-03-30,261.65,257.98,1.0,0.0,3.247573,17.358152,-15.34828,4.695558,5.740953,5.941064,46.446261,-6.081986,1.096745,3.161365,-0.741451,-9.356834,0.582198,-15.34828,0.747777,6.687556,1.0,1.064112,0.43043
2020-03-31,257.75,259.775,1.0,0.0,-1.490541,6.004524,-14.152012,4.056996,5.69903,5.594628,45.155651,-5.614756,1.338076,1.076641,-2.013681,-10.331373,0.528525,-14.152012,0.881746,-2.394635,1.0,1.036979,0.387054
2020-04-01,246.15,250.78,1.0,0.0,-4.500485,-0.25933,-21.322636,3.177974,5.680391,5.827396,41.46499,-5.729474,1.240813,-2.341972,-5.847548,-13.881699,0.396478,-21.322636,0.885759,-9.582228,0.0,1.028896,0.258036
2020-04-02,251.83,248.635,1.0,0.0,2.307536,-3.587289,-16.739404,3.898346,5.629106,5.364829,43.883552,-5.241721,1.257081,-0.059003,-3.33663,-11.481593,0.425955,-16.739404,0.869978,-18.517389,0.0,1.058434,0.363225
2020-04-03,248.19,249.27,1.0,0.0,-1.44542,-2.063768,-16.563572,2.996252,5.648255,5.15286,42.666889,-5.089966,1.203319,-1.007429,-4.302378,-12.322287,0.333733,-16.563572,0.687846,-24.599634,0.0,1.036004,0.338746
2020-04-06,264.86,257.585,1.0,0.0,6.716628,1.22683,-3.41684,2.818825,5.646778,5.132661,49.563452,-4.045325,1.481494,3.691602,1.918985,-6.196648,0.53013,-3.41684,1.018043,-32.345758,0.0,1.029604,0.640141
2020-04-07,265.13,269.96,1.0,0.0,0.101941,2.86324,-8.075029,3.860025,5.625003,4.955223,49.669054,-3.420146,1.680836,2.499894,1.826707,-5.875827,0.493878,-8.075029,1.152685,-37.877799,0.0,1.050277,0.644265
2020-04-08,274.03,270.625,1.0,0.0,3.356844,11.326427,-0.12028,3.762156,5.498257,4.683944,53.151142,-2.54149,1.915057,3.883535,4.721773,-2.612489,0.631109,-0.12028,0.917405,-40.586607,0.0,1.080861,0.993581
2020-04-09,278.2,278.335,1.0,0.0,1.521731,10.47135,12.127685,2.808574,5.445843,4.342208,54.731415,-1.762931,2.101453,3.577742,5.679733,-1.086661,0.681273,12.127685,1.203418,-45.05668,0.0,1.032908,1.0
2020-04-13,275.66,274.46,1.0,0.0,-0.913012,11.068133,2.354077,2.82054,4.972844,4.126347,53.546608,-1.246922,2.122455,1.739448,4.24676,-1.913215,0.600349,2.354077,0.769418,-47.816772,1.0,1.024518,0.954027
2020-04-14,283.79,280.205,1.0,0.0,2.949285,7.147172,18.319783,2.693757,4.64259,3.914889,56.772242,-0.563806,2.167237,3.110871,6.578161,0.940865,0.708091,18.319783,0.945123,-48.943084,0.0,1.034935,1.0
2020-04-15,277.76,279.7,1.0,0.0,-2.124811,4.763701,9.873418,1.629679,3.899577,3.873627,53.788908,-0.224432,2.052719,0.611432,3.886792,-1.15727,0.577554,9.873418,0.878434,-49.52062,1.0,1.018037,0.900888
2020-04-16,279.1,277.895,1.0,0.0,0.482431,1.850162,16.291667,2.146712,3.811204,3.545015,54.362835,0.091648,1.886294,0.728545,3.95355,-0.653914,0.567409,16.291667,0.977583,-49.947595,0.0,0.984193,0.922913
2020-04-17,286.64,284.85,1.0,0.0,2.701541,3.033789,19.180076,1.781077,3.588427,3.372959,57.557071,0.538365,1.828642,2.273699,6.078761,1.948804,0.645573,19.180076,1.115577,-51.301831,0.0,1.026276,1.0
2020-04-20,281.59,284.07,1.0,0.0,-1.761792,2.151201,23.072552,1.982998,3.608282,3.233241,54.791007,0.756903,1.656256,0.314072,3.793723,0.146682,0.545634,23.072552,0.776861,-52.196597,1.0,0.913869,0.92071
2020-04-21,273.04,275.03,1.0,0.0,-3.036329,-3.788012,22.466921,2.137222,3.416405,3.35722,50.376791,0.690689,1.294564,-1.837932,0.580686,-2.783767,0.390703,22.466921,1.002032,-52.388737,0.0,0.829519,0.786466
2020-04-22,279.1,278.955,1.0,0.0,2.219455,0.482431,14.785112,2.077167,3.443562,3.226685,53.251558,0.772282,1.090436,0.226896,2.538321,-0.601691,0.460488,14.785112,0.770073,-53.368313,1.0,0.883406,0.826627
2020-04-23,279.08,281.345,1.0,0.0,-0.007166,-0.007166,13.083999,2.222925,2.935881,3.044619,53.240595,0.838645,0.925457,0.146369,2.284422,-0.585078,0.43943,13.083999,0.915974,-55.187486,0.0,0.885629,0.813287
2020-04-24,282.97,281.1,1.0,0.0,1.393866,-1.280352,8.334609,2.215621,2.93465,2.847416,55.173496,0.97859,0.851367,1.022924,3.344964,0.768993,0.501549,8.334609,0.770577,-55.847848,0.0,0.944175,0.90936
2020-04-27,287.05,286.445,1.0,0.0,1.441849,1.938989,13.27046,1.944631,2.692267,2.678867,57.173137,1.18406,0.846916,1.639465,4.354511,2.132937,0.568912,13.27046,0.743915,-56.353493,1.0,0.932265,1.0
2020-04-28,285.73,288.4,1.0,0.0,-0.45985,4.647671,9.203134,1.86321,2.581979,2.612395,56.298134,1.311795,0.778475,0.778343,3.492735,1.59701,0.52582,9.203134,1.022581,-55.079429,0.0,0.945634,0.967726
2020-04-29,293.21,292.645,1.0,0.0,2.617856,5.055536,13.757517,0.994892,2.521797,2.622402,60.031085,1.560614,0.832719,2.252069,5.578406,4.082929,0.67169,13.757517,1.17533,-54.287832,0.0,0.906269,1.0
2020-04-30,290.48,290.955,1.0,0.0,-0.931073,4.08485,18.009344,1.105742,2.520841,2.51122,58.081093,1.705598,0.77669,0.862945,4.13962,2.988081,0.611352,18.009344,1.202807,-52.253317,0.0,0.867347,0.941989
2020-05-01,282.79,286.09,1.0,0.0,-2.647342,-0.063611,12.294008,1.315469,2.260834,2.666518,52.87125,1.619964,0.532637,-1.21213,1.249358,0.251348,0.449943,12.294008,1.23102,-50.204788,0.0,0.895014,0.768547
2020-05-04,283.57,281.515,1.0,0.0,0.275823,-1.212332,14.255208,1.844928,2.357668,2.528909,53.328543,1.515894,0.345246,-0.628402,1.381033,0.507059,0.462484,14.255208,0.809452,-49.304446,0.0,0.909682,0.785873
2020-05-05,286.19,286.48,1.0,0.0,0.923934,0.160991,8.053311,1.71779,2.312086,2.436282,54.911135,1.480598,0.256534,0.192964,2.092373,1.3786,0.5161,8.053311,0.788673,-45.384155,1.0,0.929256,0.752381
2020-05-06,284.25,286.12,1.0,0.0,-0.677871,-3.05583,7.211557,1.768999,1.857797,2.34538,53.465442,1.402375,0.135965,-0.32467,1.265267,0.664091,0.404009,7.211557,0.741285,-43.15697,0.0,0.933062,0.680912
2020-05-07,287.68,288.455,1.0,0.0,1.206684,-0.963922,4.981206,1.216231,1.871884,2.264731,55.686835,1.396598,0.11623,0.58369,2.245023,1.803782,0.505442,4.981206,0.760285,-40.951499,0.0,0.982915,0.72583
2020-05-08,292.44,291.405,1.0,0.0,1.654616,3.412426,5.11862,1.391756,1.755144,2.171096,58.637716,1.496488,0.189568,1.487496,3.548549,3.346871,0.707648,5.11862,0.782877,-38.14677,1.0,1.016187,0.961824
2020-05-11,292.5,291.94,1.0,0.0,0.020517,3.149134,6.108975,0.811652,1.760157,2.069037,58.675072,1.576818,0.216133,1.000515,3.21887,3.231725,0.668969,6.108975,0.823124,-35.278016,1.0,1.062638,0.964799
2020-05-12,286.67,290.38,1.0,0.0,-1.993162,0.167721,1.014835,0.842698,1.740557,2.188699,53.608746,1.492781,0.083539,-0.677346,1.049765,1.127585,0.360338,1.014835,0.9868,-31.549596,0.0,1.056697,0.675756
2020-05-13,281.6,283.075,1.0,0.0,-1.768584,-0.932278,1.382488,1.312828,1.698951,2.320702,49.597977,1.266112,-0.134802,-1.635906,-0.667627,-0.635187,0.076182,1.382488,1.489964,-29.934013,0.0,1.076261,0.424393
2020-05-14,284.97,279.05,1.0,0.0,1.196733,-0.942019,2.103189,1.492648,1.677634,2.554567,52.160038,1.134921,-0.199541,-0.306302,0.471253,0.532106,0.203234,2.103189,1.274405,-29.006681,0.0,1.07616,0.591472
2020-05-15,286.28,283.835,1.0,0.0,0.459698,-2.106415,-0.125593,1.490809,1.693292,2.436234,53.156851,1.062719,-0.212509,0.101274,0.843499,0.954887,0.224496,-0.125593,1.163555,-27.352224,0.0,1.086522,0.65642
2020-05-18,295.0,294.725,1.0,0.0,3.045969,0.854701,4.762243,1.255008,1.589619,2.522211,59.244369,1.204406,-0.026502,2.078393,3.529129,3.865795,0.613388,4.762243,1.300394,-28.566523,0.0,1.113832,1.0
2020-05-19,291.97,294.08,1.0,0.0,-1.027119,1.848816,6.93305,1.889182,1.665751,2.403142,56.496919,1.257279,0.010878,0.684269,2.225701,2.686258,0.402633,6.93305,1.037806,-27.279768,0.0,1.07767,0.862022
2020-05-20,296.93,296.72,1.0,0.0,1.698805,5.443892,6.388391,1.695711,1.518827,2.312866,59.784664,1.386545,0.128771,1.583823,3.571475,4.249561,0.58888,6.388391,0.929526,-23.473261,0.0,1.098742,1.0
2020-05-21,294.88,295.68,1.0,0.0,-0.690398,3.477559,5.661459,1.348048,1.490716,2.198379,57.839052,1.443366,0.141479,0.586601,2.577368,3.386711,0.404947,5.661459,0.846607,-19.101188,1.0,1.072871,0.885154
2020-05-22,295.44,294.425,1.0,0.0,0.189908,3.199665,4.406828,1.514928,1.505604,2.010415,58.238866,1.476229,0.141447,0.517075,2.501549,3.437708,0.345155,4.406828,0.664547,-12.814357,1.0,1.094547,0.902805
2020-05-26,299.08,298.825,1.0,0.0,1.232061,1.383051,4.190908,1.527188,1.484062,2.022077,60.838456,1.566283,0.198197,1.163529,3.393746,4.518984,0.461419,4.190908,0.925586,-8.22149,0.0,1.092441,1.0
2020-05-27,303.53,300.22,1.0,0.0,1.487896,3.959311,6.229657,1.056198,1.476158,2.021089,63.804835,1.726076,0.302438,1.763471,4.441547,5.822049,0.614188,6.229657,1.091836,-6.745675,0.0,1.077879,1.0
2020-05-28,302.97,304.54,1.0,0.0,-0.184496,2.034149,3.328672,0.901098,1.492493,1.957288,63.156503,1.838264,0.329596,1.044992,3.828711,5.394249,0.506276,3.328672,0.942138,-5.022412,0.0,1.06677,0.974464
2020-05-29,304.32,302.215,1.0,0.0,0.445589,3.201302,4.764528,0.830703,1.398166,1.929328,64.103453,1.92966,0.342147,0.991881,3.866855,5.620992,0.521252,4.764528,1.20071,-2.931531,0.0,1.037631,1.0
2020-06-01,305.55,304.635,1.0,0.0,0.40418,3.422015,8.048375,0.630788,1.375794,1.80281,64.986448,2.009783,0.342929,0.929044,3.862641,5.79697,0.52887,8.048375,0.542297,1.11189,1.0,1.029079,1.0
2020-06-02,308.08,306.615,1.0,0.0,0.828015,3.009228,8.643368,0.605938,1.205524,1.680739,66.795704,2.104369,0.360963,1.169621,4.253732,6.394566,0.578347,8.643368,0.713761,4.143087,1.0,1.056434,1.0
2020-06-03,312.18,311.58,1.0,0.0,1.330823,2.849801,9.08138,0.550981,1.208797,1.657041,69.542383,2.243727,0.418574,1.663389,5.076636,7.481281,0.677672,9.08138,0.882044,4.020052,1.0,1.050023,1.0
2020-06-04,311.36,311.04,1.0,0.0,-0.262669,2.769251,9.537379,0.501503,1.22043,1.60775,68.325053,2.334171,0.403369,0.926588,4.323662,6.897177,0.609253,9.537379,0.726298,5.060015,1.0,1.056019,0.973185
2020-06-05,319.34,319.215,1.0,0.0,2.56295,4.935594,11.005284,0.525275,1.204616,1.772334,73.235218,2.513826,0.505019,2.315079,6.289091,9.224121,0.812286,11.005284,1.445886,5.182046,0.0,1.015421,1.0
2020-06-08,323.2,321.52,1.0,0.0,1.208743,5.776469,10.518397,0.95157,1.280326,1.685583,75.235021,2.734998,0.600145,2.340164,6.803459,10.089136,0.860361,10.518397,0.688439,9.536137,1.0,1.016239,1.0
2020-06-09,320.79,321.32,1.0,0.0,-0.745668,4.125552,9.671795,0.908904,1.264359,1.634744,71.636119,2.862496,0.569284,1.045866,5.404042,8.872528,0.746773,9.671795,0.720717,11.286066,1.0,0.98686,0.942067
2020-06-10,319.0,320.305,0.0,1.0,-0.557997,2.184637,11.277776,1.189405,1.289937,1.599023,68.99617,2.885255,0.46334,0.32084,4.337341,7.915249,0.67951,11.277776,0.892203,9.598904,1.0,0.977981,0.899038
2020-06-11,300.61,306.08,0.0,0.0,-5.76489,-3.452595,6.75071,1.264391,1.186647,2.312886,49.01222,2.544428,-0.020519,-3.709237,-1.520251,1.626539,0.29272,6.75071,1.93962,11.065596,0.0,1.016832,0.456971
2020-06-12,304.21,303.84,0.0,0.0,1.197565,-4.737897,6.751588,2.826915,1.757952,2.440112,51.946406,2.179543,-0.28404,-1.718706,-0.308526,2.729027,0.350783,6.751588,1.805394,12.660941,0.0,0.993512,0.50327
2020-06-15,307.05,302.51,0.0,0.0,0.933566,-4.996906,7.255135,2.555357,1.757972,2.596316,54.186251,1.948698,-0.393679,-0.535554,0.562573,3.538322,0.413543,7.255135,1.25405,13.349969,0.0,0.987256,0.562568
2020-06-16,312.96,311.655,0.0,0.0,1.924768,-2.440849,6.088136,2.511231,1.762573,2.573616,58.519285,1.878803,-0.335472,0.915065,2.254883,5.302783,0.568083,6.088136,1.257147,18.928584,0.0,0.975472,0.67211
2020-06-17,311.66,312.625,0.0,0.0,-0.415389,-2.30094,6.743844,2.775893,1.692918,2.390791,57.236916,1.805828,-0.334147,0.330038,1.652949,4.665666,0.532903,6.743844,0.748426,21.489813,0.0,0.975492,0.630484
2020-06-18,311.78,310.905,0.0,0.0,0.038503,3.715778,5.001179,2.775404,1.673892,2.190536,57.329868,1.724342,-0.331847,0.245477,1.528475,4.51309,0.541453,5.001179,0.731986,19.543218,1.0,0.981953,0.596751
2020-06-19,308.64,310.455,0.0,0.0,-1.00712,1.456231,4.666305,0.833959,1.645431,2.256901,54.020944,1.576935,-0.400139,-0.510711,0.457553,3.320305,0.443178,4.666305,1.231134,19.05476,0.0,1.037406,0.485876
2020-06-22,310.62,308.9,0.0,0.0,0.641524,1.162677,5.138099,1.03246,1.655975,2.12809,55.755105,1.471466,-0.394404,0.084988,0.996014,3.82096,0.509757,5.138099,0.7065,9.785103,1.0,1.039114,0.54683
2020-06-23,312.05,313.055,1.0,1.0,0.46037,-0.290772,4.336632,1.002501,1.658184,2.001678,57.016035,1.410173,-0.357717,0.363172,1.319992,4.123383,0.58249,4.336632,0.645198,10.427908,0.0,1.037,0.537728
2020-06-24,304.09,306.305,1.0,0.0,-2.550873,-2.428929,0.184496,0.599316,1.644149,2.216473,48.696689,1.177923,-0.508996,-1.475449,-1.145498,1.408975,0.275097,0.184496,1.265104,9.355347,0.0,1.043884,0.15405
2020-06-25,307.35,304.46,1.0,0.0,1.072051,-1.420874,1.445688,1.181293,1.722935,2.176475,51.798679,1.028114,-0.512729,-0.279868,-0.077569,2.395898,0.41634,1.445688,0.856974,8.798059,0.0,1.080461,0.298362
2020-06-26,300.05,302.905,1.0,0.0,-2.375142,-2.783178,-1.403128,1.334984,1.737025,2.284556,45.207072,0.736846,-0.673188,-1.7813,-2.222641,-0.034733,0.070089,-1.403128,1.321703,-2.38788,0.0,1.076889,0.0
2020-06-29,304.46,301.77,1.0,0.0,1.469755,-1.983131,-0.356734,1.575199,1.814966,2.200016,49.39649,0.589235,-0.6403,-0.225404,-0.711271,1.377481,0.246246,-0.356734,0.864928,-10.297258,0.0,1.095747,0.190497
2020-06-30,308.36,307.01,1.0,0.0,1.280956,-1.182503,0.090885,1.727972,1.843052,2.158433,52.831234,0.570114,-0.515096,0.699323,0.506916,2.568443,0.379887,0.090885,1.258196,-13.38351,0.0,1.068323,0.358963
2020-07-01,310.52,310.48,1.0,0.0,0.70048,2.114506,-0.531745,1.836036,1.855832,2.009204,54.666531,0.606109,-0.377243,0.932103,1.094356,3.15395,0.448177,-0.531745,0.826412,-16.525861,1.0,1.069191,0.452268
2020-07-02,312.23,313.605,1.0,0.0,0.550689,1.587766,0.279419,1.425442,1.838611,1.952978,56.122075,0.670745,-0.245777,0.987055,1.491482,3.570835,0.498143,0.279419,0.804788,-17.433056,1.0,1.134566,0.526134
2020-07-06,317.05,316.62,1.0,0.0,1.543734,5.665722,-0.717104,1.393342,1.841553,1.896045,60.018782,0.826727,-0.060689,1.683067,2.758943,4.95691,0.670545,-0.717104,0.723815,-18.100562,1.0,1.141623,0.734341
2020-07-07,313.78,315.445,1.0,0.0,-1.031383,3.061157,-2.914604,0.406769,1.783991,1.836708,56.361807,0.874244,-0.017935,0.421991,1.534802,3.716818,0.509082,-2.914604,1.019806,-23.996368,0.0,1.128776,0.593089
2020-07-08,316.18,314.5,1.0,0.0,0.764867,2.535997,-1.437077,0.897539,1.773639,1.731543,58.366844,0.94852,0.05049,0.790256,2.08668,4.325596,0.587434,-1.437077,0.679315,-25.181588,1.0,1.194526,0.777724
2020-07-09,314.38,313.89,1.0,0.0,-0.569296,1.243076,-1.448276,0.842291,1.778044,1.781545,56.278305,0.961161,0.046392,0.144203,1.360173,3.580095,0.468488,-1.448276,1.043257,-24.963485,0.0,1.175306,0.756201
2020-07-10,317.59,315.32,1.0,0.0,1.021057,1.716683,5.648515,0.931925,1.778205,1.743352,59.089726,1.026824,0.09704,0.774809,2.16208,4.447747,0.586308,5.648515,0.746978,-28.582495,1.0,1.053789,1.0
2020-07-13,314.84,318.42,1.0,0.0,-0.865896,-0.697051,3.494297,0.979864,1.214841,1.887461,55.78052,1.013884,0.060783,-0.065219,1.154395,3.39966,0.402014,3.494297,1.350624,-29.27951,0.0,1.101825,0.843216
2020-07-14,318.92,315.88,1.0,0.0,1.295896,1.63809,3.86582,0.857035,1.220359,1.939301,59.412292,1.074615,0.106966,0.816541,2.225241,4.545297,0.562867,3.86582,1.295828,-33.248145,0.0,1.159251,1.0
2020-07-15,321.85,321.155,1.0,0.0,0.918726,1.793282,2.840619,0.876188,1.234034,1.836107,61.83637,1.182537,0.178957,1.155135,2.854436,5.278471,0.670613,2.840619,1.225326,-34.997786,0.0,1.189057,1.0
2020-07-16,320.79,320.185,1.0,0.0,-0.329346,2.038934,2.929474,0.893475,1.182008,1.711268,60.430228,1.239088,0.185754,0.546492,2.270659,4.729193,0.563063,2.929474,0.804279,-39.052907,1.0,1.195903,0.951376
2020-07-17,321.72,321.155,1.0,0.0,0.289909,1.300419,3.188145,0.847529,1.180107,1.596098,61.262525,1.285611,0.188258,0.557101,2.316996,4.825923,0.57063,3.188145,0.931543,-38.973264,0.0,1.209712,0.994037
2020-07-20,324.32,322.875,1.0,0.0,0.808156,3.011053,5.080353,0.790297,1.180176,1.557609,63.569561,1.363665,0.220087,0.909023,2.835969,5.438507,0.645516,5.080353,0.826003,-38.084131,1.0,1.161653,1.0
2020-07-21,325.01,325.435,1.0,0.0,0.212753,1.90957,4.63267,0.563732,1.156174,1.469724,64.179264,1.431279,0.232103,0.746344,2.755809,5.428703,0.639928,4.63267,0.845786,-35.890691,1.0,1.21566,1.0
2020-07-22,326.86,325.85,1.0,0.0,0.569213,1.556626,4.746034,0.450067,1.152775,1.376691,65.830465,1.507039,0.25172,0.876016,3.012959,5.778731,0.669259,4.746034,0.879798,-38.101979,1.0,1.227956,1.0
2020-07-23,322.96,324.355,1.0,0.0,-1.193171,0.676455,6.2054,0.383138,1.15409,1.444927,59.593908,1.478022,0.166035,-0.218644,1.611212,4.331815,0.4968,6.2054,1.163557,-37.997343,0.0,1.10327,0.854532
2020-07-24,320.88,320.62,1.0,0.0,-0.644043,-0.261097,4.402147,0.697959,1.02016,1.414547,56.518572,1.381708,0.048973,-0.575839,0.864881,3.511309,0.387479,4.402147,1.168894,-39.551635,0.0,1.117299,0.776949
2020-07-27,323.22,322.09,1.0,0.0,0.729245,-0.339171,7.722046,0.754801,1.02434,1.32597,59.077123,1.331459,0.006699,0.099422,1.445807,4.092013,0.438528,7.722046,0.76539,-34.828518,0.0,1.052994,0.86423
2020-07-28,321.17,322.245,1.0,0.0,-0.634243,-1.181502,5.488406,0.737327,0.837334,1.272335,55.969933,1.242038,-0.072943,-0.357606,0.725421,3.292805,0.294878,5.488406,0.955699,-34.772424,0.0,1.059641,0.745982
2020-07-29,325.12,323.905,1.0,0.0,1.229878,-0.532338,5.435206,0.751176,0.825409,1.276302,60.302448,1.234097,-0.051926,0.576914,1.773834,4.376401,0.42406,5.435206,0.821851,-34.582595,0.0,1.082191,0.905946
2020-07-30,323.96,322.025,1.0,0.0,-0.356791,0.309636,4.328224,0.920067,0.822354,1.335631,58.482487,1.20146,-0.071335,0.14527,1.274648,3.840944,0.311133,4.328224,1.07987,-34.60722,0.0,1.095622,0.822521
2020-07-31,326.52,323.98,1.0,0.0,0.790221,1.757666,4.576754,0.770422,0.826847,1.364895,61.261178,1.212193,-0.040497,0.622483,1.873625,4.47054,0.398613,4.576754,1.500316,-34.258394,0.0,1.085994,0.97676
2020-08-03,328.79,328.675,1.0,0.0,0.69521,1.723284,3.702886,0.718343,0.833324,1.300456,63.588306,1.260862,0.013456,0.87748,2.33024,4.982878,0.488805,3.702886,0.950021,-34.472185,0.0,1.098465,1.0
2020-08-04,330.06,328.96,1.0,0.0,0.386265,2.768004,5.188349,0.714885,0.785456,1.211598,64.860158,1.316907,0.059441,0.841203,2.459549,5.166164,0.524389,5.188349,0.764523,-32.559698,1.0,1.095096,1.0
2020-08-05,332.11,331.785,1.0,0.0,0.621099,2.149975,5.038269,0.527276,0.734817,1.137113,66.871701,1.39052,0.112653,0.973589,2.79284,5.57841,0.604965,5.038269,0.792152,-32.985682,1.0,1.12756,1.0
2020-08-06,334.33,332.795,1.0,0.0,0.668453,3.201012,6.345824,0.414133,0.730494,1.111757,68.944924,1.482134,0.170201,1.093027,3.138136,6.022872,0.692917,6.345824,0.802724,-31.895712,1.0,1.109378,1.0
2020-08-07,334.57,333.59,1.0,0.0,0.071785,2.465393,5.346516,0.134805,0.710732,1.06565,69.169555,1.548869,0.190302,0.774057,2.897389,5.845823,0.657696,5.346516,1.086671,-31.549115,0.0,1.131277,1.0
2020-08-10,335.57,334.365,1.0,0.0,0.298891,2.062107,6.584297,0.235286,0.693184,1.032462,70.138765,1.603387,0.199095,0.714281,2.890884,5.90626,0.652264,6.584297,0.854793,-32.067889,1.0,1.04014,1.0
2020-08-11,332.8,334.775,1.0,0.0,-0.825461,0.830152,4.352189,0.218475,0.642991,1.123803,64.125206,1.578626,0.130117,-0.078081,1.843541,4.825188,0.463016,4.352189,1.343151,-28.303429,0.0,1.080918,0.833634
2020-08-12,337.44,336.845,1.0,0.0,1.394231,1.60489,4.843871,0.542052,0.648437,1.177102,68.930602,1.619424,0.152666,0.872881,2.943519,6.025302,0.642051,4.843871,1.057143,-28.518349,0.0,1.115883,1.0
2020-08-13,336.83,337.04,1.0,0.0,-0.180773,0.747764,5.000156,0.727945,0.681657,1.117798,67.647712,1.638481,0.135253,0.459296,2.488279,5.592073,0.548949,5.000156,0.820173,-24.928809,1.0,1.120782,0.963363
2020-08-14,336.84,336.52,1.0,0.0,0.002969,0.678483,4.699739,0.726267,0.676209,1.03998,67.658339,1.63263,0.103557,0.307712,2.248717,5.364019,0.491833,4.699739,0.930449,-24.626011,0.0,1.127773,0.963768
2020-08-17,337.91,337.595,1.0,0.0,0.317658,0.697321,4.190306,0.728301,0.678178,0.957649,68.837807,1.629642,0.084329,0.416695,2.322729,5.463028,0.485944,4.190306,0.724498,-28.160424,1.0,1.154473,1.0
2020-08-18,338.64,337.855,1.0,0.0,0.216034,1.754808,4.193717,0.729168,0.66566,0.926213,69.650996,1.6265,0.067614,0.421529,2.295954,5.455518,0.47357,4.193717,0.780543,-26.741341,1.0,1.172344,1.0
2020-08-19,337.23,338.115,1.0,0.0,-0.416371,-0.062233,3.172612,0.549829,0.665661,0.924292,66.064949,1.581625,0.012978,0.002268,1.688917,4.810246,0.367862,3.172612,1.353671,-23.466731,0.0,1.173571,0.920608
2020-08-20,338.28,337.01,1.0,0.0,0.31136,0.430484,4.743622,0.265668,0.673519,0.939673,67.410563,1.543148,-0.016505,0.208872,1.811073,4.925227,0.361148,4.743622,0.817728,-20.702859,1.0,1.153557,0.97973
2020-08-21,339.48,338.635,1.0,0.0,0.354736,0.783755,5.796559,0.27591,0.598146,0.896733,68.927024,1.522161,-0.025583,0.375526,1.961297,5.079141,0.386335,5.796559,0.969632,-9.944114,0.0,1.130848,1.0
2020-08-24,342.92,341.225,1.0,0.0,1.013314,1.482643,6.09492,0.290164,0.56346,0.907402,72.83008,1.557695,0.020382,0.924141,2.701592,5.888796,0.513812,6.09492,0.797518,-3.440841,1.0,1.157097,1.0
2020-08-25,344.12,343.24,1.0,0.0,0.349936,1.618238,7.145748,0.454333,0.577907,0.858841,74.054395,1.602056,0.056083,0.84793,2.761409,5.999149,0.571622,7.145748,0.596942,7.1042,1.0,1.17877,1.0
2020-08-26,347.57,346.015,1.0,0.0,1.002557,3.066157,6.905143,0.452785,0.536883,0.880413,77.231052,1.685884,0.124205,1.231693,3.418198,6.766178,0.719246,6.905143,0.775102,11.143227,1.0,1.186169,1.0
2020-08-27,348.33,348.215,1.0,0.0,0.218661,2.970912,7.522534,0.328231,0.520223,0.890356,77.87373,1.758406,0.160108,0.964029,3.285849,6.706729,0.75213,7.522534,0.861463,17.596911,1.0,1.165697,1.0
2020-08-28,350.58,349.435,1.0,0.0,0.645939,3.269707,7.368614,0.346482,0.496495,0.864432,79.700523,1.837726,0.199748,1.07169,3.563121,7.0854,0.862016,7.368614,0.699019,22.709724,1.0,1.180233,1.0
2020-08-31,349.31,350.18,0.0,1.0,-0.362257,1.863408,6.241066,0.32629,0.491279,0.8374,75.891779,1.865631,0.177358,0.469264,2.875611,6.417973,0.790984,6.241066,0.938544,26.055253,0.0,1.233063,0.941716
2020-09-01,352.6,350.975,0.0,0.0,0.941857,2.464257,6.829061,0.455142,0.508665,0.850191,78.727803,1.918066,0.196437,0.939262,3.465715,7.108601,0.92466,6.829061,0.770115,30.039875,1.0,1.230908,1.0
2020-09-02,357.7,356.09,0.0,0.0,1.446398,2.914521,7.705278,0.508167,0.527208,0.955569,82.219574,2.036849,0.271814,1.586806,4.468528,8.290149,1.113094,7.705278,0.946542,36.300927,0.0,1.19928,1.0
2020-09-03,345.39,349.485,0.0,0.0,-3.441431,-0.844027,3.308109,0.617143,0.57805,1.440978,57.629857,1.919661,0.073374,-1.280975,0.789486,4.376628,0.599487,3.308109,1.982976,37.172289,0.0,1.400493,0.505622
2020-09-04,342.57,341.35,0.0,0.0,-0.816468,-2.284785,2.391129,1.746577,1.007595,1.76355,53.669948,1.697824,-0.130929,-1.40107,-0.030245,3.381539,0.511073,2.391129,1.78808,47.569472,0.0,1.461494,0.392369
2020-09-08,333.21,337.76,0.0,0.0,-2.732288,-4.609086,-0.703281,1.710216,1.03018,1.961889,43.087221,1.310128,-0.455996,-2.767833,-2.505277,0.534903,0.174111,-0.703281,1.430072,54.507161,0.0,1.456611,0.016466
2020-09-09,339.79,339.535,0.0,0.0,1.974731,-3.633012,2.100361,1.934894,1.201901,2.030346,50.479616,1.090083,-0.513472,-0.566775,-0.525069,2.418975,0.45368,2.100361,1.13206,55.912673,0.0,1.464781,0.280723
2020-09-10,333.89,337.69,0.0,0.0,-1.736367,-6.656416,-1.052039,2.16423,1.26242,2.177282,44.853801,0.800524,-0.665094,-1.540644,-2.042192,0.61533,0.258847,-1.052039,1.084337,64.200988,0.0,1.43066,0.027766
2020-09-11,334.06,333.985,0.0,0.0,0.050915,-3.28035,-0.822373,1.885342,1.287568,2.124298,45.043851,0.553227,-0.729316,-0.998637,-1.806,0.640251,0.319255,-0.822373,0.998354,66.363937,0.0,1.530878,0.034708
2020-09-14,338.46,337.3,0.0,0.0,1.317129,-1.199755,0.480941,1.60775,1.287332,2.066095,49.860248,0.4526,-0.650616,0.203352,-0.46406,1.887267,0.526461,0.480941,0.767573,68.273945,0.0,1.505862,0.214373
2020-09-15,340.17,340.245,0.0,0.0,0.50523,2.088773,0.668817,1.781226,1.320596,1.921152,51.634321,0.412457,-0.548171,0.471956,0.035126,2.305663,0.623064,0.668817,0.613424,76.160287,1.0,1.500029,0.284198
2020-09-16,338.82,340.79,0.0,0.0,-0.39686,-0.28547,0.053154,1.266128,1.323249,1.850292,50.126401,0.34781,-0.493316,0.048803,-0.327523,1.823797,0.604904,0.053154,0.959833,72.358361,0.0,1.409309,0.229073
2020-09-17,335.84,335.345,0.0,0.0,-0.879523,0.584025,-0.412182,1.01505,1.325962,1.849275,46.872356,0.223715,-0.499899,-0.555639,-1.090734,0.891507,0.524367,-0.412182,1.040153,75.021941,0.0,1.406753,0.107391
2020-09-18,330.65,331.73,0.0,0.0,-1.545379,-1.020775,-2.255528,0.755312,1.337229,1.945216,41.78478,-0.001783,-0.589404,-1.404752,-2.37573,-0.641634,0.365702,-2.255528,1.190333,72.326919,0.0,1.375634,0.0
2020-09-21,326.97,324.43,0.0,0.0,-1.112959,-3.394788,-3.685048,1.010898,1.375488,2.068572,38.586648,-0.273007,-0.693794,-1.68208,-3.142873,-1.680076,0.263669,-3.685048,1.156147,51.355507,0.0,1.32065,0.0
2020-09-22,330.3,328.38,0.0,0.0,1.018442,-2.90149,-3.680159,0.701556,1.388126,1.97814,42.849309,-0.397091,-0.650908,-0.454878,-1.95508,-0.652301,0.398195,-3.680159,0.781985,33.520056,0.0,1.313901,0.108363
2020-09-23,322.64,326.65,1.0,1.0,-2.319104,-4.775397,-6.242009,0.882521,1.388346,2.131154,36.562588,-0.69301,-0.762283,-1.859417,-3.841568,-2.843641,0.164575,-6.242009,1.162012,24.359914,0.0,1.26612,0.0
2020-09-24,323.5,323.3,1.0,0.0,0.266551,-3.674369,-6.925224,1.107578,1.457768,2.130601,37.668304,-0.885947,-0.764028,-1.070918,-3.254918,-2.48583,0.220181,-6.925224,0.97799,19.655811,0.0,1.238425,0.024529
2020-09-25,328.73,325.61,1.0,0.0,1.616692,-0.580674,-5.626848,1.215447,1.433226,2.139191,44.05462,-0.885178,-0.612159,0.351688,-1.532282,-0.873978,0.359222,-5.626848,0.933396,13.023882,0.0,1.224216,0.173702
2020-09-28,334.19,333.555,1.0,0.0,1.660938,2.208154,-4.67511,1.434059,1.492037,2.072237,49.833347,-0.740731,-0.377739,1.336651,0.093367,0.741927,0.485906,-4.67511,0.862472,7.729811,1.0,1.219696,0.329435
2020-09-29,332.37,333.195,1.0,0.0,-0.5446,0.626703,-4.849561,1.473245,1.539117,1.932138,48.051627,-0.677584,-0.250083,0.521816,-0.408895,0.185692,0.415522,-4.849561,0.678425,7.376216,1.0,1.200345,0.277524
2020-09-30,334.89,335.585,1.0,0.0,0.758191,3.796801,-5.022689,1.48497,1.54043,1.897618,50.680973,-0.552539,-0.102604,0.852328,0.313122,0.907884,0.470099,-5.022689,1.35807,7.489001,0.0,1.175222,0.349401
2020-10-01,337.04,336.875,1.0,0.0,0.642002,4.185471,-5.77579,0.835551,1.533913,1.786418,52.872625,-0.398494,0.038856,0.994894,0.86519,1.493795,0.52142,-5.77579,1.176055,2.658455,0.0,1.153739,0.410724
2020-10-02,333.84,334.1,1.0,0.0,-0.949442,1.554467,-3.344046,0.804899,1.499176,1.796714,49.357003,-0.355135,0.069126,0.024001,-0.083668,0.509273,0.365802,-3.344046,1.210782,-1.043176,0.0,1.075614,0.492308
2020-10-05,339.76,337.985,1.0,0.0,1.773305,1.666717,-0.82027,0.943675,1.32518,1.77019,55.28106,-0.169656,0.19777,1.191348,1.524925,2.199765,0.59444,-0.82027,0.625834,-6.14324,1.0,1.080502,0.859007
2020-10-06,334.93,338.275,1.0,0.0,-1.421592,0.770226,0.516191,0.976273,1.380202,1.866403,50.128806,-0.142684,0.184033,-0.164922,0.073873,0.717401,0.319354,0.516191,1.260681,-10.681206,0.0,1.078283,0.701084
2020-10-07,340.76,339.86,1.0,0.0,1.740662,1.752814,0.28547,1.176878,1.277725,1.852034,55.517861,0.02049,0.273294,1.043111,1.640049,2.371369,0.57796,0.28547,0.799274,-11.731975,1.0,1.11562,1.0
2020-10-08,343.78,342.855,1.0,0.0,0.886254,1.999763,2.962053,1.332054,1.260855,1.71084,58.04687,0.21498,0.372451,1.284108,2.293304,3.146021,0.676252,2.962053,0.647827,-16.387731,1.0,1.143669,1.0
2020-10-09,346.85,346.12,1.0,0.0,0.893013,3.897076,3.828654,1.346017,1.206341,1.606839,60.505096,0.432426,0.470802,1.448492,2.892553,3.90141,0.752338,3.828654,0.865578,-18.918398,1.0,1.166104,1.0
2020-10-12,352.43,351.54,1.0,0.0,1.608765,3.729103,4.127519,1.164511,1.216683,1.641805,64.568815,0.716165,0.603147,2.032832,4.096978,5.342716,0.916143,4.127519,1.187827,-20.819307,0.0,1.169276,1.0
2020-10-13,350.13,350.78,1.0,0.0,-0.652612,4.538262,2.927948,1.137836,1.231694,1.560959,61.748564,0.889415,0.620523,0.907169,3.082109,4.464529,0.766665,2.927948,1.061345,-19.994996,0.0,1.142136,0.922793
2020-10-14,347.93,349.535,0.0,1.0,-0.628338,2.10412,2.688743,0.850857,1.243611,1.544947,59.089934,0.967284,0.557354,0.181922,2.197462,3.653344,0.666752,2.688743,0.82757,-18.444282,1.0,1.102936,0.848943
2020-10-15,347.5,345.575,0.0,0.0,-0.123588,1.082087,3.471891,0.905957,1.249729,1.528237,58.559224,1.004245,0.475046,0.038732,1.870216,3.38232,0.658034,3.471891,0.851229,-19.415396,1.0,1.071864,0.834508
2020-10-16,347.29,348.925,0.0,0.0,-0.060432,0.126856,5.032512,0.892277,1.229574,1.465405,58.28391,1.016615,0.389677,-0.014483,1.633587,3.185507,0.655881,5.032512,1.260563,-20.176512,0.0,1.048859,0.827459
2020-10-19,342.01,345.185,0.0,0.0,-1.520343,-2.956615,4.59981,0.827481,1.16646,1.612812,51.702175,0.906751,0.216107,-1.028331,0.079981,1.552348,0.513552,4.59981,0.943225,-15.664911,0.0,1.027208,0.650218
2020-10-20,343.38,344.76,0.0,0.0,0.400573,-1.927855,3.960036,0.523194,1.193374,1.581294,53.179576,0.826688,0.111039,-0.422141,0.434878,1.880865,0.568547,3.960036,0.805395,-8.340692,0.0,1.054372,0.696207
2020-10-21,342.73,344.035,0.0,0.0,-0.189295,-1.494554,6.226754,0.654066,1.18055,1.500268,52.361191,0.743681,0.02134,-0.407921,0.221398,1.620741,0.548669,6.226754,0.850839,-6.751286,0.0,1.008139,0.674387
2020-10-22,344.61,342.945,0.0,0.0,0.548537,-0.831655,6.525502,0.645105,1.035546,1.470731,54.540251,0.708814,-0.007669,0.092209,0.697194,2.090963,0.61314,6.525502,0.708265,-0.240637,0.0,1.03432,0.729692
2020-10-23,345.78,344.56,0.0,0.0,0.339514,-0.434795,5.186627,0.731777,1.036807,1.380603,55.892429,0.7013,-0.010207,0.28761,0.939187,2.339749,0.664165,5.186627,0.613852,5.145127,0.0,1.054314,0.719409
2020-10-26,339.39,339.3,0.0,0.0,-1.847996,-0.766059,1.556001,0.760059,0.993522,1.618198,47.570167,0.552084,-0.138255,-1.049277,-0.838699,0.43085,0.398625,1.556001,1.131665,7.942159,0.0,1.068419,0.34995
2020-10-27,338.22,339.055,1.0,1.0,-0.344736,-1.502708,1.760087,0.884923,1.039077,1.491258,46.213337,0.392392,-0.240268,-0.931246,-1.069313,0.081307,0.336431,1.760087,0.772528,12.964414,0.0,1.088706,0.291625
2020-10-28,326.66,332.19,1.0,0.0,-3.417894,-4.688822,-2.457523,0.841372,1.033945,1.832865,35.453484,-0.011744,-0.533434,-2.920232,-4.043928,-3.212617,-0.247521,-2.457523,1.477136,12.268008,0.0,1.099851,0.0
2020-10-29,329.98,329.245,1.0,0.0,1.016347,-4.245379,-2.094707,1.494761,1.272588,1.908279,39.789363,-0.255448,-0.617511,-1.297405,-2.784563,-2.143386,-0.020185,-2.094707,1.052396,14.142741,0.0,1.10968,0.128832
2020-10-30,326.54,326.145,1.0,0.0,-1.042487,-5.564232,-2.186676,1.596468,1.286281,1.972606,37.014858,-0.532276,-0.718523,-1.563032,-3.448781,-3.043245,-0.124913,-2.186676,1.391465,17.037437,0.0,1.125166,0.0
2020-11-02,330.2,329.8,1.0,0.0,1.120843,-2.707799,-2.813751,1.481961,1.289518,1.925651,41.674815,-0.644356,-0.662831,-0.306943,-2.14604,-1.881229,0.039192,-2.813751,1.011188,16.527902,0.0,1.127628,0.141367
2020-11-03,336.03,334.27,1.0,0.0,1.765597,-0.647508,0.328427,1.658512,1.249285,1.959359,48.243533,-0.578389,-0.477235,0.964153,-0.378644,-0.143019,0.224091,0.328427,1.092159,19.484064,0.0,1.083695,0.366551
2020-11-04,343.54,343.765,1.0,0.0,2.23492,5.167452,0.815823,1.903322,1.277921,2.123235,55.237101,-0.342925,-0.195186,2.124275,1.668894,2.005152,0.444769,0.815823,1.481016,20.20713,0.0,1.059078,0.656624
2020-11-05,350.24,350.525,1.0,0.0,1.950282,6.139766,1.879109,1.122139,1.315106,2.134234,60.380631,-0.008696,0.108974,2.706853,3.292491,3.831889,0.645706,1.879109,0.953112,23.251498,0.0,1.042971,0.915411
2020-11-06,350.16,349.58,1.0,0.0,-0.022841,7.233417,0.954303,1.182263,1.368332,1.997072,60.291547,0.246359,0.291244,1.77307,2.948395,3.653376,0.617366,0.954303,0.868722,25.488704,1.0,1.01673,0.912321
2020-11-09,354.56,359.22,1.0,0.0,1.256568,7.377347,0.604375,0.804424,1.356384,2.244065,63.4827,0.536875,0.464963,2.014122,3.822567,4.752269,0.739638,0.604375,1.972204,29.093137,0.0,0.952634,1.0
2020-11-10,354.04,352.845,1.0,0.0,-0.146661,5.359641,1.116728,0.796468,1.338285,2.123587,62.839959,0.750165,0.542518,1.235327,3.309181,4.410346,0.69069,1.116728,0.995321,24.532705,0.0,0.962977,0.981442
2020-11-11,356.67,356.31,1.0,0.0,0.742854,3.821971,2.512,0.98388,1.329725,1.958459,64.782102,0.960231,0.603292,1.316186,3.674103,4.972479,0.726758,2.512,0.683752,22.964939,1.0,0.999843,1.0
2020-11-12,353.21,353.99,1.0,0.0,-0.970084,0.84799,1.643165,0.787203,1.327586,1.920067,60.315867,1.051015,0.552463,0.221976,2.408126,3.79321,0.563976,1.643165,0.826889,15.20391,1.0,1.002794,0.885164
2020-11-13,358.1,356.805,1.0,0.0,1.384446,2.267535,3.112672,0.767597,1.348421,1.853194,64.084516,1.196667,0.563939,1.06727,3.448971,5.014781,0.650852,3.112672,0.800329,10.677857,1.0,0.996089,1.0
2020-11-16,362.57,361.185,1.0,0.0,1.248255,2.259138,6.01152,0.892422,1.376798,1.758405,67.155094,1.390607,0.612544,1.540605,4.269548,6.06253,0.712191,6.01152,0.971065,5.814238,0.0,1.028948,1.0
2020-11-17,360.62,360.13,1.0,0.0,-0.537827,1.858547,5.020677,0.890931,1.339269,1.688589,64.561949,1.503448,0.576942,0.660804,3.343732,5.26538,0.605275,5.020677,0.867936,2.156987,1.0,1.002742,0.945878
2020-11-18,356.28,358.87,1.0,0.0,-1.203483,-0.109345,3.953549,0.95492,1.351354,1.678119,59.092771,1.490769,0.442381,-0.367762,1.896215,3.835709,0.466765,3.953549,0.956496,-1.229024,0.0,1.005993,0.825423
2020-11-19,357.78,356.165,1.0,0.0,0.421017,1.293848,3.821711,1.10926,1.385647,1.598458,60.343173,1.476864,0.346298,0.034465,2.099118,4.098444,0.475058,3.821711,0.849044,-9.742243,1.0,1.008046,0.867055
2020-11-20,355.33,356.485,1.0,0.0,-0.684778,-0.773527,2.761872,1.004513,1.384338,1.489817,57.264292,1.40906,0.216559,-0.434642,1.264948,3.248519,0.401608,2.761872,1.020043,-13.770695,0.0,0.981972,0.799056
2020-11-23,357.46,356.845,1.0,0.0,0.599443,-1.409383,5.324258,0.874916,1.39702,1.430817,59.212734,1.371499,0.148882,0.108072,1.690676,3.710144,0.428125,5.324258,0.933538,-16.204574,0.0,0.964706,0.858174
2020-11-24,363.22,361.55,1.0,0.0,1.611369,0.720981,7.391639,0.685271,1.322172,1.453477,63.993575,1.438383,0.188124,1.140909,3.002693,5.159378,0.534002,7.391639,1.019203,-28.312477,0.0,1.005755,1.0
2020-11-25,362.66,362.32,1.0,0.0,-0.154177,1.790726,11.020633,0.993963,1.345339,1.325597,63.217741,1.481419,0.183384,0.6545,2.56609,4.791885,0.508422,11.020633,0.747205,-29.490331,1.0,0.895667,0.984733
2020-11-27,363.67,363.38,1.0,0.0,0.278498,1.646263,10.20971,0.772387,1.039639,1.204321,64.063956,1.514513,0.176066,0.621278,2.573152,4.874648,0.520367,10.20971,0.470362,-29.581115,1.0,0.948785,1.0
2020-11-30,362.06,361.145,1.0,0.0,-0.442709,1.894014,10.877687,0.772187,1.034788,1.214105,61.62994,1.49772,0.122657,0.117144,1.913376,4.230087,0.467579,10.877687,1.394875,-30.443478,0.0,0.8949,0.956639
2020-12-01,366.02,366.305,1.0,0.0,1.093741,2.394674,10.847971,0.712308,0.997899,1.245565,65.138359,1.532704,0.138015,0.804859,2.731781,5.14866,0.565427,10.847971,1.228074,-28.984717,0.0,0.920508,1.0
2020-12-02,366.79,365.58,1.0,0.0,0.210371,0.982875,9.153945,0.768221,0.997104,1.177553,65.793312,1.568824,0.14165,0.675658,2.65968,5.148438,0.595339,9.153945,0.766579,-29.86381,1.0,0.944053,1.0
2020-12-03,366.69,366.845,1.0,0.0,-0.027264,1.111234,6.738662,0.518366,0.956858,1.118636,65.620888,1.580021,0.121966,0.431209,2.375101,4.909139,0.592389,6.738662,1.05636,-30.560232,0.0,0.951084,0.995699
2020-12-04,369.85,368.535,1.0,0.0,0.861763,1.699343,5.599018,0.503434,0.867984,1.075122,68.435909,1.625192,0.143676,0.860738,2.937996,5.572535,0.721888,5.599018,0.857211,-31.219182,1.0,1.000638,1.0
2020-12-07,369.09,368.67,1.0,0.0,-0.205489,1.941667,5.4061,0.566512,0.79583,1.010637,67.014667,1.639616,0.124039,0.434707,2.460417,5.134788,0.652319,5.4061,0.77648,-26.962207,1.0,0.98132,0.961402
2020-12-08,370.17,369.225,1.0,0.0,0.292612,1.133818,4.40264,0.505715,0.800242,0.98535,68.030709,1.648129,0.109579,0.48455,2.490801,5.21786,0.678933,4.40264,0.659996,-26.365194,1.0,1.004157,1.0
2020-12-09,366.85,368.5,1.0,0.0,-0.896885,0.016358,3.618235,0.363098,0.767538,1.047061,61.735305,1.58241,0.023949,-0.278174,1.419778,4.09969,0.490313,3.618235,1.165655,-26.044404,0.0,1.059504,0.804245
2020-12-10,366.73,366.145,1.0,0.0,-0.032711,0.010908,2.820534,0.578879,0.802029,1.032455,61.513731,1.499083,-0.04791,-0.207411,1.25289,3.899983,0.47317,2.820534,0.91998,-26.835321,0.0,1.069808,0.79717
2020-12-11,366.3,365.0,1.0,0.0,-0.117252,-0.959849,3.706011,0.578944,0.792625,1.022517,60.673391,1.408608,-0.112161,-0.216514,1.025046,3.624624,0.434969,3.706011,0.933429,-24.328872,0.0,1.054327,0.771816
2020-12-14,364.66,367.135,1.0,0.0,-0.44772,-1.200249,1.831891,0.390603,0.753613,1.085052,57.449858,1.290352,-0.189805,-0.443156,0.517907,3.032968,0.31312,1.831891,1.110339,-20.672502,0.0,1.06112,0.628706
2020-12-15,369.59,367.755,1.0,0.0,1.351944,-0.156685,1.936178,0.404068,0.712471,1.105689,63.694334,1.268729,-0.153348,0.600059,1.695075,4.244983,0.564152,1.936178,1.049928,-20.757531,0.0,1.060309,0.960916
2020-12-16,370.17,370.015,1.0,0.0,0.156931,0.905002,2.648217,0.754103,0.72118,1.039247,64.35706,1.261354,-0.126796,0.504014,1.675072,4.22838,0.577355,2.648217,0.980383,-21.768177,0.0,1.070823,1.0
2020-12-17,372.24,371.755,1.0,0.0,0.559203,1.502468,4.479623,0.616701,0.70627,0.977698,66.693808,1.280208,-0.080177,0.708173,2.025633,4.613847,0.668626,4.479623,1.047376,-17.049476,0.0,1.060411,1.0
2020-12-18,369.18,369.085,1.0,0.0,-0.82205,0.786241,3.186316,0.620874,0.640919,1.042887,60.390839,1.230424,-0.11299,-0.079831,1.072678,3.601357,0.49668,3.186316,2.147378,-9.933027,0.0,1.123835,0.819042
2020-12-21,367.86,370.245,1.0,0.0,-0.357549,0.87753,3.526299,0.763394,0.677761,1.502595,57.850992,1.144655,-0.162864,-0.291821,0.643115,3.100299,0.413367,3.526299,1.497399,-6.756454,0.0,1.133839,0.740982
2020-12-22,367.24,367.18,1.0,0.0,-0.168542,-0.63584,2.73597,0.749776,0.66093,1.387954,56.645934,1.049276,-0.20836,-0.307052,0.428202,2.808543,0.332588,2.73597,0.712233,-0.605504,0.0,1.116706,0.661705
2020-12-23,367.57,368.42,1.0,0.0,0.089859,-0.70238,1.197621,0.46679,0.65749,1.288872,57.157474,0.967377,-0.231304,-0.145084,0.468839,2.783997,0.278262,1.197621,0.673122,12.079599,0.0,1.131139,0.541257
2020-12-24,369.0,368.24,1.0,0.0,0.389042,-0.870406,1.748194,0.459359,0.563879,1.169784,59.393376,0.920379,-0.218926,0.16213,0.777191,3.055197,0.334645,1.748194,0.386154,12.938066,0.0,1.204885,0.681729
2020-12-28,372.17,371.83,1.0,0.0,0.859079,0.809903,2.337284,0.409958,0.565933,1.133793,63.892086,0.93649,-0.154488,0.679419,1.484153,3.78015,0.591587,2.337284,0.572009,12.470502,1.0,1.210866,0.993124
2020-12-29,371.46,372.415,1.0,0.0,-0.190773,0.978633,2.596255,0.429386,0.589351,1.098284,62.229175,0.931141,-0.129538,0.324373,1.166206,3.436861,0.451406,2.596255,0.790304,12.96317,1.0,1.138678,0.923379
2020-12-30,371.99,372.335,1.0,0.0,0.14268,1.293432,1.631058,0.392604,0.579862,1.009273,63.003258,0.924999,-0.107335,0.311192,1.184258,3.439044,0.41688,1.631058,0.741145,10.394207,1.0,1.169633,0.967018
2020-12-31,373.88,372.945,1.0,0.0,0.508078,1.71668,1.932986,0.352543,0.536227,0.992602,65.702629,0.946406,-0.064567,0.545741,1.534124,3.803208,0.588496,1.932986,1.189088,10.219722,0.0,1.165684,1.0
2021-01-04,368.79,370.135,1.0,0.0,-1.361399,-0.056911,0.572691,0.352346,0.543654,1.256448,54.227462,0.859152,-0.13262,-0.550235,0.137358,2.294155,0.009568,0.572691,1.609589,15.025598,0.0,1.184008,0.447939
2021-01-05,371.33,370.275,1.0,0.0,0.688739,-0.225703,0.400162,0.76236,0.629855,1.241259,58.155001,0.820059,-0.131943,0.089769,0.747688,2.877714,0.238315,0.400162,0.979347,14.565999,0.0,1.180872,0.723427
2021-01-06,373.55,373.05,1.0,0.0,0.597851,0.562645,1.208377,0.725757,0.619482,1.349916,61.28203,0.827435,-0.095128,0.457721,1.219868,3.351208,0.402517,1.208377,1.685048,1.678787,0.0,1.176407,0.964208
2021-01-07,379.1,377.905,1.0,0.0,1.485745,1.911342,2.412405,0.76123,0.629401,1.376136,67.767073,0.932272,0.018573,1.29178,2.457958,4.686126,0.881994,2.412405,1.115178,-4.146614,0.0,1.159929,1.0
2021-01-08,381.26,379.295,1.0,0.0,0.569771,1.973895,3.928036,0.939601,0.700909,1.33942,69.881438,1.05273,0.115366,1.238227,2.744095,5.064944,0.89912,3.928036,1.157764,-2.608148,0.0,1.143863,1.0
2021-01-11,378.69,379.15,1.0,0.0,-0.674081,2.684455,3.261255,0.941555,0.666375,1.293349,64.463222,1.092841,0.119292,0.369848,1.852515,4.17873,0.612033,3.261255,0.808534,0.578115,1.0,1.150049,0.845181
2021-01-12,378.77,378.11,1.0,0.0,0.021125,2.003609,3.404313,0.692037,0.691522,1.243872,64.555349,1.107666,0.107458,0.260362,1.692531,4.029366,0.566634,3.404313,0.821952,3.424538,1.0,1.196928,0.85
2021-01-13,379.79,379.355,1.0,0.0,0.269293,1.670459,4.14907,0.713303,0.689373,1.180799,65.773676,1.125291,0.102216,0.352946,1.775782,4.133523,0.616469,4.14907,0.664783,9.320253,1.0,1.236172,0.911446
2021-01-14,378.46,379.615,1.0,0.0,-0.350194,-0.168821,2.399957,0.707164,0.674812,1.133704,62.745163,1.104539,0.062295,0.001011,1.282458,3.615712,0.522948,2.399957,0.712361,15.363807,0.0,1.182605,0.800285
2021-01-15,375.7,375.64,1.0,0.0,-0.729271,-1.458322,1.493908,0.440281,0.630788,1.158691,56.891021,1.021872,-0.022424,-0.486693,0.491786,2.744834,0.373568,1.493908,1.447339,24.248972,0.0,1.200409,0.603424
2021-01-19,378.65,377.99,1.0,0.0,0.785201,-0.010563,1.722007,0.388246,0.657253,1.120676,61.071693,0.993934,-0.03378,0.196265,1.157451,3.407564,0.531928,1.722007,0.69324,20.720629,0.0,1.206482,0.813837
2021-01-20,383.89,382.74,1.0,0.0,1.383864,1.351744,3.984506,0.518454,0.667323,1.171251,67.1633,1.062644,0.039166,1.049691,2.308155,4.640031,0.781714,3.984506,0.863438,12.62951,1.0,1.092257,1.0
2021-01-21,384.24,384.1,1.0,0.0,0.091172,1.1717,4.452781,0.76017,0.689776,1.07315,67.528799,1.121247,0.078961,0.758327,2.167766,4.541296,0.751493,4.452781,0.674601,10.170637,1.0,1.105597,1.0
2021-01-22,382.88,382.985,1.0,0.0,-0.353945,1.167891,4.258795,0.763618,0.678549,1.016944,64.523418,1.130909,0.067937,0.26744,1.631327,4.001153,0.645585,4.258795,0.77881,0.818979,1.0,1.156378,0.92
2021-01-25,384.39,381.615,1.0,0.0,0.394379,2.313016,4.575999,0.764195,0.685035,1.096765,66.315913,1.149399,0.072482,0.440942,1.835052,4.231,0.701552,4.575999,1.052841,-2.57715,0.0,1.136537,1.0
2021-01-26,383.79,384.695,1.0,0.0,-0.156091,1.357454,4.00813,0.593654,0.685555,1.032268,64.912443,1.1436,0.052,0.189262,1.514051,3.902537,0.651599,4.00813,0.654346,-4.835974,1.0,1.07489,0.961538
2021-01-27,374.41,376.165,1.0,0.0,-2.444045,-2.469457,0.601875,0.609752,0.68937,1.336549,47.859775,0.95294,-0.132806,-1.517703,-0.87571,1.308957,0.142276,0.601875,1.914533,-5.50382,0.0,1.106487,0.360256
2021-01-28,377.63,378.91,1.0,0.0,0.86002,-1.720279,1.661013,1.006789,0.88061,1.413981,52.475304,0.831709,-0.195823,-0.448159,-0.02101,2.092945,0.274356,1.661013,1.454592,-4.65919,0.0,1.106137,0.566667
2021-01-29,370.07,372.47,1.0,0.0,-2.00196,-3.345696,-0.516143,1.134935,0.896834,1.587718,42.878281,0.58564,-0.370307,-1.640782,-1.833457,0.04716,-0.184932,-0.516143,1.961105,-3.12999,0.0,1.139099,0.082051
2021-02-01,376.23,373.86,1.0,0.0,1.66455,-2.122844,0.628544,1.316003,1.005349,1.611137,50.777573,0.49737,-0.35434,-0.002363,-0.180467,1.644234,0.128402,0.628544,1.17238,-2.066447,0.0,1.119807,0.476923
2021-02-02,381.55,379.77,1.0,0.0,1.414029,-0.583653,3.459964,1.590767,1.065559,1.621116,56.387,0.535288,-0.243637,0.936681,1.112466,2.957095,0.366719,3.459964,1.041872,-9.655014,0.0,1.077109,0.817949
2021-02-03,381.85,382.09,1.0,0.0,0.078627,1.987126,2.83306,1.757245,1.055075,1.516299,56.686758,0.570153,-0.166528,0.675076,1.077224,2.915435,0.327929,2.83306,0.846782,-8.718859,1.0,1.119028,0.822626
2021-02-04,386.19,384.105,1.0,0.0,1.136572,2.266769,3.383751,1.31997,1.048604,1.450924,60.876134,0.674304,-0.043279,1.20557,2.009775,3.918663,0.576473,3.383751,0.762737,-3.564579,1.0,1.133753,1.0
2021-02-05,387.71,387.305,1.0,0.0,0.393589,4.766666,2.271169,1.343543,1.066647,1.332666,62.253178,0.78156,0.053433,1.063583,2.17663,4.150918,0.6553,2.271169,0.765523,3.101908,1.0,1.181589,1.0
2021-02-08,390.51,389.455,1.0,0.0,0.722189,3.795551,2.426166,0.604783,1.025153,1.244004,64.716794,0.909798,0.149513,1.18853,2.629664,4.701766,0.796298,2.426166,0.596614,3.868331,1.0,1.2077,1.0
2021-02-09,390.25,390.03,1.0,0.0,-0.06658,2.280173,3.052629,0.48351,1.029045,1.137621,64.297147,0.999645,0.191083,0.744656,2.311758,4.442338,0.740123,3.052629,0.53744,4.798729,1.0,1.205594,0.98728
2021-02-10,390.08,389.89,1.0,0.0,-0.043562,2.155297,2.985981,0.436665,1.013856,1.149753,64.004906,1.055157,0.196994,0.466091,2.046847,4.217144,0.694014,2.985981,0.874581,5.798523,1.0,1.163755,0.978963
2021-02-11,390.71,389.895,1.0,0.0,0.161505,1.170408,2.875273,0.459736,1.014383,1.117358,64.646206,1.097394,0.192491,0.418024,1.996818,4.206248,0.694144,2.875273,0.623709,0.96181,1.0,1.172134,1.0
2021-02-12,392.64,391.335,1.0,0.0,0.493973,1.271569,3.746763,0.295445,1.014034,1.069906,66.608891,1.153022,0.202054,0.607523,2.257121,4.527479,0.762013,3.746763,0.705344,2.215569,1.0,1.222674,1.0
2021-02-16,392.3,392.85,0.0,1.0,-0.086593,0.458375,4.418419,0.308758,1.010021,1.017783,65.914662,1.181808,0.184013,0.346335,1.957999,4.255562,0.693798,4.418419,0.721399,-4.567244,1.0,1.096395,0.984936
2021-02-17,392.39,390.995,0.0,0.0,0.022942,0.548366,3.628681,0.219924,0.990319,0.995029,66.015633,1.191666,0.15528,0.245935,1.789309,4.104768,0.674677,3.628681,0.738082,-4.137137,1.0,1.143048,0.988923
2021-02-18,390.72,389.63,0.0,0.0,-0.425597,0.164069,1.779155,0.209712,0.982523,1.024726,62.326199,1.156996,0.092944,-0.120545,1.225362,3.51306,0.604687,1.779155,0.811083,2.799598,1.0,1.114394,0.914931
2021-02-19,390.03,390.965,0.0,0.0,-0.176597,-0.174042,1.506871,0.301239,0.950591,0.986411,60.813916,1.100513,0.027663,-0.198149,0.945982,3.195488,0.585631,1.506871,1.038288,13.050918,0.0,1.121714,0.88436
2021-02-22,387.03,388.18,0.0,0.0,-0.769172,-1.42879,1.083891,0.302802,0.952403,0.974858,54.60967,0.988358,-0.074246,-0.645944,0.153363,2.30538,0.473797,1.083891,0.789243,25.846369,0.0,1.130678,0.75144
2021-02-23,387.5,384.575,0.0,0.0,0.121438,-1.223553,0.809074,0.282883,0.966051,1.144928,55.377737,0.891146,-0.136136,-0.350808,0.248733,2.332116,0.503457,0.809074,1.203543,33.30658,0.0,1.086515,0.772264
2021-02-24,391.77,388.75,0.0,0.0,1.101935,-0.158006,2.079262,0.321906,0.963134,1.218329,61.715966,0.88393,-0.105724,0.496937,1.222937,3.31957,0.674604,2.079262,0.779667,42.483728,0.0,1.140289,0.961453
2021-02-25,382.33,386.33,0.0,0.0,-2.409577,-2.147318,2.115328,0.636957,0.988691,1.469056,46.119405,0.700474,-0.250892,-1.291361,-1.101564,0.797197,0.31507,2.115328,1.517997,49.965623,0.0,1.10202,0.543199
2021-02-26,380.36,381.905,0.0,0.0,-0.515262,-2.479296,0.72293,1.161793,0.984261,1.537427,43.640824,0.493096,-0.370558,-1.207222,-1.459947,0.266903,0.212385,0.72293,1.558568,51.292294,0.0,1.193832,0.455915
2021-03-01,389.58,385.745,1.0,1.0,2.424019,0.658864,5.271976,1.155109,0.977449,1.662317,55.653248,0.503328,-0.27191,0.788568,0.839494,2.588874,0.58554,5.271976,1.063457,53.253679,0.0,1.117248,0.864422
2021-03-02,386.54,388.035,1.0,0.0,-0.780328,-0.247742,2.740345,1.616912,0.990841,1.592396,51.737634,0.456061,-0.260219,0.001391,0.047603,1.717009,0.434629,2.740345,0.79433,54.947509,0.0,1.148907,0.628275
2021-03-03,381.42,384.07,1.0,0.0,-1.324572,-2.641856,-0.034072,1.659167,0.960634,1.591565,45.882491,0.309161,-0.333387,-0.886041,-1.157332,0.355145,0.071074,-0.034072,1.183521,63.823243,0.0,1.168218,0.086319
2021-03-04,376.7,377.94,1.0,0.0,-1.237481,-1.47255,-1.348697,1.609526,0.96443,1.825628,41.248111,0.088123,-0.44998,-1.418359,-2.158672,-0.852254,-0.254254,-1.348697,1.770158,67.371477,0.0,1.197191,0.0
2021-03-05,383.63,378.7,1.0,0.0,1.83966,0.859712,-0.662886,1.387449,1.00122,1.974869,49.33897,0.056618,-0.377412,0.263125,-0.32467,0.933265,0.237246,-0.662886,1.428849,72.159766,0.0,1.129257,0.434755
2021-03-08,381.72,384.55,1.0,0.0,-0.497876,-2.017557,-1.544969,1.611535,1.053685,1.938777,47.401437,-0.007216,-0.354734,-0.157497,-0.743327,0.413782,0.136012,-1.544969,1.14105,69.756184,0.0,1.109864,0.314931
2021-03-09,387.17,387.61,1.0,0.0,1.427748,0.162984,-0.855292,1.159872,1.053776,1.938667,53.065162,0.055731,-0.229517,0.841777,0.609245,1.773704,0.430688,-0.855292,1.049787,68.330055,0.0,1.071845,0.656838
2021-03-10,389.58,389.785,1.0,0.0,0.622466,2.139374,-0.171685,1.337754,1.090938,1.814556,55.354507,0.153036,-0.104357,0.974879,1.116522,2.310628,0.556348,-0.171685,1.023133,62.382787,0.0,1.092295,0.80803
2021-03-11,393.53,393.695,1.0,0.0,1.013912,4.467746,0.884434,1.154221,1.1003,1.76249,58.893585,0.305582,0.040618,1.323633,1.933834,3.212458,0.785521,0.884434,0.793624,60.668914,1.0,1.109814,1.0
2021-03-12,394.06,392.705,1.0,0.0,0.134678,2.718765,0.857413,0.800471,1.122247,1.627283,59.359106,0.43298,0.134697,0.968681,1.870179,3.215806,0.78391,0.857413,0.60342,55.726649,1.0,1.106799,1.0
2021-03-15,396.41,394.36,1.0,0.0,0.596356,3.848371,0.960167,0.672452,1.12213,1.558691,61.444065,0.57234,0.22066,1.041755,2.23644,3.675569,0.854226,0.960167,0.697774,46.706669,1.0,1.090362,1.0
2021-03-16,395.91,396.455,1.0,0.0,-0.126132,2.257406,0.920214,0.435219,1.124379,1.445185,60.730184,0.667794,0.252537,0.607687,1.902955,3.401061,0.797048,0.920214,0.699663,49.125225,1.0,1.101217,0.974632
2021-03-17,397.26,395.71,1.0,0.0,0.340987,1.971354,1.241112,0.400126,1.12466,1.410012,62.013471,0.759017,0.276136,0.631828,2.031749,3.601142,0.828962,1.241112,0.931155,48.492407,0.0,1.076865,1.0
2021-03-18,391.48,393.735,1.0,0.0,-1.454967,-0.520926,0.194513,0.39136,1.126382,1.461776,53.893084,0.717997,0.182389,-0.556431,0.494847,2.010021,0.523279,0.194513,1.100223,42.406945,0.0,1.09923,0.718872
2021-03-19,389.48,389.36,1.0,0.0,-0.510882,-1.16226,-0.141015,0.717085,1.170418,1.424691,51.385705,0.631368,0.074408,-0.712174,-0.016795,1.429648,0.382529,-0.141015,1.128861,25.54859,0.0,1.101257,0.621595
2021-03-22,392.59,392.02,1.0,0.0,0.798501,-0.963649,1.436581,0.720987,1.175434,1.380838,54.899552,0.612222,0.047739,0.053746,0.70661,2.149851,0.469364,1.436581,0.755647,14.306497,0.0,1.15834,0.77286
2021-03-23,389.5,391.06,1.0,0.0,-0.787081,-1.619055,0.516129,0.770229,1.173807,1.370534,50.958449,0.535591,-0.026695,-0.490371,-0.077845,1.292388,0.28218,0.516129,0.958836,6.102401,0.0,1.116182,0.622568
2021-03-24,387.52,390.11,1.0,0.0,-0.508344,-2.451795,-1.08482,0.803823,1.188741,1.375533,48.553209,0.427265,-0.110316,-0.666361,-0.5303,0.746758,0.153749,-1.08482,1.064331,-1.30629,0.0,1.102046,0.526265
2021-03-25,389.7,387.225,1.0,0.0,0.562552,-0.454685,1.927654,0.732174,1.167952,1.412985,51.279843,0.378129,-0.125155,-0.071731,0.026481,1.26135,0.205122,1.927654,1.303523,-7.796252,0.0,1.054589,0.632296
2021-03-26,395.98,393.35,1.0,0.0,1.611496,1.668892,4.106636,0.640832,1.040062,1.431103,58.159315,0.458362,-0.029553,1.020505,1.480055,2.776565,0.439434,4.106636,1.302602,-10.353978,0.0,1.030668,0.937743
2021-03-29,395.78,394.78,1.0,0.0,-0.050508,0.812553,1.591457,0.879357,1.079598,1.37365,57.879015,0.516929,0.023014,0.64424,1.290967,2.615012,0.388022,1.591457,1.236451,-11.73886,0.0,1.048896,0.928016
2021-03-30,394.73,394.235,1.0,0.0,-0.265299,1.342747,2.118798,0.855183,0.952806,1.286892,56.343717,0.537004,0.03342,0.251172,0.923987,2.248835,0.307491,2.118798,0.880728,-13.586569,1.0,1.059662,0.876946
2021-03-31,396.33,396.655,1.0,0.0,0.40534,2.273431,3.909077,0.758985,0.935922,1.220813,58.164796,0.575537,0.059189,0.437395,1.204584,2.556179,0.345681,3.909077,1.311063,-15.151655,0.0,1.033554,0.954767
2021-04-01,400.61,399.425,1.0,0.0,1.079908,2.799589,6.347226,0.652052,0.877529,1.191181,62.652758,0.679673,0.135074,1.009562,2.074153,3.514967,0.494434,6.347226,1.185285,-18.84181,0.0,0.954256,1.0
2021-04-05,406.36,405.16,1.0,0.0,1.435311,2.621345,5.92498,0.700519,0.832472,1.225446,67.670567,0.860481,0.25887,1.626244,3.191407,4.795218,0.730719,5.92498,1.11221,-22.528841,0.0,0.995853,1.0
2021-04-06,406.12,406.32,1.0,0.0,-0.059061,2.612563,6.39212,0.649093,0.799368,1.12309,67.264341,0.995744,0.315022,1.038726,2.823903,4.539279,0.634657,6.39212,0.768743,-25.246644,1.0,0.960704,0.99026
2021-04-07,406.59,406.205,1.0,0.0,0.115729,3.004585,5.015884,0.650606,0.783263,1.021737,67.673599,1.097936,0.3344,0.767482,2.655183,4.469338,0.610181,5.015884,0.688639,-25.09349,1.0,0.99391,1.0
2021-04-08,408.52,407.755,1.0,0.0,0.47468,3.07572,4.861646,0.571791,0.740983,0.946272,69.367185,1.198567,0.350911,0.827101,2.8347,4.761247,0.630456,4.861646,0.724308,-25.626984,1.0,1.023213,1.0
2021-04-09,411.49,409.965,1.0,0.0,0.727015,2.715858,4.56382,0.567839,0.73794,0.924676,71.814343,1.31624,0.379762,1.034705,3.230129,5.294825,0.690923,4.56382,0.764886,-26.488018,1.0,1.050305,1.0
2021-04-12,411.64,411.065,1.0,0.0,0.036453,1.29934,4.46125,0.525299,0.725446,0.85713,71.936281,1.402608,0.373177,0.711814,2.947371,5.113368,0.625309,4.46125,0.729406,-27.443144,1.0,1.067415,1.0
2021-04-13,412.86,412.325,1.0,0.0,0.296375,1.659608,4.149744,0.295558,0.72638,0.818482,72.960888,1.473942,0.358042,0.671272,2.933635,5.201093,0.619487,4.149744,0.757753,-29.079687,1.0,1.072206,1.0
2021-04-14,411.45,412.415,1.0,0.0,-0.34152,1.195307,3.925135,0.249706,0.721558,0.811915,69.789523,1.494139,0.299532,0.218068,2.330451,4.643119,0.533232,3.925135,0.858897,-31.868045,1.0,1.061586,0.944357
2021-04-15,415.87,414.925,1.0,0.0,1.07425,1.799178,4.684589,0.36743,0.728014,0.84719,73.655303,1.557937,0.300822,0.859398,3.092991,5.528577,0.628155,4.684589,0.853857,-32.949413,1.0,1.069633,1.0
2021-04-16,417.26,416.82,1.0,0.0,0.334239,1.402221,6.585266,0.49914,0.752479,0.801446,74.749576,1.623845,0.296734,0.794504,3.100031,5.637653,0.624446,6.585266,1.191901,-34.349537,0.0,1.037304,1.0
2021-04-19,415.21,415.265,1.0,0.0,-0.4913,0.867263,6.606244,0.464682,0.645331,0.809446,70.123431,1.629858,0.236955,0.199335,2.340719,4.908071,0.543912,6.606244,1.152336,-32.321481,0.0,0.998425,0.931069
2021-04-20,412.17,412.84,1.0,0.0,-0.73216,-0.167127,4.987391,0.558478,0.644081,0.856147,63.816107,1.56275,0.127659,-0.356825,1.437679,3.971177,0.449005,4.987391,1.222702,-31.436014,0.0,1.016724,0.82885
2021-04-21,416.07,413.825,1.0,0.0,0.946212,1.122858,6.821566,0.656491,0.673246,0.893025,67.815585,1.543818,0.097743,0.389912,2.164219,4.751419,0.53929,6.821566,0.969112,-27.128434,0.0,1.005646,0.959987
2021-04-22,412.27,413.955,1.0,0.0,-0.913308,-0.865655,6.386767,0.732467,0.645692,0.963817,60.767617,1.463378,0.003179,-0.351923,1.112589,3.640487,0.423531,6.386767,1.411417,-24.595787,0.0,1.001545,0.832213
2021-04-23,416.74,415.52,1.0,0.0,1.084241,-0.124623,6.938671,0.703127,0.677319,1.017675,65.331905,1.443371,-0.000932,0.484492,1.994327,4.568832,0.535503,6.938671,1.046428,-21.469905,0.0,1.016158,0.981132
2021-04-26,417.61,417.515,1.0,0.0,0.208763,0.578021,5.462397,0.857928,0.696235,0.9274,66.157166,1.437199,-0.003276,0.461776,1.99285,4.590784,0.550442,5.462397,0.74236,-19.968618,1.0,1.056593,1.0
2021-04-27,417.52,417.22,1.0,0.0,-0.021551,1.298008,5.492951,0.826336,0.63216,0.86268,65.982183,1.416927,-0.019087,0.292987,1.779826,4.381248,0.538316,5.492951,0.717025,-18.166743,1.0,0.989402,0.996066
2021-04-28,417.4,417.955,1.0,0.0,-0.028741,0.319658,5.743166,0.72233,0.631461,0.815272,65.732538,1.382759,-0.042934,0.175953,1.581216,4.173489,0.53415,5.743166,0.687155,-13.885223,1.0,0.976757,0.990822
2021-04-29,420.06,418.58,1.0,0.0,0.637278,1.889538,5.987435,0.637633,0.623494,0.837949,68.571173,1.381943,-0.027778,0.541432,2.012056,4.638863,0.66807,5.987435,1.004091,-9.027574,0.0,0.97526,1.0
2021-04-30,417.3,417.44,0.0,1.0,-0.657049,0.134376,4.166147,0.428883,0.627831,0.849885,62.761728,1.328731,-0.072251,-0.079481,1.212448,3.790507,0.571091,4.166147,1.062018,-4.242361,0.0,1.022783,0.858098
2021-05-03,418.2,418.755,0.0,0.0,0.215672,0.14128,2.913673,0.419252,0.633105,0.815963,63.837618,1.279183,-0.095027,0.090639,1.292713,3.850866,0.641113,2.913673,0.845886,-2.297618,1.0,1.045343,0.866571
2021-05-04,415.62,414.135,0.0,0.0,-0.61693,-0.455068,2.33921,0.419858,0.567083,0.921044,58.609907,1.18613,-0.157288,-0.351851,0.603824,3.080412,0.482512,2.33921,1.271921,-0.999276,0.0,1.110264,0.681492
2021-05-05,415.75,416.39,0.0,0.0,0.031279,-0.395304,2.252884,0.49504,0.589718,0.877524,58.793018,1.09564,-0.197887,-0.214017,0.57444,2.986943,0.490506,2.252884,0.763769,-2.851357,0.0,1.111699,0.68003
2021-05-06,419.07,416.445,0.0,0.0,0.798557,-0.235681,2.582493,0.497102,0.590017,0.930441,63.262954,1.067723,-0.172445,0.3878,1.244752,3.654507,0.796466,2.582493,0.920344,1.084581,0.0,1.097596,0.914211
2021-05-07,422.12,420.99,0.0,0.0,0.727802,1.155044,2.583295,0.545355,0.603995,0.919005,66.823433,1.090605,-0.112482,0.742847,1.789511,4.228697,1.106016,2.583295,0.849051,-0.139316,1.0,1.09021,1.0
2021-05-10,417.94,420.275,0.0,0.0,-0.99024,-0.062171,1.530464,0.515372,0.604034,0.961716,58.461019,1.033388,-0.145385,-0.169977,0.706592,3.067382,0.701192,1.530464,1.023867,2.833953,0.0,1.083939,0.608247
2021-05-11,414.21,412.665,0.0,0.0,-0.892473,-0.339252,0.326987,0.711204,0.651516,1.094649,52.185238,0.90512,-0.227414,-0.709798,-0.173916,2.06158,0.35318,0.326987,1.462854,7.067143,0.0,1.096196,0.258669
2021-05-12,405.41,408.295,0.0,0.0,-2.124526,-2.487072,-1.467979,0.764763,0.682391,1.30508,41.002052,0.630947,-0.420936,-1.897327,-2.080747,-0.102563,-0.513794,-1.467979,1.680695,11.731273,0.0,1.137907,0.0
2021-05-13,410.28,409.685,1.0,1.0,1.201253,-2.097502,-1.34417,1.115987,0.825157,1.343181,47.683731,0.483574,-0.444659,-0.480395,-0.819053,1.053967,0.084335,-1.34417,1.333192,13.135369,0.0,1.107442,0.291442
2021-05-14,416.58,415.335,1.0,0.0,1.535537,-1.312423,-0.162968,1.216522,0.834379,1.377253,54.813191,0.483535,-0.344528,0.696079,0.636442,2.500948,0.551346,-0.162968,1.044332,14.359001,0.0,1.093069,0.668462
2021-05-17,415.52,414.875,1.0,0.0,-0.254453,-0.57903,0.074661,1.397767,0.90144,1.299989,53.492317,0.464608,-0.292454,0.292807,0.344019,2.150394,0.468261,0.074661,0.841878,13.564956,0.0,1.087344,0.605027
2021-05-18,411.94,413.915,1.0,0.0,-0.861571,-0.548031,-0.055802,1.35045,0.896504,1.275303,49.181681,0.378046,-0.308476,-0.381584,-0.471177,1.219873,0.214067,-0.055802,0.780138,14.523993,0.0,1.071676,0.390784
2021-05-19,410.86,408.19,1.0,0.0,-0.262174,1.344318,-1.252193,1.346907,0.90227,1.322678,47.926937,0.282581,-0.324596,-0.429425,-0.662852,0.916726,0.123829,-1.252193,1.437938,7.42817,0.0,1.080843,0.326152
2021-05-20,415.28,414.15,1.0,0.0,1.075792,1.21868,0.730104,0.928172,0.877078,1.319376,53.190381,0.286524,-0.251353,0.426918,0.367019,1.922346,0.423252,0.730104,1.055205,6.945757,0.0,1.060007,0.590664
2021-05-21,414.94,416.325,1.0,0.0,-0.081872,-0.393682,-0.431924,0.904087,0.887298,1.264896,52.748699,0.282405,-0.20473,0.229534,0.257648,1.765513,0.386644,-0.431924,1.048719,4.374038,0.0,1.06318,0.570317
2021-05-24,419.17,418.7,1.0,0.0,1.019424,0.878417,0.373554,0.63408,0.854492,1.256312,57.479369,0.353493,-0.102981,0.830734,1.156413,2.690059,0.673146,0.373554,0.711468,2.731049,1.0,1.077246,0.823459
2021-05-25,418.24,419.165,1.0,0.0,-0.221867,1.529349,0.172447,0.755781,0.883036,1.189733,56.148383,0.390561,-0.053543,0.403865,0.842473,2.363384,0.593942,0.172447,0.815187,-1.500429,1.0,1.080907,0.767804
2021-05-26,419.07,418.685,1.0,0.0,0.198451,1.998248,0.400096,0.608846,0.884614,1.08792,57.103084,0.429515,-0.010967,0.401272,0.942365,2.463398,0.623865,0.400096,0.642598,-10.075522,1.0,1.129608,0.817475
2021-05-27,419.29,419.855,1.0,0.0,0.052497,0.965614,-0.183307,0.547705,0.88547,0.997383,57.368024,0.459692,0.015553,0.302196,0.899708,2.41609,0.576945,-0.183307,0.902066,-19.635953,0.0,1.12587,0.83064
2021-05-28,420.04,420.52,1.0,0.0,0.178874,1.229093,0.656602,0.435986,0.874317,0.925072,58.313263,0.491662,0.038653,0.320559,0.976311,2.49481,0.580944,0.656602,0.978221,-25.715647,0.0,1.144084,0.875524
2021-06-01,419.67,420.96,1.0,0.0,-0.088087,0.119283,0.351506,0.415041,0.862058,0.91427,57.634352,0.505169,0.041408,0.154673,0.802176,2.308054,0.527024,0.351506,0.937502,-28.196698,0.0,1.120902,0.853381
2021-06-02,420.33,420.26,1.0,0.0,0.157266,0.499713,1.133247,0.160153,0.861443,0.852662,58.561139,0.521379,0.046678,0.207906,0.868413,2.369834,0.540128,1.133247,0.859094,-28.448419,1.0,1.110625,0.892879
2021-06-03,418.77,418.135,1.0,0.0,-0.371137,-0.071587,0.726398,0.106608,0.849203,0.870675,55.472216,0.501013,0.019634,-0.109395,0.446791,1.910375,0.411002,0.726398,0.999315,-26.141264,0.0,1.107119,0.799521
2021-06-04,422.6,420.88,1.0,0.0,0.914583,0.78943,0.842341,0.201985,0.854396,0.878682,60.922104,0.545792,0.055021,0.534692,1.233812,2.727922,0.612796,0.842341,0.974496,-28.916373,0.0,1.110165,1.0
2021-06-07,422.19,421.985,1.0,0.0,-0.097018,0.511856,0.016583,0.42741,0.859904,0.812478,60.074455,0.571027,0.063824,0.291012,1.026334,2.522588,0.584915,0.016583,0.867411,-25.496888,1.0,1.089533,0.976149
2021-06-08,422.28,421.765,1.0,0.0,0.021317,0.621917,1.038427,0.438848,0.845863,0.795248,60.205346,0.585452,0.062685,0.208045,0.947128,2.442224,0.572732,1.038427,0.795547,-25.888854,1.0,1.099785,0.981385
2021-06-09,421.65,422.335,1.0,0.0,-0.14919,0.314039,1.79619,0.431434,0.814539,0.748745,58.753323,0.579139,0.044473,0.039022,0.720119,2.197637,0.523261,1.79619,0.813183,-25.45579,1.0,1.026396,0.944735
2021-06-10,423.61,423.09,1.0,0.0,0.464841,1.155766,4.489282,0.44408,0.786952,0.742855,61.837081,0.601195,0.055202,0.335465,1.07392,2.565193,0.619567,4.489282,0.862357,-26.24054,1.0,0.96844,1.0
2021-06-11,424.31,423.625,1.0,0.0,0.165246,0.404638,3.419616,0.404493,0.603152,0.693337,62.903794,0.625871,0.064623,0.33362,1.12143,2.624621,0.667292,3.419616,0.768937,-25.737225,1.0,1.034774,1.0
2021-06-14,425.26,424.235,1.0,0.0,0.223893,0.727161,2.083633,0.220305,0.559718,0.670722,64.359777,0.655242,0.076198,0.371482,1.217906,2.739387,0.718261,2.083633,0.713878,-24.616796,1.0,1.088262,1.0
2021-06-15,424.48,424.5,1.0,0.0,-0.183417,0.520981,2.156334,0.205318,0.464619,0.64267,62.201133,0.658458,0.06268,0.124844,0.933027,2.448459,0.630125,2.156334,0.872025,-23.647455,1.0,1.089604,0.945833
2021-06-16,422.11,422.395,1.0,0.0,-0.55833,0.109095,2.468806,0.242918,0.462128,0.716465,56.049676,0.611405,0.009826,-0.289875,0.334181,1.801546,0.449256,2.468806,1.382264,-24.144686,0.0,1.115259,0.78125
2021-06-17,421.97,421.17,1.0,0.0,-0.033167,-0.387149,2.704084,0.356754,0.434206,0.738054,55.699252,0.562217,-0.03165,-0.215529,0.272168,1.697281,0.405385,2.704084,1.543039,-20.393387,0.0,1.058715,0.771528
2021-06-18,414.92,416.265,1.0,0.0,-1.670735,-2.213005,-0.086688,0.280765,0.426857,0.884135,41.596038,0.390357,-0.17088,-1.263035,-1.271183,-0.00174,-0.315886,-0.086688,2.0215,-20.602139,0.0,1.140402,0.0
2021-06-21,420.86,418.495,1.0,0.0,1.431601,-1.034661,1.426712,0.663433,0.531003,0.949958,52.507354,0.352925,-0.160312,0.100273,0.128658,1.372994,0.179454,1.426712,1.238575,-19.482308,0.0,1.130697,0.574468
2021-06-22,423.11,422.04,1.0,0.0,0.53462,-0.322748,0.939953,0.998164,0.615482,0.942448,55.870491,0.364592,-0.116733,0.422724,0.600351,1.838477,0.310429,0.939953,0.96727,-17.392483,0.0,1.147874,0.79207
2021-06-23,422.6,423.28,1.0,0.0,-0.120536,0.116083,1.042464,1.041342,0.58659,0.866362,54.921133,0.361868,-0.09603,0.200917,0.433266,1.647333,0.195708,1.042464,0.817637,-14.193186,1.0,1.134605,0.742747
2021-06-24,425.1,425.085,1.0,0.0,0.591576,0.741759,1.4389,1.013732,0.584667,0.838959,58.631932,0.40009,-0.044092,0.527725,0.928648,2.158569,0.401077,1.4389,0.716816,-6.147769,1.0,1.146004,0.984526
2021-06-25,426.61,426.32,1.0,0.0,0.355211,2.817411,1.745808,1.03669,0.595711,0.78672,60.734394,0.453868,0.009006,0.588139,1.163145,2.420173,0.49824,1.745808,0.905551,2.112742,0.0,1.132141,1.0
2021-06-28,427.47,426.77,1.0,0.0,0.201589,1.570594,1.768879,0.503267,0.59883,0.735349,61.921393,0.506998,0.050425,0.525889,1.235273,2.521039,0.519947,1.768879,0.823435,7.91544,1.0,1.135381,1.0
2021-06-29,427.7,427.845,1.0,0.0,0.053805,1.084824,1.913408,0.256463,0.599022,0.681539,62.25007,0.547559,0.072985,0.385905,1.165478,2.472675,0.492585,1.913408,0.552661,12.545286,1.0,1.184053,1.0
2021-06-30,428.06,427.98,1.0,0.0,0.084171,1.292002,1.839031,0.245034,0.597715,0.640008,62.791434,0.579538,0.084291,0.31311,1.130176,2.456113,0.47332,1.839031,0.98647,14.990729,0.0,1.173821,1.0
2021-07-01,430.43,429.7,1.0,0.0,0.553661,1.253823,2.784345,0.197896,0.597556,0.6303,66.225386,0.638978,0.117166,0.577331,1.526676,2.901368,0.617115,2.784345,0.829133,10.786433,1.0,1.195242,1.0
2021-07-02,433.72,432.31,1.0,0.0,0.764352,1.666628,2.63133,0.185264,0.595634,0.654939,70.320285,0.736114,0.174608,0.893389,2.078833,3.538156,0.828046,2.63133,0.905768,10.97076,0.0,1.19567,1.0
2021-07-06,432.93,432.01,1.0,0.0,-0.182145,1.277283,2.543878,0.279957,0.586688,0.691841,68.182607,0.794543,0.18561,0.471961,1.709544,3.213989,0.691169,2.543878,1.054392,9.641297,0.0,1.224751,0.957979
2021-07-07,434.46,433.135,1.0,0.0,0.353406,1.580547,2.884342,0.349112,0.588637,0.697225,70.079651,0.855383,0.198875,0.549841,1.868263,3.433592,0.734116,2.884342,0.955557,12.249424,0.0,1.213061,1.0
2021-07-08,430.92,429.625,1.0,0.0,-0.814805,0.668131,2.198506,0.334899,0.590092,0.82396,61.015094,0.837317,0.140333,-0.179791,0.938428,2.486683,0.492775,2.198506,1.459774,12.243203,0.0,1.27906,0.818833
2021-07-09,435.52,433.275,1.0,0.0,1.067484,1.182538,2.811548,0.569521,0.623514,0.86361,66.990097,0.883837,0.155371,0.588777,1.820441,3.435467,0.702479,2.811548,1.141672,12.870219,0.0,1.25242,1.0
2021-07-12,437.08,436.16,1.0,0.0,0.358193,0.774693,3.009592,0.672804,0.653728,0.818393,68.739879,0.942338,0.173179,0.630724,1.972938,3.651262,0.726959,3.009592,0.78111,14.251683,1.0,1.250668,1.0
2021-07-13,435.59,436.575,1.0,0.0,-0.340899,0.614418,2.429102,0.627289,0.655438,0.789143,65.185708,0.95597,0.147344,0.1916,1.468249,3.164494,0.609247,2.429102,0.789835,12.900497,1.0,1.191694,0.932762
2021-07-14,436.24,436.415,1.0,0.0,0.149223,0.409704,2.770449,0.64732,0.663783,0.774904,66.011319,0.963697,0.12502,0.227147,1.463153,3.18416,0.607441,2.770449,0.947242,14.617987,0.0,1.227092,0.962094
2021-07-15,434.75,434.125,1.0,0.0,-0.341555,0.888796,2.99448,0.637976,0.660071,0.781839,62.360541,0.935834,0.075426,-0.076819,1.009184,2.717663,0.518845,2.99448,0.804444,17.834818,1.0,1.168515,0.894856
2021-07-16,431.34,433.49,1.0,0.0,-0.784359,-0.959772,2.220537,0.52224,0.65024,0.841836,54.879985,0.844808,-0.017922,-0.575367,0.196211,1.835632,0.351243,2.220537,1.12145,14.786991,0.0,1.139245,0.740975
2021-07-19,424.97,426.69,1.0,0.0,-1.476793,-2.77066,2.422154,0.403626,0.680703,1.036705,44.210981,0.649857,-0.180643,-1.371787,-1.162665,0.31868,0.054948,2.422154,2.162503,16.567243,0.0,1.155386,0.45352
2021-07-20,431.06,428.625,1.0,0.0,1.433042,-1.039969,2.423609,0.545813,0.656174,1.120554,53.515262,0.585715,-0.186442,0.027727,0.229497,1.686253,0.272469,2.423609,1.4544,16.485204,0.0,1.171089,0.628853
2021-07-21,434.55,432.855,1.0,0.0,0.809632,-0.387401,2.703789,0.977795,0.656318,1.076568,57.853274,0.595742,-0.136171,0.556835,0.940913,2.408754,0.422102,2.703789,0.952465,13.917007,0.0,1.177888,0.825276
2021-07-22,435.46,434.705,1.0,0.0,0.209412,0.163312,3.043067,1.057921,0.667604,0.993232,58.929518,0.615909,-0.091579,0.510303,1.04141,2.517749,0.458231,3.043067,0.713393,10.980432,1.0,1.258996,0.888122
2021-07-23,439.94,438.545,1.0,0.0,1.028797,1.993787,3.490943,1.052788,0.66514,0.998722,63.826801,0.700529,0.000196,1.024294,1.879014,3.427551,0.713188,3.490943,0.99352,1.987931,0.0,1.246111,1.0
2021-07-26,441.02,440.145,1.0,0.0,0.245488,3.776737,3.377792,1.018728,0.686077,0.916952,64.912982,0.781422,0.066243,0.844616,1.922444,3.531984,0.755465,3.377792,0.697086,-2.29828,1.0,1.247351,1.0
2021-07-27,439.01,437.965,1.0,0.0,-0.455762,1.844291,2.699605,0.467865,0.685044,0.951098,61.228104,0.804548,0.068876,0.256341,1.317242,2.936596,0.604967,2.699605,1.084711,-3.75569,0.0,1.2058,0.874766
2021-07-28,438.83,438.805,1.0,0.0,-0.041001,0.984927,2.602291,0.519699,0.698313,0.915471,60.89473,0.807756,0.057426,0.143387,1.152805,2.777732,0.572669,2.602291,0.851063,-5.27126,1.0,1.15352,0.863551
2021-07-29,440.65,440.805,1.0,0.0,0.414739,1.191843,2.941176,0.485208,0.699174,0.879998,63.083431,0.830446,0.066572,0.371788,1.420453,3.074482,0.666261,2.941176,0.782111,-7.709947,1.0,1.144194,0.976947
2021-07-30,438.51,438.915,1.0,0.0,-0.485646,-0.325044,1.877193,0.493112,0.701775,0.853956,58.908437,0.806549,0.031157,-0.077139,0.838795,2.470473,0.497401,1.877193,1.15227,-7.15954,0.0,1.127245,0.843614
2021-08-02,437.59,439.07,1.0,0.0,-0.209801,-0.777743,0.892281,0.362426,0.708226,0.855,57.157102,0.760318,-0.013363,-0.191369,0.567158,2.165123,0.389616,0.892281,1.013169,-8.918456,0.0,1.097203,0.786293
2021-08-03,441.15,438.69,1.0,0.0,0.813547,0.48746,1.89869,0.328751,0.693907,0.89158,61.879836,0.772716,0.004223,0.412893,1.251732,2.875404,0.550188,1.89869,1.068997,-16.663587,0.0,1.106523,1.0
2021-08-04,438.98,439.925,1.0,0.0,-0.491896,0.034182,1.040372,0.46196,0.711196,0.850026,57.704255,0.742846,-0.023557,-0.054037,0.681411,2.274335,0.371204,1.040372,0.86605,-18.863187,1.0,1.081247,0.865884
2021-08-05,441.76,440.865,1.0,0.0,0.633286,0.251901,2.515548,0.520646,0.719746,0.818677,61.306517,0.75373,-0.00628,0.385195,1.191895,2.804222,0.531138,2.515548,0.706081,-17.447588,1.0,1.057898,1.0
2021-08-06,442.49,442.37,1.0,0.0,0.165248,0.907619,1.600386,0.560584,0.701269,0.743906,62.216522,0.769242,0.008389,0.366713,1.228084,2.854143,0.563087,1.600386,0.817051,-13.986329,1.0,1.09818,1.0
2021-08-09,442.13,442.055,1.0,0.0,-0.081358,1.037501,1.155395,0.492024,0.667509,0.690177,61.44901,0.767737,0.005012,0.189857,1.03548,2.658929,0.528622,1.155395,0.712573,-14.562667,1.0,1.081893,0.979452
2021-08-10,442.68,442.66,1.0,0.0,0.124398,0.346821,1.627677,0.473913,0.665275,0.644397,62.2159,0.766289,0.003609,0.209441,1.049418,2.674432,0.541416,1.627677,0.741946,-12.803789,1.0,1.115029,1.0
2021-08-11,443.78,443.25,1.0,0.0,0.248486,1.093444,1.728406,0.365502,0.658966,0.59495,63.768291,0.775065,0.01142,0.305166,1.175199,2.811449,0.576709,1.728406,0.772797,-15.8367,1.0,1.122779,1.0
2021-08-12,445.11,443.96,1.0,0.0,0.299698,0.75833,2.382979,0.234329,0.65982,0.591966,65.608176,0.796118,0.027804,0.403038,1.335736,2.993575,0.618238,2.382979,0.690088,-17.721441,1.0,1.172985,1.0
2021-08-13,445.92,445.505,1.0,0.0,0.181977,0.775159,3.380164,0.131541,0.653724,0.538119,66.716703,0.818382,0.041171,0.389739,1.37338,3.052447,0.641299,3.380164,0.693642,-15.895729,1.0,1.173408,1.0
2021-08-16,446.97,444.99,1.0,0.0,0.235468,1.094701,5.176836,0.132065,0.619939,0.591755,68.149852,0.844427,0.055234,0.416547,1.456315,3.161797,0.666809,5.176836,1.286525,-16.243575,0.0,0.951651,1.0
2021-08-17,444.04,442.905,1.0,0.0,-0.655525,0.30722,3.011182,0.059947,0.491841,0.700006,60.341741,0.809732,0.012264,-0.161269,0.715348,2.385748,0.468664,3.011182,1.631701,-17.071111,0.0,1.089825,0.815839
2021-08-18,439.18,441.775,1.0,0.0,-1.094496,-1.03655,1.06547,0.360723,0.45037,0.786739,50.090238,0.689188,-0.093683,-0.839509,-0.350252,1.214924,0.042501,1.06547,1.571486,-16.329173,0.0,1.162683,0.372786
2021-08-19,439.86,438.63,1.0,0.0,0.154834,-1.179484,1.010426,0.564384,0.499349,0.832956,51.336,0.591307,-0.152283,-0.458365,-0.17733,1.317141,-0.006057,1.010426,1.629494,-15.13267,0.0,1.135392,0.382276
2021-08-20,443.36,441.71,1.0,0.0,0.795708,-0.574094,0.777379,0.54088,0.498642,0.83649,57.250573,0.567674,-0.136037,0.222217,0.55788,2.038364,0.219496,0.777379,1.260342,-10.981601,0.0,1.11295,0.615139
2021-08-23,447.26,445.835,1.0,0.0,0.879646,0.064881,1.414902,0.674771,0.47796,0.863816,62.691847,0.611141,-0.069147,0.733181,1.303269,2.817562,0.546819,1.414902,0.96197,-8.882448,0.0,1.121025,1.0
2021-08-24,447.97,447.98,1.0,0.0,0.158744,0.885055,2.040956,0.781953,0.510477,0.785552,63.600186,0.653736,-0.020379,0.593626,1.322801,2.860542,0.563787,2.040956,0.67185,-7.18614,1.0,1.118937,1.0
2021-08-25,448.91,448.615,1.0,0.0,0.209835,2.215493,2.297017,0.706261,0.496104,0.729582,64.82136,0.695696,0.018394,0.535036,1.387154,2.952176,0.603021,2.297017,0.695063,-5.424182,1.0,1.179525,1.0
2021-08-26,446.26,447.51,1.0,0.0,-0.590319,1.455008,1.273119,0.326563,0.495493,0.718223,58.829319,0.67863,-0.002155,-0.038968,0.713002,2.250423,0.372263,1.273119,0.980036,-2.708438,0.0,1.152796,0.765901
2021-08-27,450.25,448.855,1.0,0.0,0.894098,1.554042,2.677248,0.529535,0.51318,0.746946,64.195937,0.719183,0.035545,0.568235,1.45757,3.036769,0.677065,2.677248,1.25464,2.874548,0.0,1.113373,1.0
2021-08-30,452.23,451.89,1.0,0.0,0.439756,1.11121,3.345597,0.549391,0.527124,0.727663,66.527653,0.779125,0.078784,0.671398,1.71931,3.348438,0.810935,3.345597,0.758274,9.916966,1.0,1.152424,1.0
2021-08-31,451.56,451.705,1.0,0.0,-0.148155,0.801393,2.359742,0.482316,0.524973,0.677934,64.985407,0.809056,0.086141,0.347561,1.4171,3.066174,0.760246,2.359742,0.926626,17.841112,0.0,1.133589,0.949434
2021-09-01,451.8,452.33,0.0,1.0,0.053149,0.643782,2.920406,0.505486,0.507207,0.633269,65.29576,0.826182,0.08292,0.266906,1.329045,2.994897,0.748212,2.920406,0.769669,17.311995,1.0,1.205503,0.967547
2021-09-02,453.19,452.98,0.0,0.0,0.307658,1.552906,2.587378,0.506345,0.487985,0.613347,67.113817,0.85244,0.089167,0.382856,1.48221,3.177769,0.812717,2.587378,0.677593,13.646923,1.0,1.209819,1.0
2021-09-03,453.08,452.59,0.0,0.0,-0.024272,0.62854,2.393274,0.356058,0.476732,0.592907,66.815509,0.863558,0.080079,0.238709,1.316933,3.025348,0.784074,2.393274,0.736991,11.431241,1.0,1.139988,0.992148
2021-09-07,451.46,451.775,0.0,0.0,-0.357553,-0.170267,2.110239,0.21656,0.477799,0.584806,62.415511,0.836734,0.040355,-0.07983,0.862966,2.550126,0.704325,2.110239,0.751848,18.799609,0.0,1.166077,0.876517
2021-09-08,450.91,450.265,0.0,0.0,-0.121827,-0.143945,1.859131,0.220062,0.4873,0.590541,60.948047,0.795005,-0.001876,-0.134464,0.669131,2.327873,0.713369,1.859131,0.795737,20.869663,0.0,1.126478,0.837259
2021-09-09,448.98,450.645,0.0,0.0,-0.428023,-0.62417,1.171752,0.217565,0.489775,0.628336,55.974729,0.721395,-0.063129,-0.375311,0.215505,1.814428,0.630123,1.171752,0.785678,29.489946,0.0,1.098193,0.6995
2021-09-10,445.44,448.4,0.0,0.0,-0.788454,-1.7101,0.074139,0.262013,0.501122,0.733871,48.20495,0.594617,-0.156914,-0.776876,-0.520204,0.971609,0.430781,0.074139,1.19015,34.041907,0.0,1.106129,0.446824
2021-09-13,446.58,446.515,0.0,0.0,0.255927,-1.434625,0.148009,0.266972,0.530313,0.778008,50.583827,0.503149,-0.19717,-0.349234,-0.240374,1.181217,0.508976,0.148009,1.10487,33.192433,0.0,1.068418,0.528194
2021-09-14,444.17,445.78,0.0,0.0,-0.539657,-1.614761,-0.62644,0.345939,0.531789,0.831627,45.795304,0.385975,-0.254515,-0.593091,-0.705091,0.610124,0.382061,-0.62644,1.042666,30.846058,0.0,1.055378,0.356174
2021-09-15,447.88,445.925,0.0,0.0,0.835266,-0.671974,0.864787,0.36062,0.542005,0.862729,53.14819,0.351331,-0.227083,0.158022,0.112435,1.392812,0.668613,0.864787,0.996093,39.272792,0.0,1.009132,0.620985
2021-09-16,447.17,446.19,0.0,0.0,-0.158525,-0.403136,1.8193,0.595119,0.553241,0.878292,51.702738,0.310536,-0.215037,-0.000502,-0.041863,1.183191,0.681695,1.8193,0.969272,41.145278,0.0,1.00023,0.570307
2021-09-17,441.4,443.195,0.0,0.0,-1.290337,-0.906968,0.350111,0.577912,0.490991,0.95691,41.762371,0.173909,-0.286828,-0.864274,-1.206365,-0.117618,0.373495,0.350111,1.395831,48.956073,0.0,1.062288,0.115529
2021-09-20,434.04,432.71,0.0,0.0,-1.667422,-2.808008,-2.102129,0.718813,0.57542,1.228602,33.037123,-0.07252,-0.432855,-1.69239,-2.58893,-1.714353,-0.124962,-2.102129,1.866423,56.086563,0.0,1.136229,0.0
2021-09-21,433.63,435.49,0.0,0.0,-0.094461,-2.372965,-3.047444,0.879551,0.654226,1.214617,32.628167,-0.27487,-0.508437,-1.197294,-2.431826,-1.737556,0.084865,-3.047444,0.992249,63.17575,0.0,1.137348,0.0
2021-09-22,437.86,436.89,0.0,0.0,0.975486,-2.237206,-2.256848,0.899823,0.614218,1.237386,40.773867,-0.348999,-0.464248,-0.155779,-1.340994,-0.748699,0.398874,-2.256848,1.075113,65.079809,0.0,1.101768,0.216258
2021-09-23,443.18,442.245,0.0,0.0,1.215,-0.892278,-1.276425,0.941447,0.659081,1.271029,49.107919,-0.304558,-0.334738,0.70241,-0.128754,0.439196,0.669239,-1.276425,0.779218,68.136682,0.0,1.07504,0.488241
2021-09-24,443.91,442.94,0.0,0.0,0.164719,0.568645,-0.526599,1.160471,0.717439,1.203672,50.144614,-0.255989,-0.228896,0.577186,0.032347,0.58079,0.721716,-0.526599,0.628711,67.377069,1.0,1.086542,0.525562
2021-09-27,442.64,442.975,0.0,0.0,-0.286094,1.981384,-1.690172,1.017226,0.708435,1.110939,48.301195,-0.238917,-0.169397,0.192775,-0.22972,0.28151,0.682637,-1.690172,0.626263,59.188413,1.0,1.061857,0.460634
2021-09-28,433.72,436.49,0.0,0.0,-2.015182,0.020755,-4.09305,0.594282,0.678013,1.28081,37.792455,-0.390876,-0.255941,-1.224985,-2.031247,-1.672276,0.327112,-4.09305,1.343728,52.212474,0.0,1.077428,0.004601
2021-09-29,434.45,435.445,0.0,0.0,0.168311,-0.778788,-3.789087,1.148665,0.785916,1.210062,38.962842,-0.487381,-0.282138,-0.708323,-1.691613,-1.448545,0.38851,-3.789087,0.851215,51.134267,0.0,1.081037,0.041922
2021-09-30,429.14,432.775,0.0,0.0,-1.222235,-3.168013,-5.015494,1.054611,0.790089,1.309945,33.958053,-0.663561,-0.364623,-1.289529,-2.624865,-2.551688,0.211979,-5.015494,1.457097,52.331848,0.0,1.081485,0.0
2021-10-01,434.24,431.63,1.0,1.0,1.188423,-2.178369,-4.181469,0.855137,0.818851,1.392156,41.703366,-0.686347,-0.312736,-0.07765,-1.32972,-1.339672,0.424218,-4.181469,1.345533,53.134385,0.0,1.033799,0.212058
2021-10-04,428.64,430.16,1.0,0.0,-1.289609,-3.162841,-5.394191,1.108004,0.869941,1.467414,36.624227,-0.815881,-0.349911,-0.915006,-2.360204,-2.512146,0.210954,-5.394191,1.375919,45.995253,0.0,1.056032,0.0
2021-10-05,433.1,432.44,1.0,0.0,1.0405,-0.142949,-4.066805,1.153121,0.899669,1.469546,42.618324,-0.809617,-0.278756,0.077286,-1.217796,-1.439894,0.35192,-4.066805,1.02778,28.381425,0.0,1.072343,0.195443
2021-10-06,434.9,431.33,1.0,0.0,0.415608,0.103579,-3.550598,1.065612,0.94361,1.500725,44.884014,-0.765729,-0.189653,0.328271,-0.73093,-0.990267,0.381835,-3.550598,1.315017,21.742921,0.0,1.081065,0.281096
2021-10-07,438.66,439.94,1.0,0.0,0.864567,2.21839,-2.298543,1.078995,0.95314,1.495562,49.380232,-0.65065,-0.063609,0.793952,0.115178,-0.129004,0.493449,-2.298543,0.869431,12.91894,1.0,1.119792,0.492625
2021-10-08,437.86,438.54,1.0,0.0,-0.182374,0.83364,-1.701688,0.904772,0.977378,1.38074,48.474151,-0.57381,0.011443,0.405928,-0.06099,-0.298977,0.437706,-1.701688,0.914125,7.918065,0.0,1.094963,0.47921
2021-10-11,434.69,437.44,1.0,0.0,-0.723976,1.411441,-2.662457,0.843225,0.965237,1.378365,44.95419,-0.568003,0.017214,-0.21422,-0.710338,-0.98115,0.278225,-2.662457,0.801402,7.400017,1.0,1.069064,0.314449
2021-10-12,433.62,434.44,1.0,0.0,-0.246152,0.120065,-2.375217,0.657295,0.971733,1.299617,43.798099,-0.574752,0.009527,-0.307034,-0.8646,-1.177418,0.189259,-2.375217,0.883238,7.458775,1.0,1.06908,0.258836
2021-10-13,435.18,433.795,1.0,0.0,0.359762,0.064383,-2.835581,0.554065,0.967645,1.260478,45.979358,-0.541745,0.032352,0.03441,-0.459795,-0.789915,0.202294,-2.835581,0.949279,-2.816803,0.0,1.071861,0.339917
2021-10-14,442.5,440.62,1.0,0.0,1.682063,0.875393,-1.044346,0.546601,0.949669,1.299729,54.836863,-0.370904,0.154957,1.138186,1.097594,0.844104,0.49791,-1.044346,0.919588,-4.827423,0.0,1.102369,0.747976
2021-10-15,445.87,445.175,1.0,0.0,0.761582,1.829352,1.012687,0.826871,1.02919,1.230357,58.2323,-0.177742,0.275315,1.264248,1.686674,1.547916,0.607314,1.012687,0.921238,-15.224517,0.0,1.092913,1.0
2021-10-18,447.19,445.41,1.0,0.0,0.29605,2.875613,3.029675,0.830821,1.002067,1.190774,59.516173,-0.00295,0.359016,1.037287,1.795014,1.77477,0.60297,3.029675,0.902016,-22.659641,0.0,1.03906,1.0
2021-10-19,450.64,449.49,1.0,0.0,0.771484,3.925096,3.922699,0.641676,0.921404,1.128251,62.739879,0.193667,0.442289,1.203892,2.328876,2.45709,0.683626,3.922699,0.723424,-30.33218,1.0,1.112574,1.0
2021-10-20,452.41,451.87,1.0,0.0,0.392775,3.959281,3.32298,0.494928,0.929044,1.035588,64.310091,0.375345,0.498396,1.061928,2.464313,2.7443,0.676292,3.32298,0.788406,-33.953643,1.0,1.139594,1.0
2021-10-21,453.59,452.57,1.0,0.0,0.260825,2.506215,2.348933,0.489546,0.913171,0.969251,65.358203,0.533416,0.524918,0.879795,2.465004,2.89074,0.644134,2.348933,0.690153,-38.955073,1.0,1.180332,1.0
2021-10-22,453.12,452.86,1.0,0.0,-0.103618,1.626034,2.074745,0.224663,0.881591,0.947409,64.545136,0.64435,0.508674,0.515511,2.129397,2.672028,0.56656,2.074745,0.999575,-40.393931,0.0,1.134913,0.981162
2021-10-25,455.55,454.145,1.0,0.0,0.536282,1.869451,2.916591,0.280214,0.88285,0.919441,66.841863,0.76218,0.501782,0.700576,2.415977,3.092353,0.590409,2.916591,0.773403,-40.342548,1.0,1.200092,1.0
2021-10-26,455.96,457.025,1.0,0.0,0.090001,1.180543,5.127732,0.291746,0.882752,0.882105,67.227612,0.854914,0.4758,0.526084,2.263873,3.056412,0.54514,5.127732,0.971496,-40.53768,0.0,1.13084,1.0
2021-10-27,453.94,455.51,1.0,0.0,-0.443021,0.338189,4.486132,0.224507,0.731044,0.864822,63.31919,0.886952,0.404921,0.053807,1.635543,2.495351,0.440591,4.486132,1.277144,-41.35759,0.0,1.139197,0.926061
2021-10-28,458.32,456.925,1.0,0.0,0.964885,1.042792,6.799646,0.330923,0.746562,0.872099,67.703636,0.966609,0.391348,0.677174,2.361163,3.343106,0.521541,6.799646,0.909737,-41.364454,0.0,1.043621,1.0
2021-10-29,459.25,457.56,1.0,0.0,0.202915,1.352843,5.759488,0.493051,0.684545,0.87042,68.562872,1.038723,0.371701,0.58592,2.318543,3.40873,0.517815,5.759488,1.280988,-42.976165,0.0,1.092282,1.0
2021-11-01,460.04,459.45,1.0,0.0,0.17202,0.985622,7.325495,0.468843,0.655983,0.825526,69.309814,1.096754,0.344703,0.504688,2.251625,3.441122,0.510049,7.325495,0.894724,-42.069041,1.0,1.006732,1.0
2021-11-02,461.9,461.155,1.0,0.0,0.404313,1.302746,6.649734,0.449752,0.549548,0.775792,71.053661,1.158688,0.327732,0.605522,2.405123,3.702397,0.532967,6.649734,0.916389,-39.510424,0.0,1.066217,1.0
2021-11-03,464.72,462.99,1.0,0.0,0.610522,2.374763,6.856749,0.452311,0.526931,0.792219,73.511156,1.238608,0.330155,0.809868,2.733836,4.158432,0.583378,6.856749,0.982155,-37.800157,0.0,1.097286,1.0
2021-11-04,466.91,465.995,1.0,0.0,0.471252,1.874236,6.440067,0.292949,0.53033,0.748478,75.267263,1.32397,0.335822,0.85297,2.902602,4.458826,0.619216,6.440067,0.990051,-35.932878,0.0,1.150125,1.0
2021-11-05,468.53,468.785,1.0,0.0,0.346962,2.020686,7.004522,0.165148,0.517409,0.75287,76.507956,1.403122,0.334713,0.798725,2.940066,4.623448,0.635758,7.004522,1.233013,-33.983322,0.0,1.129941,1.0
2021-11-08,468.93,469.215,1.0,0.0,0.085373,1.932441,7.876878,0.144359,0.504731,0.709651,76.81719,1.458298,0.31264,0.588119,2.731696,4.519601,0.623431,7.876878,0.937462,-33.945494,0.0,1.162023,1.0
2021-11-09,467.38,467.725,1.0,0.0,-0.33054,1.186404,7.785619,0.17314,0.446908,0.722338,72.817213,1.464318,0.251889,0.170279,2.159386,4.003877,0.571983,7.785619,0.927537,-31.574287,0.0,1.059283,0.956103
2021-11-10,463.62,464.71,1.0,0.0,-0.804485,-0.236702,6.535227,0.332137,0.453162,0.784678,64.097875,1.395611,0.138679,-0.424617,1.208606,3.039204,0.455711,6.535227,1.23978,-27.15053,0.0,1.098413,0.842667
2021-11-11,463.77,464.52,1.0,0.0,0.032354,-0.672506,4.80678,0.468079,0.521249,0.727846,64.281626,1.318726,0.04976,-0.261943,1.121801,2.948497,0.42763,4.80678,0.62821,-27.371372,0.0,1.134339,0.804767
2021-11-12,467.27,465.985,1.0,0.0,0.754684,-0.268926,4.799605,0.398823,0.419531,0.742781,68.351855,1.294249,0.02783,0.326642,1.702376,3.574116,0.546352,4.799605,0.913425,-18.617782,0.0,1.150896,0.928014
2021-11-15,467.43,467.52,0.0,1.0,0.034241,-0.319877,4.52604,0.513915,0.419101,0.717117,68.528411,1.270358,0.003498,0.240374,1.569157,3.463127,0.545128,4.52604,0.791723,-13.964746,0.0,1.170539,0.931003
2021-11-16,469.28,468.78,0.0,0.0,0.395781,0.406521,4.136339,0.511573,0.421091,0.716222,70.572606,1.264079,0.001771,0.423838,1.780078,3.715105,0.635216,4.136339,0.759295,-0.952122,1.0,1.184544,1.0
2021-11-17,468.14,468.335,0.0,0.0,-0.242925,0.974936,3.476935,0.517989,0.404222,0.673504,67.656322,1.232293,-0.026471,0.11985,1.384823,3.322832,0.614969,3.476935,0.698687,8.940976,1.0,1.126833,0.932424
2021-11-18,469.73,468.175,0.0,0.0,0.339642,1.28512,3.55828,0.345727,0.413001,0.685901,69.546521,1.213905,-0.032478,0.30613,1.561914,3.524613,0.707732,3.55828,0.700663,20.725655,1.0,1.125771,1.0
2021-11-19,468.89,469.72,0.0,0.0,-0.178826,0.346695,3.480314,0.338622,0.414205,0.664896,67.308546,1.176773,-0.057475,0.084469,1.247198,3.204328,0.706445,3.480314,0.749438,29.909872,1.0,1.104216,0.949428
2021-11-22,467.57,470.445,0.0,0.0,-0.281516,0.029951,2.638569,0.260751,0.417057,0.754386,63.832382,1.113243,-0.099592,-0.13161,0.869739,2.796329,0.680973,2.638569,0.931563,33.604286,0.0,1.130839,0.863205
2021-11-23,468.19,466.775,0.0,0.0,0.1326,-0.232271,2.682253,0.297333,0.419427,0.78536,64.753155,1.057355,-0.123099,0.000544,0.907055,2.814396,0.728969,2.682253,0.910966,39.225395,0.0,1.103924,0.90247
2021-11-24,469.44,467.38,0.0,0.0,0.266986,0.277695,3.414548,0.241871,0.419321,0.803236,66.599403,1.021245,-0.124852,0.178195,1.063227,2.964172,0.816089,3.414548,0.759788,43.543146,1.0,1.060809,0.981634
2021-11-26,458.97,460.835,0.0,0.0,-2.230317,-2.290678,0.141822,0.244906,0.398566,1.051038,45.229153,0.823981,-0.278608,-1.38019,-1.078617,0.64139,0.131296,0.141822,1.390845,43.271708,0.0,1.177578,0.056968
2021-11-29,464.6,464.145,0.0,0.0,1.22666,-0.914927,1.164943,0.908252,0.624048,1.117684,53.811724,0.730678,-0.28684,-0.113705,0.121957,1.801027,0.506998,1.164943,1.037838,51.762591,0.0,1.144946,0.523234
2021-11-30,455.56,459.665,0.0,0.0,-1.94576,-2.568599,-0.973828,1.139322,0.677544,1.260073,42.339276,0.511815,-0.420716,-1.380972,-1.655133,-0.172738,-0.217584,-0.973828,1.751129,56.720224,0.0,1.25752,0.0
2021-12-01,450.5,457.48,0.0,0.0,-1.110721,-3.778381,-2.468067,1.345624,0.805251,1.529931,37.517768,0.237178,-0.564661,-1.664643,-2.492327,-1.231903,-0.440957,-2.468067,1.510455,63.667499,0.0,1.279669,0.0
2021-12-02,457.4,454.69,1.0,1.0,1.531632,-2.564758,-1.575142,1.318512,0.830233,1.561294,46.4698,0.134915,-0.523863,-0.105728,-0.904599,0.269816,0.148272,-1.575142,1.406435,69.746041,0.0,1.212396,0.358814
2021-12-03,453.42,454.61,1.0,0.0,-0.870136,-1.209229,-2.889208,1.585302,0.892752,1.699641,42.672043,-0.013469,-0.542424,-0.652081,-1.601285,-0.57917,-0.017408,-2.889208,1.458054,76.454641,0.0,1.22242,0.151846
2021-12-06,458.79,457.175,1.0,0.0,1.184332,-1.250538,-2.078842,1.367802,0.89953,1.669967,48.757117,-0.035601,-0.446692,0.349075,-0.394565,0.574705,0.285847,-2.078842,1.005536,82.810024,0.0,1.187793,0.431097
2021-12-07,468.28,463.765,1.0,0.0,2.068484,2.792168,-0.138613,1.358839,0.939914,1.709253,57.369056,0.110072,-0.23415,1.603559,1.504727,2.548304,0.723602,-0.138613,0.946109,87.702856,0.0,1.166946,0.924597
2021-12-08,469.52,468.415,1.0,0.0,0.264799,4.221976,0.457872,1.299691,1.052195,1.567462,58.353932,0.242864,-0.080359,1.240659,1.601899,2.706275,0.787639,0.457872,0.716827,82.746554,1.0,1.215801,0.98908
2021-12-09,466.35,467.885,1.0,0.0,-0.675158,1.956712,0.588844,1.035512,1.050882,1.467483,54.864382,0.292479,-0.026353,0.370728,0.827973,1.932386,0.650248,0.588844,0.612359,78.673161,1.0,1.195843,0.824233
2021-12-10,470.74,468.705,1.0,0.0,0.941353,3.819858,1.5029,1.112327,1.046125,1.388833,58.560171,0.398072,0.06577,0.873218,1.605153,2.775373,0.83281,1.5029,0.77323,79.888452,1.0,1.190397,1.0
2021-12-13,466.57,468.415,1.0,0.0,-0.885839,1.695765,-0.149806,0.919775,1.064612,1.342154,54.034191,0.41138,0.060887,-0.013572,0.637515,1.790503,0.614624,-0.149806,0.904416,65.707892,0.0,1.143116,0.793972
2021-12-14,463.36,462.995,1.0,0.0,-0.688,-1.050653,-0.870719,1.085185,1.072661,1.353118,50.780609,0.361939,0.007214,-0.468748,-0.049647,1.046985,0.457442,-0.870719,1.023335,60.173327,0.0,1.117543,0.635375
2021-12-15,470.6,465.8,1.0,0.0,1.5625,0.230022,0.281282,0.700379,1.08295,1.441387,57.060705,0.434697,0.068343,0.721672,1.366102,2.520275,0.711649,0.281282,1.293944,40.402699,0.0,1.075622,0.993083
2021-12-16,466.45,468.835,1.0,0.0,-0.881853,0.021443,-0.361003,1.002841,1.134915,1.490995,52.894552,0.424506,0.043914,-0.111092,0.427039,1.551833,0.486778,-0.361003,1.347413,26.300881,0.0,1.112616,0.788043
2021-12-17,459.87,461.4,1.0,0.0,-1.410655,-2.30913,-2.099078,1.035645,1.150762,1.553942,47.031192,0.30036,-0.068542,-1.018615,-0.896234,0.114604,0.178815,-2.099078,1.624979,15.416495,0.0,1.09568,0.462945
2021-12-20,454.98,453.27,1.0,0.0,-1.063344,-2.484086,-2.966581,1.039763,1.186726,1.617059,43.198759,0.111271,-0.209276,-1.39035,-1.767612,-0.913046,-0.079448,-2.966581,1.336517,4.813948,0.0,1.111671,0.221344
2021-12-21,463.06,459.76,1.0,0.0,1.775902,-0.064744,-0.964561,1.056564,1.205215,1.613972,50.392041,0.099232,-0.172577,0.240285,-0.020901,0.81317,0.226295,-0.964561,0.886207,0.847972,0.0,1.142354,0.620553
2021-12-22,467.69,465.195,1.0,0.0,0.99987,-0.61836,-0.106794,1.377932,1.274814,1.53403,53.987846,0.16827,-0.080679,0.824955,0.884721,1.748504,0.412791,-0.106794,0.743352,-1.417268,0.0,1.149993,0.849308
2021-12-23,470.6,470.415,1.0,0.0,0.622207,0.889699,0.247103,1.263692,1.294557,1.448768,56.139702,0.269171,0.017409,0.963532,1.366423,2.286059,0.535989,0.247103,0.705907,-1.79623,1.0,1.159363,0.993083
2021-12-27,477.26,474.66,1.0,0.0,1.415215,3.781503,3.98501,1.223978,1.300479,1.425537,60.67284,0.452464,0.163372,1.582304,2.527474,3.581965,0.808222,3.98501,0.700084,0.169599,1.0,1.163271,1.0
2021-12-28,476.87,477.435,1.0,0.0,-0.081716,4.8112,2.640981,0.9861,1.225506,1.313366,60.279946,0.587817,0.238791,0.994559,2.205826,3.35557,0.772727,2.640981,0.567825,0.15872,1.0,1.131355,0.985426
2021-12-29,477.48,477.24,1.0,0.0,0.127917,3.114067,4.81166,0.64387,1.20385,1.210516,60.708524,0.696189,0.278087,0.74637,2.109341,3.346427,0.766726,4.81166,0.659967,-2.654573,1.0,1.100212,1.0
2021-12-30,476.16,477.335,0.0,1.0,-0.276451,1.811029,5.695893,0.549758,1.105205,1.145269,59.219462,0.75378,0.267616,0.311418,1.650181,2.93717,0.702634,5.695893,0.682219,-7.154109,1.0,1.059301,0.951075
2021-12-31,474.96,475.765,0.0,0.0,-0.252016,0.926477,3.839091,0.606014,1.068523,1.056553,57.830745,0.770638,0.226596,0.03907,1.259572,2.570043,0.685042,3.839091,0.817356,-12.052044,1.0,1.06509,0.895262
2022-01-03,477.71,475.85,0.0,0.0,0.578996,0.094288,5.357064,0.631147,1.034483,1.022052,60.137744,0.81504,0.219304,0.411347,1.667134,3.036078,0.789927,5.357064,0.922404,-16.357623,0.0,1.036703,1.0
2022-01-04,477.55,477.78,0.0,0.0,-0.033493,0.142597,4.089017,0.315069,1.007827,1.008924,59.932304,0.841626,0.196552,0.251494,1.475256,2.880469,0.81189,4.089017,0.918539,-21.274856,0.0,1.059168,0.992961
2022-01-05,468.38,473.13,0.0,0.0,-1.920218,-1.905839,0.021355,0.312556,0.987099,1.167649,49.496106,0.713164,0.044369,-1.121961,-0.428408,0.869143,0.464627,0.021355,1.347111,-23.107801,0.0,1.078491,0.589529
2022-01-06,467.94,468.125,0.0,0.0,-0.093941,-1.72631,-0.336514,0.829351,0.99346,1.166495,49.054708,0.584536,-0.067911,-0.813191,-0.472472,0.743792,0.479448,-0.336514,1.08261,-20.386605,0.0,1.084668,0.570172
2022-01-07,466.09,466.925,0.0,0.0,-0.39535,-1.867526,-0.055752,0.837113,0.991863,1.145136,47.150776,0.446801,-0.166588,-0.806792,-0.784129,0.331908,0.465126,-0.055752,0.973817,-12.652305,0.0,1.101148,0.488781
2022-01-10,465.51,461.17,0.0,0.0,-0.124439,-2.553851,-1.111017,0.835921,0.984355,1.265504,46.540893,0.322453,-0.23336,-0.622081,-0.821865,0.198919,0.502873,-1.111017,1.228418,-2.627265,0.0,1.093224,0.463264
2022-01-11,469.75,465.95,0.0,0.0,0.910829,-1.633337,0.68157,0.71423,0.960625,1.308265,51.481575,0.290928,-0.207895,0.188543,0.073712,1.067504,0.751605,0.68157,0.723309,5.908253,0.0,1.098013,0.649802
2022-01-12,471.02,471.07,0.0,0.0,0.270357,0.563645,1.653142,0.913297,0.962383,1.251362,52.886123,0.285988,-0.169192,0.305805,0.311379,1.287491,0.887985,1.653142,0.616374,15.399141,1.0,1.103848,0.705675
2022-01-13,464.53,468.16,0.0,0.0,-1.377861,-0.728726,-1.289843,0.451423,0.948774,1.37062,45.61844,0.171927,-0.23169,-0.720096,-0.969783,-0.103874,0.729932,-1.289843,0.796611,26.684739,0.0,1.108589,0.42015
2022-01-14,464.72,462.495,0.0,0.0,0.040902,-0.293935,-0.370886,0.757671,0.936404,1.336292,45.853036,0.080703,-0.258199,-0.454021,-0.84152,-0.060545,0.801002,-0.370886,0.799706,38.600991,0.0,1.092875,0.428509
2022-01-18,456.49,457.635,0.0,0.0,-1.770959,-1.93766,-0.73499,0.748686,0.917336,1.45385,38.171612,-0.135303,-0.384252,-1.488963,-2.356017,-1.759914,0.525142,-0.73499,0.882911,49.003657,0.0,1.068095,0.066432
2022-01-19,451.75,455.535,0.0,0.0,-1.038358,-3.831825,-0.709921,1.019481,0.947619,1.51377,34.578708,-0.391029,-0.514072,-1.688713,-3.058784,-2.673893,0.39292,-0.709921,0.862559,58.162753,0.0,1.087489,0.0
2022-01-20,446.75,451.62,0.0,0.0,-1.106807,-5.152647,-3.522222,0.797897,0.946274,1.751613,31.238513,-0.681652,-0.644858,-1.868514,-3.753005,-3.609312,0.257211,-3.522222,0.948005,63.885106,0.0,1.115692,0.0
2022-01-21,437.98,443.005,0.0,0.0,-1.963067,-5.715454,-6.352498,0.60344,0.877067,1.856238,26.418151,-1.075869,-0.830671,-2.562347,-5.132608,-5.297208,0.07343,-6.352498,1.558736,63.799714,0.0,1.135202,0.0
2022-01-24,439.84,430.57,0.0,0.0,0.424677,-5.353761,-6.536337,0.703944,0.915458,2.196699,28.923194,-1.322282,-0.862496,-1.4427,-4.298641,-4.712111,0.229077,-6.536337,1.916953,64.277981,0.0,1.025703,0.046816
2022-01-25,434.47,433.435,0.0,0.0,-1.220899,-4.823764,-8.965763,0.839421,0.906221,2.316776,26.154719,-1.62102,-0.924441,-1.779686,-4.972274,-5.658105,0.17118,-8.965763,1.279356,61.825536,0.0,1.021468,0.0
2022-01-26,433.38,436.45,0.0,0.0,-0.25088,-4.066408,-9.119886,0.776795,0.830899,2.479949,25.61869,-1.848448,-0.920093,-1.359919,-4.737937,-5.676745,0.198301,-9.119886,1.440465,55.420919,0.0,1.055521,0.0
2022-01-27,431.24,435.52,1.0,1.0,-0.493793,-3.47174,-9.684175,0.827362,0.827809,2.535307,24.554683,-2.051895,-0.895147,-1.238959,-4.735794,-5.915874,0.19455,-9.684175,1.15016,57.791025,0.0,1.031557,0.0
2022-01-28,441.95,434.91,1.0,0.0,2.483536,0.906434,-7.18456,0.821681,0.816231,2.57182,38.353877,-1.934559,-0.644675,0.805944,-2.149021,-3.443732,0.400165,-7.18456,1.227883,65.145825,0.0,1.021881,0.230471
2022-01-31,449.91,445.045,1.0,0.0,1.801109,2.289469,-5.274128,1.262375,1.044531,2.49976,46.22616,-1.685505,-0.334753,1.732572,-0.349927,-1.638895,0.547293,-5.274128,1.111017,71.693905,0.0,1.017345,0.401765
2022-02-01,452.95,450.285,1.0,0.0,0.675691,4.253458,-5.183061,1.423635,1.14665,2.348849,48.909528,-1.434392,-0.074165,1.600403,0.292509,-0.936429,0.620926,-5.183061,0.889892,75.668056,1.0,0.994755,0.467183
2022-02-02,457.35,455.585,1.0,0.0,0.97141,5.530943,-4.229924,1.150731,1.150392,2.166808,52.596605,-1.141587,0.164444,1.710157,1.144736,0.024869,0.715241,-4.229924,0.854577,77.223094,1.0,1.012546,0.563809
2022-02-03,446.6,449.34,1.0,0.0,-2.350497,3.561822,-4.65007,1.014071,1.180697,2.270618,44.203227,-1.123904,0.17085,-0.454723,-1.116583,-2.23703,0.53197,-4.65007,0.867141,75.391106,1.0,1.003718,0.386124
2022-02-04,448.7,448.305,0.0,1.0,0.470219,1.527322,-4.111638,1.659633,1.215102,2.224612,46.015581,-1.033344,0.20428,0.008905,-0.589921,-1.708821,0.583458,-4.111638,0.876781,68.390714,1.0,1.028247,0.438914
2022-02-07,447.26,448.42,0.0,0.0,-0.320927,-0.589007,-4.039992,1.407015,1.224455,2.087434,44.937695,-0.983495,0.206491,-0.20825,-0.8231,-1.946427,0.561271,-4.039992,0.641793,50.595035,0.0,1.028702,0.402715
2022-02-08,450.94,448.57,0.0,0.0,0.822788,-0.443758,-3.129901,1.198977,1.223976,1.99245,48.272419,-0.857931,0.257876,0.407716,-0.00641,-1.095451,0.651908,-3.129901,0.6468,28.901986,0.0,1.040699,0.495224
2022-02-09,457.54,456.445,0.0,0.0,1.463609,0.041544,-2.599255,1.219543,1.244086,1.904122,53.689505,-0.630088,0.375698,1.243746,1.316506,0.33827,0.817615,-2.599255,0.74984,20.202019,1.0,1.051093,0.661136
2022-02-10,449.32,452.455,0.0,0.0,-1.796564,0.609046,-4.607023,1.316558,1.273172,1.992308,47.077015,-0.608339,0.332678,-0.384179,-0.455956,-1.407754,0.652857,-4.607023,1.122112,13.83505,0.0,1.030037,0.4545
2022-02-11,440.46,445.275,0.0,0.0,-1.971869,-1.836416,-5.181581,1.121533,1.320034,2.144938,41.18859,-0.747373,0.170058,-1.578001,-2.193522,-3.224657,0.427173,-5.181581,1.241072,7.865508,0.0,1.040723,0.275388
2022-02-14,439.02,438.47,0.0,0.0,-0.326931,-1.842329,-5.530212,1.370248,1.351896,2.055164,40.30617,-0.867113,0.042662,-1.274587,-2.279377,-3.406912,0.387818,-5.530212,1.00404,2.171365,0.0,1.018559,0.232378
2022-02-15,446.1,444.73,0.0,0.0,1.612683,-1.073314,-2.276063,1.370215,1.350225,1.969866,46.387767,-0.807455,0.070305,0.21147,-0.636885,-1.777944,0.633932,-2.276063,0.72653,-1.988068,0.0,1.040711,0.565019
2022-02-16,446.6,445.0,0.0,0.0,0.112082,-2.391048,-1.140011,1.533492,1.364087,1.888019,46.79998,-0.752511,0.099413,0.215627,-0.475705,-1.603497,0.683429,-1.140011,0.69837,-4.153677,0.0,1.073722,0.58403
2022-02-17,437.06,441.495,0.0,0.0,-2.13614,-2.728568,-2.168998,1.320012,1.347705,1.98256,40.414954,-0.891034,-0.016411,-1.291701,-2.359751,-3.565255,0.396075,-2.168998,0.84565,-6.327452,0.0,1.06146,0.221293
2022-02-18,434.23,435.24,0.0,0.0,-0.647508,-1.41443,-0.856203,1.393021,1.40556,1.939443,38.727026,-1.034894,-0.123657,-1.295569,-2.714765,-4.032002,0.327852,-0.856203,1.098753,-6.970086,0.0,1.006035,0.113688
2022-02-22,429.57,430.68,0.0,0.0,-1.073164,-2.152522,-2.33494,1.209831,1.346354,1.998299,36.056599,-1.230071,-0.247159,-1.582307,-3.413032,-4.873064,0.228031,-2.33494,1.022173,-7.348897,0.0,1.026556,0.0
2022-02-23,421.95,427.305,0.0,0.0,-1.773867,-5.413584,-2.881672,1.252056,1.360348,2.139483,32.152386,-1.528798,-0.422508,-2.243627,-4.660888,-6.319473,0.063919,-2.881672,1.054647,-4.268815,0.0,1.047314,0.0
2022-02-24,428.3,419.7,0.0,0.0,1.504918,-4.097627,-1.172181,0.800278,1.388008,2.390818,38.161509,-1.584126,-0.395391,-0.516312,-2.92786,-4.726222,0.316059,-1.172181,1.677887,-1.45994,0.0,0.986461,0.178421
2022-02-25,437.75,432.85,0.0,0.0,2.206397,0.157873,1.5096,1.276013,1.432798,2.33129,45.848087,-1.419844,-0.205417,1.112901,-0.711732,-2.523795,0.608296,1.5096,0.954756,-2.098299,0.0,0.989565,0.443945
2022-02-28,436.63,434.45,0.0,0.0,-0.255854,0.552702,-1.203756,1.538904,1.509649,2.254661,45.132059,-1.325547,-0.086404,0.56785,-0.874592,-2.66734,0.620806,-1.203756,1.161638,-6.407996,0.0,1.009012,0.412475
2022-03-01,429.98,432.14,0.0,0.0,-1.523029,0.095444,-4.429775,1.511468,1.406701,2.296213,41.034318,-1.376162,-0.094284,-0.644622,-2.162134,-3.993508,0.474932,-4.429775,1.124977,-10.624032,0.0,1.028377,0.225625
2022-03-02,437.89,435.645,0.0,0.0,1.83962,3.777699,-3.32487,1.591202,1.374096,2.250677,47.17781,-1.214973,0.035,0.785661,-0.327898,-2.141877,0.695325,-3.32487,0.967831,-12.106104,0.0,1.042282,0.447879
2022-03-03,435.71,437.455,0.0,0.0,-0.497842,1.730096,-4.731606,1.418208,1.434005,2.184042,45.762693,-1.139703,0.093219,0.189093,-0.746207,-2.528562,0.657725,-4.731606,0.847654,-9.370811,1.0,1.034884,0.386625
2022-03-04,432.17,430.625,0.0,0.0,-0.812467,-1.2747,-3.231079,1.432427,1.411693,2.149913,43.481857,-1.13703,0.084793,-0.417477,-1.406823,-3.19443,0.576914,-3.231079,0.909252,-7.900943,0.0,1.03347,0.287159
2022-03-07,419.43,425.83,1.0,1.0,-2.947914,-3.939262,-6.52329,1.128268,1.333951,2.331205,36.442385,-1.390826,-0.105512,-2.260656,-3.918575,-5.824807,0.201948,-6.52329,1.098269,-7.063896,0.0,1.033821,0.0
2022-03-08,416.25,421.165,1.0,0.0,-0.758172,-3.193172,-6.933327,1.561709,1.456236,2.42308,34.922604,-1.619519,-0.259509,-2.021351,-4.223153,-6.298544,0.12773,-6.933327,1.335885,-6.288302,0.0,1.06531,0.0
2022-03-09,427.41,426.165,1.0,0.0,2.681081,-2.393295,-5.217989,1.519131,1.459273,2.458825,43.783185,-1.517358,-0.154287,0.402878,-1.500016,-3.643258,0.404105,-5.217989,0.968015,-3.508278,0.0,1.052144,0.270283
2022-03-10,425.48,423.435,1.0,0.0,-0.451557,-2.347892,-7.007038,1.803908,1.584635,2.359068,42.700401,-1.495932,-0.101343,-0.033671,-1.762845,-3.924705,0.324124,-7.007038,0.79504,-4.276632,0.0,1.025513,0.223541
2022-03-11,420.07,424.15,1.0,0.0,-1.271505,-2.799824,-6.509837,1.803846,1.534972,2.364141,39.734054,-1.578203,-0.132522,-0.873632,-2.732924,-4.95449,0.111767,-6.509837,0.863623,-11.307849,0.0,0.999135,0.115513
2022-03-14,417.0,420.17,1.0,0.0,-0.730831,-0.579358,-5.32625,1.831036,1.514372,2.344102,38.115893,-1.68016,-0.179069,-1.071091,-3.126055,-5.439628,-0.016954,-5.32625,0.88227,-12.10993,0.0,0.98304,0.024712
2022-03-15,426.17,422.63,1.0,0.0,2.199041,2.383183,-2.926974,1.418547,1.470389,2.2957,45.283774,-1.522879,-0.04327,0.733564,-0.901779,-3.232694,0.239853,-2.926974,1.015003,-14.580094,0.0,1.000379,0.326853
2022-03-16,435.62,430.24,1.0,0.0,2.217425,1.920872,-2.349249,1.624894,1.564878,2.279458,51.516179,-1.206971,0.192432,1.958796,1.17081,-1.044772,0.463979,-2.349249,1.419889,-16.174995,0.0,0.991862,0.638221
2022-03-17,441.07,437.13,1.0,0.0,1.25109,3.664097,-1.238245,1.505799,1.603739,2.189328,54.719497,-0.861019,0.416874,2.133262,2.199392,0.185655,0.599996,-1.238245,1.024864,-17.55377,0.0,0.98643,0.817792
2022-03-18,444.52,441.04,1.0,0.0,0.782189,5.820458,1.706859,1.468472,1.630471,2.111853,56.671086,-0.525341,0.594108,1.935838,2.705459,0.930931,0.696431,1.706859,1.05297,-16.479715,0.0,0.991374,1.0
2022-03-21,444.39,443.57,1.0,0.0,-0.029245,6.568345,2.339774,1.088367,1.566488,2.004229,56.572142,-0.264004,0.684618,1.262662,2.414469,0.865758,0.646379,2.339774,0.885718,-17.372266,1.0,0.96686,0.995401
2022-03-22,449.59,448.22,1.0,0.0,1.170143,5.49546,4.660474,0.858614,1.557568,1.900483,59.609859,0.036791,0.779553,1.618515,3.257574,1.964219,0.734412,4.660474,0.778951,-21.249232,1.0,0.985385,1.0
2022-03-23,443.8,446.1,1.0,0.0,-1.28784,1.877783,5.178339,0.728043,1.547786,1.84523,54.996926,0.169089,0.737233,0.206341,1.740987,0.625391,0.512057,5.178339,0.869883,-27.366359,1.0,0.962489,0.826335
2022-03-24,450.49,447.63,1.0,0.0,1.507436,2.135715,5.180948,0.948052,1.519534,1.773753,58.949747,0.384887,0.755675,1.138078,2.953582,2.056516,0.661314,5.180948,0.712946,-28.786886,1.0,0.989374,1.0
2022-03-25,452.69,450.705,1.0,0.0,0.488357,1.837938,3.412907,0.999459,1.519637,1.663795,60.18814,0.587628,0.765292,1.082109,3.116926,2.452267,0.6753,3.412907,0.856603,-29.447675,1.0,1.048447,1.0
2022-03-28,455.91,452.985,1.0,0.0,0.711304,2.592318,4.415638,0.985477,1.454599,1.602858,61.995306,0.792347,0.775004,1.193574,3.470967,3.05246,0.704438,4.415638,0.768357,-28.848999,1.0,1.044138,1.0
2022-03-29,461.55,459.625,1.0,0.0,1.237086,2.660202,7.342202,0.969905,1.455431,1.55012,64.992751,1.032868,0.81259,1.617102,4.279155,4.150566,0.781464,7.342202,0.974007,-27.422518,0.0,1.044069,1.0
2022-03-30,458.7,458.835,1.0,0.0,-0.617485,3.357368,4.752335,0.979233,1.413208,1.499448,62.318032,1.175124,0.762781,0.657586,3.277685,3.365276,0.690633,4.752335,0.907375,-27.820077,0.0,1.044267,0.937086
2022-03-31,451.64,454.96,0.0,1.0,-1.539132,0.255278,3.656102,0.736898,1.386207,1.544203,56.153057,1.163283,0.595596,-0.596217,1.524881,1.70358,0.547304,3.656102,1.444422,-32.305178,0.0,1.058319,0.781236
2022-04-01,452.92,451.3,0.0,0.0,0.283412,0.050807,4.801351,1.000934,1.431822,1.461702,56.983937,1.145718,0.463709,-0.209884,1.637158,1.912216,0.571402,4.801351,1.059919,-32.977917,0.0,1.05898,0.809492
2022-04-04,456.8,454.585,0.0,0.0,0.856663,0.195214,8.909711,0.986483,1.413261,1.391775,59.489867,1.179708,0.402793,0.429065,2.263598,2.673115,0.642147,8.909711,0.726863,-34.693529,1.0,1.046702,0.895143
2022-04-05,451.03,453.825,0.0,0.0,-1.263135,-2.279276,8.355556,1.008471,1.212513,1.458427,54.413279,1.113824,0.261576,-0.56123,0.878498,1.321533,0.543974,8.355556,0.91093,-33.947747,0.0,0.960782,0.76777
2022-04-06,446.52,446.2,0.0,0.0,-0.999933,-2.65533,4.471117,0.907803,1.241994,1.502483,50.76664,0.967597,0.085393,-1.04244,-0.117832,0.296255,0.466788,4.471117,1.319731,-32.978443,0.0,1.008633,0.662626
2022-04-07,448.77,447.11,0.0,0.0,0.503897,-0.635462,5.473818,0.933929,1.161929,1.508353,52.477741,0.869009,-0.007018,-0.363189,0.348631,0.769966,0.515505,5.473818,0.960612,-31.218085,0.0,1.027779,0.713131
2022-04-08,447.57,448.285,0.0,0.0,-0.267398,-1.181224,6.546528,0.846974,1.152707,1.450461,51.450692,0.766384,-0.089593,-0.420626,0.072648,0.480787,0.516929,6.546528,0.936077,-23.526014,0.0,1.012963,0.686195
2022-04-11,439.92,442.195,0.0,0.0,-1.70923,-3.695271,5.496403,0.822305,1.105213,1.52685,45.356452,0.548446,-0.257933,-1.425195,-1.484155,-1.18874,0.36491,5.496403,1.034062,-19.990053,0.0,1.007786,0.514478
2022-04-12,438.29,441.2,0.0,0.0,-0.370522,-2.824646,2.843936,0.781155,1.170528,1.605025,44.156311,0.33268,-0.381358,-1.200791,-1.676017,-1.494794,0.336794,2.843936,0.952327,-15.348715,0.0,1.006984,0.342566
2022-04-13,443.31,440.975,0.0,0.0,1.14536,-0.718893,1.7653,0.743948,1.09055,1.563851,48.661728,0.246785,-0.367334,-0.046133,-0.497747,-0.352231,0.572513,1.7653,0.819733,-11.489641,0.0,1.024674,0.296568
2022-04-14,437.79,441.205,0.0,0.0,-1.245178,-2.446688,-0.743646,0.959021,1.010865,1.587142,44.418068,0.081309,-0.432442,-0.86421,-1.573928,-1.531508,0.41897,-0.743646,1.067881,-8.521712,0.0,1.061832,0.0
2022-04-18,437.97,437.68,0.0,0.0,0.041116,-2.144916,-1.4735,0.97929,1.014229,1.500993,44.587766,-0.048401,-0.449554,-0.550477,-1.389445,-1.433389,0.505749,-1.4735,0.710944,-8.077468,0.0,1.084132,0.007576
2022-04-19,445.04,441.74,0.0,0.0,1.614266,1.163848,0.146268,1.000816,0.997195,1.523469,50.925457,-0.020347,-0.332101,0.700804,0.183081,0.151543,0.834953,0.146268,0.808101,-3.456912,1.0,1.104584,0.305135
2022-04-20,444.71,445.525,0.0,0.0,-0.074151,1.464784,-1.085433,1.032113,1.062672,1.443946,50.634352,-0.004656,-0.253314,0.416553,0.098423,0.074247,0.897972,-1.085433,0.663373,2.596031,1.0,1.088517,0.291246
2022-04-21,438.06,443.555,0.0,0.0,-1.495357,-1.184273,-1.293375,1.003638,1.028993,1.663362,45.046231,-0.11328,-0.292569,-0.725981,-1.266911,-1.367209,0.69274,-1.293375,0.838871,11.518853,0.0,1.089023,0.011364
2022-04-22,426.04,431.76,0.0,0.0,-2.743916,-2.683935,-5.427423,1.107322,1.042389,1.877833,37.08038,-0.42766,-0.489606,-2.326742,-3.611066,-3.920123,0.321368,-5.427423,1.260128,15.774623,0.0,1.103975,0.0
2022-04-25,428.51,423.765,0.0,0.0,0.579758,-2.159965,-5.341404,1.48089,1.130873,1.924563,39.449928,-0.616767,-0.542685,-1.180577,-2.769605,-3.235474,0.477721,-5.341404,1.099609,20.888236,0.0,1.070546,0.069558
2022-04-26,416.1,421.055,0.0,0.0,-2.896082,-6.502786,-8.731987,1.537158,1.134117,2.116323,32.771997,-1.020409,-0.755294,-2.731789,-5.080552,-5.814843,0.2127,-8.731987,0.923386,26.275333,0.0,1.065887,0.0
2022-04-27,417.27,418.965,0.0,0.0,0.281182,-6.170313,-9.59376,1.39308,1.245476,2.081758,33.907908,-1.28457,-0.816159,-1.652399,-4.37527,-5.343995,0.329588,-9.59376,1.063337,29.101854,0.0,1.035775,0.025743
2022-04-28,427.81,423.62,0.0,0.0,2.525942,-2.339862,-6.734249,1.462463,1.197304,2.145269,43.215972,-1.246159,-0.631431,0.553003,-1.776509,-2.840523,0.614898,-6.734249,0.89621,34.011532,0.0,1.03927,0.274883
2022-04-29,412.0,418.54,0.0,0.0,-3.695566,-3.295465,-8.776902,2.083105,1.365517,2.467796,35.206428,-1.579847,-0.753223,-2.131135,-4.916842,-6.194537,0.323247,-8.776902,1.210285,42.676509,0.0,1.02765,0.0
2022-05-02,414.48,410.47,0.0,0.0,0.601942,-3.274136,-8.48715,2.314561,1.531145,2.4766,37.173459,-1.727398,-0.724576,-1.033326,-3.947066,-5.421072,0.426349,-8.48715,1.313497,43.459939,0.0,1.008978,0.055357
2022-05-03,416.38,416.145,0.0,0.0,0.458406,0.067292,-8.848511,2.316917,1.540283,2.314955,38.708659,-1.785966,-0.630176,-0.387186,-3.18341,-4.801319,0.502747,-8.848511,0.825598,47.758599,1.0,1.003511,0.097768
2022-05-04,429.06,421.685,0.0,0.0,3.045295,2.825509,-4.871073,2.033874,1.526022,2.442659,47.864633,-1.528207,-0.325259,1.748786,-0.21272,-1.829005,0.790617,-4.871073,1.188019,49.033033,0.0,0.985754,0.4371
2022-05-05,413.81,417.22,0.0,0.0,-3.554281,-3.272481,-7.32554,2.373177,1.691247,2.827162,40.105029,-1.693936,-0.357325,-1.252902,-3.413621,-5.120397,0.542674,-7.32554,1.394124,53.137854,0.0,1.004473,0.049225
2022-05-06,411.34,410.265,0.0,0.0,-0.596892,-0.160194,-8.340575,2.613779,1.834565,2.758918,39.002157,-1.818824,-0.37935,-1.235799,-3.623896,-5.475929,0.541014,-8.340575,1.217126,53.378852,0.0,1.023511,0.0
2022-05-09,398.17,401.455,0.0,0.0,-3.201731,-3.935051,-11.03738,2.137058,1.824223,2.96709,33.68334,-2.214278,-0.581753,-2.975597,-6.109631,-8.196239,0.309792,-11.03738,1.248243,47.183587,0.0,1.051978,0.0
2022-05-10,399.09,400.45,0.0,0.0,0.231057,-4.152457,-9.281233,2.439712,1.921628,2.941739,34.356786,-2.427698,-0.639149,-1.851256,-5.361571,-7.695111,0.371183,-9.281233,1.081765,41.086944,0.0,1.052308,0.019629
2022-05-11,392.75,398.0,0.0,0.0,-1.588614,-8.462686,-10.390381,2.418422,1.910331,3.000763,31.94897,-2.741519,-0.739279,-2.299785,-6.252077,-8.833944,0.287617,-10.390381,1.168281,37.55447,0.0,1.07957,0.0
2022-05-12,392.34,390.475,0.0,0.0,-0.104392,-5.188371,-11.497598,1.458968,1.925626,2.96531,31.793791,-2.936838,-0.746004,-1.614106,-5.780142,-8.609098,0.314184,-11.497598,1.039589,33.165426,0.0,1.061659,0.0
2022-05-13,401.72,399.395,0.0,0.0,2.390784,-2.338698,-8.23911,1.23779,1.890251,2.869715,39.083559,-2.796574,-0.525517,0.490851,-3.20235,-6.187801,0.484695,-8.23911,0.874216,30.022227,0.0,1.071875,0.177989
2022-05-16,400.09,400.785,0.0,0.0,-0.405755,0.482206,-8.648994,1.871988,1.990754,2.709504,38.317164,-2.752072,-0.37741,0.055387,-3.263896,-6.327161,0.456458,-8.648994,0.677038,25.085866,1.0,1.042267,0.147059
2022-05-17,408.32,405.575,0.0,0.0,2.057037,2.312762,-8.250944,1.297208,1.988082,2.577813,44.260355,-2.462175,-0.1083,1.399185,-1.154065,-4.235024,0.58815,-8.250944,0.734722,17.348952,1.0,1.035185,0.303226
2022-05-18,391.86,397.175,1.0,1.0,-4.031152,-0.226607,-11.884149,1.519399,2.013047,2.932586,36.653786,-2.680059,-0.181848,-1.808453,-4.672161,-7.802758,0.315035,-11.884149,1.047521,14.252847,0.0,1.05831,0.0
2022-05-19,389.46,390.625,1.0,0.0,-0.612464,-0.734057,-11.094371,2.296572,2.159514,2.797912,35.690635,-2.805232,-0.233301,-1.61957,-4.779361,-8.065765,0.267084,-11.094371,0.902904,7.149742,0.0,1.054343,0.0
2022-05-20,389.63,388.785,1.0,0.0,0.04365,-3.009559,-8.546146,2.309321,2.149908,2.988095,35.819283,-2.853667,-0.226287,-1.056638,-4.306008,-7.73525,0.262641,-8.546146,1.263146,-1.021764,0.0,1.033487,0.004293
2022-05-23,396.92,394.055,1.0,0.0,1.871006,-0.792322,-7.372057,1.963889,2.093622,2.814214,41.247049,-2.661011,-0.065509,0.528333,-2.281456,-5.786962,0.406192,-7.372057,0.769238,-8.704136,0.0,1.056036,0.188384
2022-05-24,393.89,391.055,1.0,0.0,-0.763378,-3.533993,-5.337659,2.203133,2.142897,2.794897,39.742616,-2.601564,0.011123,-0.159513,-2.747013,-6.267009,0.319032,-5.337659,0.96748,-16.073045,0.0,1.057385,0.111869
2022-05-25,397.37,395.67,1.0,0.0,0.883495,1.406114,-4.769094,1.911613,2.065667,2.654699,42.343663,-2.417468,0.137871,0.480558,-1.711074,-5.236763,0.37909,-4.769094,1.003924,-20.604468,0.0,1.062622,0.199747
2022-05-26,405.31,402.745,1.0,0.0,1.998138,4.069738,-5.259344,0.983504,2.077583,2.573778,47.872466,-2.062918,0.35389,1.645219,0.228736,-3.216371,0.53532,-5.259344,0.930434,-24.943985,0.0,1.079642,0.400253
2022-05-27,415.26,411.54,1.0,0.0,2.454911,6.578036,0.791262,1.058826,2.045613,2.500492,53.845383,-1.564491,0.635526,2.722767,2.426926,-0.807728,0.78035,0.791262,0.955658,-26.212191,0.0,1.072104,0.651515
2022-05-31,412.93,413.245,0.0,1.0,-0.561094,4.033558,-0.373963,1.146965,1.965038,2.386943,52.333167,-1.246638,0.772634,1.420765,1.672862,-1.31149,0.752588,-0.373963,1.042867,-23.674253,0.0,1.067967,0.592677
2022-06-01,409.59,411.585,0.0,0.0,-0.808854,3.985884,-1.630722,1.302147,1.965315,2.38862,50.158537,-1.049497,0.788993,0.39948,0.768857,-2.02868,0.706468,-1.630722,0.928405,-23.023982,0.0,1.070991,0.508333
2022-06-02,417.39,412.24,0.0,0.0,1.904343,5.038126,-2.719899,1.313164,1.96996,2.363675,54.87443,-0.70969,0.875555,1.529172,2.425648,-0.156588,0.939637,-2.719899,0.834528,-21.433305,1.0,1.080392,0.705303
2022-06-03,410.54,411.775,0.0,0.0,-1.641151,1.29037,-0.790218,1.388511,1.894194,2.338622,50.367277,-0.59136,0.816268,-0.091425,0.673288,-1.725986,0.846438,-0.790218,0.746864,-22.417231,1.0,1.02949,0.754744
2022-06-06,411.79,413.58,0.0,0.0,0.304477,-0.835621,0.109399,1.609475,1.762029,2.217193,51.155684,-0.456955,0.75712,0.141749,0.885673,-1.37158,0.923485,0.109399,0.593702,-22.319193,0.0,1.044522,0.799499
2022-06-07,415.74,411.915,0.0,0.0,0.959227,0.680503,4.412688,1.204404,1.758325,2.179445,53.660662,-0.268753,0.747029,0.7322,1.673927,-0.408891,1.055552,4.412688,0.629661,-24.477849,1.0,1.035616,0.940924
2022-06-08,411.22,413.1,0.0,0.0,-1.087218,0.397959,3.039415,1.255695,1.604097,2.085999,50.470909,-0.210661,0.65303,-0.242279,0.514087,-1.434006,0.935645,3.039415,0.678682,-22.587993,1.0,1.044686,0.779091
2022-06-09,401.44,406.59,0.0,0.0,-2.378289,-3.821366,2.212603,1.302006,1.629544,2.194012,44.330606,-0.358683,0.420839,-1.758531,-1.70076,-3.635412,0.689489,2.212603,0.915947,-22.688252,0.0,1.008283,0.428929
2022-06-10,389.8,392.765,0.0,0.0,-2.899562,-5.051883,-0.647398,1.23214,1.680288,2.358121,38.350386,-0.718689,0.067289,-3.119305,-4.135502,-6.193038,0.385613,-0.647398,1.405732,-21.433273,0.0,1.021938,0.012173
2022-06-13,375.0,377.555,0.0,0.0,-3.796819,-8.934165,-6.651399,1.486862,1.805056,2.71103,32.370924,-1.337839,-0.416673,-4.63686,-7.08728,-9.40817,0.01091,-6.651399,1.813788,-21.343805,0.0,1.074519,0.0
2022-06-14,373.87,374.265,0.0,0.0,-0.301333,-10.071198,-6.553525,1.651903,1.894084,2.618784,31.961177,-1.814966,-0.712813,-3.337597,-6.712713,-9.336949,0.107427,-6.553525,1.108652,-19.210705,0.0,1.099544,0.0
2022-06-15,379.2,378.01,0.0,0.0,1.425629,-7.786586,-7.131661,1.253523,1.894,2.651916,36.071619,-2.022375,-0.748571,-1.314956,-4.895231,-7.753421,0.292931,-7.131661,1.361427,-18.319986,0.0,1.073562,0.122472
2022-06-16,366.65,367.51,0.0,0.0,-3.309599,-8.666301,-6.43342,1.895314,1.85905,2.92684,31.279833,-2.529547,-0.969714,-3.101382,-7.333005,-10.426819,0.100796,-6.43342,1.436661,-16.677494,0.0,1.062224,0.0
2022-06-17,365.86,365.775,0.0,0.0,-0.215464,-6.141611,-6.059672,2.006145,1.79313,2.804832,31.000662,-2.867208,-1.043205,-2.231397,-6.864518,-10.246025,0.162744,-6.059672,1.19013,-14.427886,0.0,1.077466,0.0
2022-06-21,375.07,374.17,0.0,0.0,2.517356,0.018667,-3.736879,1.992833,1.791932,2.75047,37.953194,-2.822925,-0.834969,0.153074,-4.107173,-7.697506,0.352304,-3.736879,0.818532,-9.812939,1.0,1.089073,0.178731
2022-06-22,374.39,374.45,0.0,0.0,-0.181299,0.139086,-5.676207,1.972686,1.893589,2.69221,37.651536,-2.830817,-0.6714,-0.019004,-3.889167,-7.579803,0.368352,-5.676207,0.953142,-4.883862,0.0,1.099145,0.165535
2022-06-23,378.06,375.86,1.0,1.0,0.980261,-0.300633,-4.018889,1.969317,1.83478,2.520089,40.404628,-2.696096,-0.446113,0.638668,-2.673865,-6.42895,0.442971,-4.018889,0.83686,0.239952,0.0,1.108952,0.236755
2022-06-24,390.08,385.73,1.0,0.0,3.17939,6.39029,-1.834562,1.914263,1.850849,2.527974,48.435599,-2.255997,-0.060277,2.526583,0.380311,-3.323013,0.623852,-1.834562,1.03046,4.430163,0.0,1.105259,0.470017
2022-06-27,388.59,389.4,1.0,0.0,-0.381973,6.212759,-4.125237,1.385461,1.98039,2.333815,47.579659,-1.988638,0.172402,1.413248,-0.002818,-3.552641,0.615196,-4.125237,0.704059,6.164492,1.0,1.085373,0.441102
2022-06-28,380.65,386.845,1.0,0.0,-2.043285,1.487722,-8.334537,1.421952,1.923047,2.507231,43.198709,-1.952623,0.202795,-0.440242,-1.854798,-5.318254,0.512966,-8.334537,0.959288,1.713698,0.0,1.070935,0.287017
2022-06-29,380.34,380.345,1.0,0.0,-0.08144,1.589252,-7.892379,1.728629,1.862431,2.309672,43.032112,-1.87768,0.223595,-0.348154,-1.753699,-5.194771,0.506246,-7.892379,0.76427,-6.587919,1.0,1.056293,0.281001
2022-06-30,377.25,376.61,1.0,0.0,-0.812431,-0.214252,-7.895701,1.723399,1.863506,2.304394,41.321497,-1.876373,0.193691,-0.774828,-2.314471,-5.744514,0.458106,-7.895701,1.320246,-8.626443,0.0,1.068736,0.221036
2022-07-01,381.24,377.75,1.0,0.0,1.057654,-2.266202,-8.660965,1.737366,1.863546,2.252531,44.395261,-1.739151,0.247399,0.18292,-1.160684,-4.569944,0.512671,-8.660965,0.902908,-13.111249,0.0,1.075184,0.298467
2022-07-05,381.96,377.44,1.0,0.0,0.188857,-1.706168,-6.961563,1.008303,1.819985,2.265475,44.955598,-1.609102,0.298962,0.247775,-0.882073,-4.224844,0.513074,-6.961563,1.026652,-17.572525,0.0,1.099144,0.322775
2022-07-06,383.25,382.735,1.0,0.0,0.337732,0.683042,-6.930717,1.041569,1.802982,2.174937,46.005452,-1.459573,0.353656,0.390133,-0.495453,-3.75413,0.513489,-6.930717,0.906462,-19.791925,0.0,1.099961,0.348637
2022-07-07,388.99,386.55,1.0,0.0,1.497717,2.274281,-6.43431,0.606583,1.803595,2.082673,50.527036,-1.192691,0.475025,1.254543,0.899245,-2.223964,0.608009,-6.43431,0.833183,-17.728812,1.0,1.096011,0.463713
2022-07-08,388.67,388.15,1.0,0.0,-0.082264,3.02717,-5.483683,0.792642,1.826692,1.977308,50.274276,-0.994258,0.539865,0.777794,0.73793,-2.216033,0.594463,-5.483683,0.950261,-19.647314,0.0,1.095858,0.502866
2022-07-11,384.23,385.185,1.0,0.0,-1.142357,0.784283,-4.287067,0.586285,1.818569,1.912876,46.777707,-0.928425,0.49874,-0.249276,-0.373685,-3.206558,0.460705,-4.287067,0.769681,-19.505424,1.0,1.074287,0.516301
2022-07-12,380.83,382.575,1.0,0.0,-0.884887,-0.295842,-2.30118,0.845782,1.765944,1.923657,44.240273,-0.936137,0.403016,-0.757496,-1.137075,-3.909964,0.321011,-2.30118,0.845236,-22.134721,0.0,1.023794,0.618084
2022-07-13,378.83,378.29,1.0,0.0,-0.525169,-1.153294,1.021333,0.942016,1.663766,1.931495,42.770548,-0.972016,0.299365,-0.856107,-1.500899,-4.248833,0.231355,1.021333,1.154419,-22.16039,0.0,0.970694,0.535508
2022-07-14,377.91,375.045,1.0,0.0,-0.242853,-2.848402,1.08059,0.933295,1.438008,1.960644,42.078053,-1.006995,0.213985,-0.733937,-1.576996,-4.313208,0.153556,1.08059,1.233088,-22.45844,0.0,0.999953,0.497523
2022-07-15,385.13,382.895,1.0,0.0,1.910508,-0.910798,1.563819,0.393323,1.437328,1.921483,49.049943,-0.852381,0.276568,0.772041,0.27441,-2.389978,0.378554,1.563819,1.080611,-20.738306,0.0,1.013943,0.795623
2022-07-18,381.95,384.875,1.0,0.0,-0.825695,-0.593395,4.172917,1.087774,1.463932,1.973429,46.400788,-0.808867,0.263584,-0.040027,-0.501096,-3.074462,0.190594,4.172917,0.879202,-23.198272,0.0,0.978272,0.664327
2022-07-19,392.27,389.13,1.0,0.0,2.701924,3.003965,7.218608,1.037793,1.261804,2.036483,54.9116,-0.530136,0.411281,1.758282,1.974862,-0.437818,0.536176,7.218608,1.095759,-23.261404,0.0,0.975674,1.0
2022-07-20,394.77,393.645,1.0,0.0,0.637316,4.207692,5.252353,1.424392,1.368054,1.930418,56.705072,-0.269827,0.532502,1.591766,2.368865,0.188979,0.601104,5.252353,1.015529,-24.611648,0.0,0.999242,1.0
2022-07-21,398.79,395.235,1.0,0.0,1.018314,5.525125,6.517268,1.311554,1.278111,1.897226,59.495097,0.015636,0.647902,1.735665,3.076421,1.161247,0.709001,6.517268,0.919125,-25.264847,0.0,0.990086,1.0
2022-07-22,395.09,396.465,1.0,0.0,-0.927807,2.58614,4.504576,1.195949,1.283923,1.910406,55.92301,0.164494,0.642145,0.526447,1.914295,0.213916,0.479482,4.504576,1.036254,-26.467782,0.0,0.996515,0.828227
2022-07-25,395.57,394.84,1.0,0.0,0.121491,3.565912,1.407404,1.336406,1.302399,1.76356,56.289658,0.288473,0.612435,0.431453,1.840433,0.322461,0.449054,1.407404,0.778483,-27.597587,1.0,1.012799,0.850511
2022-07-26,390.89,392.005,1.0,0.0,-1.183103,-0.351799,0.591883,1.191374,1.112741,1.738417,51.768094,0.291546,0.49551,-0.505779,0.574679,-0.830838,0.213219,0.591883,0.771046,-26.758383,0.0,1.026399,0.63324
2022-07-27,401.04,398.465,1.0,0.0,2.596638,1.588267,5.356627,0.859787,1.14253,1.867127,59.387553,0.482536,0.54507,1.375624,2.874067,1.67468,0.548638,5.356627,1.214416,-24.847769,0.0,0.999172,1.0
2022-07-28,406.07,402.475,1.0,0.0,1.254239,1.825522,6.765,1.380314,1.16757,1.882155,62.545336,0.723433,0.628154,1.749309,3.752865,2.830965,0.648134,6.765,1.103552,-22.002129,0.0,1.019097,1.0
2022-07-29,411.99,409.9,1.0,0.0,1.457877,4.277506,9.208748,1.40698,1.183759,1.83301,65.905397,1.010179,0.733016,2.13215,4.740211,4.153253,0.74867,9.208748,1.327993,-23.120203,0.0,0.940205,1.0
2022-08-01,410.77,410.905,1.0,0.0,-0.296124,3.842556,7.745777,1.28436,1.177141,1.755949,64.618856,1.211436,0.746759,1.212414,3.991301,3.688491,0.628561,7.745777,1.082767,-22.006342,0.0,0.967627,0.964202
2022-08-02,408.06,409.91,1.0,0.0,-0.659737,4.39254,6.833176,1.341299,1.179077,1.73386,61.735924,1.308966,0.672963,0.362461,2.981064,2.883203,0.491912,6.833176,0.988258,-19.079698,0.0,0.966528,0.884683
2022-08-03,414.45,412.84,1.0,0.0,1.565946,3.343806,8.1409,1.197869,1.200292,1.724654,65.629731,1.466119,0.671937,1.281129,4.138094,4.310454,0.600962,8.1409,1.072631,-18.618307,0.0,0.975405,1.0
2022-08-04,414.17,413.765,1.0,0.0,-0.067559,1.99473,6.473174,0.945118,1.229755,1.581022,65.316081,1.584029,0.631448,0.805215,3.666133,4.066947,0.552001,6.473174,0.726851,-18.891874,1.0,0.961581,0.992337
2022-08-05,413.47,411.875,1.0,0.0,-0.169013,0.359232,6.380734,0.927877,1.206976,1.51991,64.48635,1.646881,0.55415,0.422334,3.147989,3.732774,0.503482,6.380734,0.916071,-18.595075,0.0,0.94618,0.97318
2022-08-08,412.99,414.725,1.0,0.0,-0.116091,0.540448,7.4851,0.772056,1.208574,1.505715,63.887032,1.667931,0.459144,0.203628,2.73196,3.465779,0.466336,7.4851,0.871785,-18.489902,1.0,0.952439,0.960044
2022-08-09,411.35,411.485,1.0,0.0,-0.397104,0.806254,8.014075,0.757993,1.16658,1.399942,61.774581,1.638745,0.340111,-0.129607,2.09803,2.9316,0.416109,8.014075,0.71304,-14.396125,1.0,0.938192,0.915161
2022-08-10,419.99,418.43,1.0,0.0,2.100401,1.336711,10.865032,0.710388,1.145025,1.467378,67.812834,1.72335,0.361145,1.303496,3.823004,4.884073,0.569407,10.865032,1.093014,-13.893003,0.0,0.903199,1.0
2022-08-11,419.99,422.08,1.0,0.0,0.0,1.40522,11.134926,0.922078,1.182175,1.453954,67.812834,1.796409,0.347363,0.865238,3.44636,4.68357,0.557538,11.134926,0.972624,-15.92343,0.0,0.871777,1.0
2022-08-12,427.1,424.12,1.0,0.0,1.692897,3.296491,10.897619,0.917514,1.175464,1.464512,72.02963,1.935458,0.408428,1.700605,4.679428,6.186925,0.705126,10.897619,1.02802,-17.973298,0.0,0.889575,1.0
2022-08-15,428.86,427.06,0.0,1.0,0.412081,3.842708,12.281712,1.029266,1.163639,1.410159,72.973511,2.070115,0.439481,1.403215,4.601652,6.348226,0.747302,12.281712,0.888703,-15.399559,1.0,0.896185,1.0
2022-08-16,429.7,429.305,0.0,0.0,0.195868,4.460921,9.541897,0.97,1.122326,1.370241,73.434289,2.169622,0.433741,1.062216,4.328952,6.283254,0.784088,9.541897,0.978597,-15.436559,0.0,0.898797,1.0
2022-08-17,426.65,427.02,0.0,0.0,-0.709798,1.585752,8.075588,0.84989,1.013879,1.357288,68.84466,2.184916,0.3493,0.229655,3.235614,5.300547,0.720459,8.075588,1.030258,-12.790399,0.0,0.919591,0.921412
2022-08-18,427.89,427.055,0.0,0.0,0.290636,1.880997,7.297074,0.783786,1.044275,1.269817,69.674497,2.176706,0.277128,0.346704,3.18819,5.374905,0.770387,7.297074,0.789334,-12.048245,1.0,0.935668,0.953363
2022-08-19,422.14,423.24,0.0,0.0,-1.343803,-1.161321,6.846541,0.768663,1.034536,1.326171,61.494921,2.071061,0.116487,-0.670076,1.627176,3.797728,0.6609,6.846541,1.066744,-8.482983,0.0,0.925987,0.805205
2022-08-22,413.35,414.815,0.0,0.0,-2.082248,-3.616565,4.49478,0.68344,1.063945,1.48797,51.534826,1.813108,-0.146425,-1.842398,-0.442592,1.571221,0.490023,4.49478,1.178955,-4.340415,0.0,0.954079,0.578717
2022-08-23,412.35,413.595,0.0,0.0,-0.241926,-4.037701,5.490036,0.906054,1.187525,1.410724,50.532088,1.540268,-0.339214,-1.396258,-0.61876,1.272852,0.491933,5.490036,0.73248,-2.371702,0.0,0.951217,0.55295
2022-08-24,413.67,413.25,0.0,0.0,0.320116,-3.042306,3.149312,0.830353,1.148724,1.338629,51.863522,1.326795,-0.437351,-0.723012,-0.272071,1.533454,0.552507,3.149312,0.719592,0.792556,0.0,0.953963,0.440684
2022-08-25,419.51,416.825,0.0,0.0,1.411753,-1.958447,3.309774,0.950548,1.018342,1.331197,57.334849,1.243341,-0.396997,0.451335,1.026555,2.847196,0.794395,3.309774,0.73884,2.869231,0.0,0.97747,0.568769
2022-08-26,405.31,412.605,0.0,0.0,-3.384901,-3.986829,-1.621399,1.228488,1.027341,1.678033,44.184238,0.940057,-0.6062,-1.985411,-2.170126,-0.609366,0.314124,-1.621399,1.476681,6.555342,0.0,1.019753,0.0
2022-08-29,402.63,403.52,0.0,0.0,-0.661222,-2.593444,-1.981644,1.719519,1.242927,1.617632,42.216182,0.60888,-0.758136,-1.771219,-2.55557,-1.217495,0.260295,-1.981644,0.931367,8.571378,0.0,1.030074,0.0
2022-08-30,398.21,400.05,0.0,0.0,-1.097782,-3.429126,-2.413861,1.596372,1.248723,1.688723,39.121225,0.252772,-0.903534,-1.917922,-3.291395,-2.213639,0.193592,-2.413861,1.163235,14.712515,0.0,1.050337,0.0
2022-08-31,395.18,398.14,0.0,0.0,-0.760905,-4.469746,-4.649536,1.604183,1.262254,1.683969,37.112586,-0.095834,-1.008804,-1.79207,-3.657737,-2.845012,0.186094,-4.649536,1.014816,18.490809,0.0,1.055121,0.0
2022-09-01,396.42,393.41,0.0,0.0,0.313781,-5.50404,-4.28568,1.525412,1.208116,1.68157,38.504137,-0.343277,-1.002713,-0.994193,-3.0456,-2.442977,0.302529,-4.28568,1.034377,21.187802,0.0,1.075538,0.035921
2022-09-02,392.24,395.945,0.0,0.0,-1.054437,-3.224692,-5.134593,1.226818,1.213533,1.85463,35.641107,-0.624161,-1.0325,-1.368059,-3.694817,-3.340059,0.270198,-5.134593,1.263945,27.097735,0.0,1.092768,0.0
2022-09-06,390.76,391.27,0.0,0.0,-0.37732,-2.948116,-5.382697,0.510951,1.227253,1.807927,34.65846,-0.867621,-1.022005,-1.166914,-3.685947,-3.56467,0.295655,-5.382697,0.968997,27.953146,0.0,1.108379,0.0
2022-09-07,397.78,394.395,0.0,0.0,1.796499,-0.107983,-3.298894,0.52243,1.227089,1.820446,42.724748,-0.887374,-0.831227,0.404926,-1.772714,-1.761624,0.478059,-3.298894,0.897505,25.476611,0.0,1.137632,0.180277
2022-09-08,400.38,397.49,0.0,0.0,0.653628,1.315856,-4.669159,1.015647,1.306195,1.791927,45.412554,-0.847057,-0.633019,0.704973,-1.024093,-1.076081,0.561181,-4.669159,0.986227,30.447869,0.0,1.109428,0.247047
2022-09-09,406.6,404.985,0.0,0.0,1.553524,2.567983,-3.188171,0.964612,1.216011,1.763055,51.300421,-0.675902,-0.372111,1.501607,0.464388,0.442578,0.714944,-3.188171,0.913556,37.278419,0.0,1.103299,0.40678
2022-09-12,410.97,410.095,0.0,0.0,1.074766,4.775138,-3.776633,1.095386,1.276426,1.678169,54.974899,-0.453645,-0.122467,1.713534,1.395033,1.461539,0.849224,-3.776633,0.791181,45.860905,1.0,1.095946,0.519004
2022-09-13,393.1,397.51,0.0,0.0,-4.348249,0.598833,-8.338385,0.767529,1.238252,2.166676,41.263914,-0.655337,-0.247284,-1.822609,-2.73469,-2.837849,0.550625,-8.338385,1.413021,43.068511,0.0,1.110083,0.060092
2022-09-14,394.6,393.66,0.0,0.0,0.381582,-0.799437,-8.16849,2.281396,1.524999,2.042298,42.558939,-0.756407,-0.279924,-0.970003,-2.143268,-2.372642,0.622743,-8.16849,0.953648,47.15715,0.0,1.088008,0.098613
2022-09-15,390.12,392.37,0.0,0.0,-1.135327,-2.562566,-8.562053,2.142657,1.529296,2.035712,39.740687,-0.930051,-0.358477,-1.406027,-2.953486,-3.349092,0.563574,-8.562053,0.969253,46.545763,0.0,1.097537,0.0
2022-09-16,385.56,384.18,0.0,0.0,-1.168871,-5.174619,-9.892729,2.130097,1.536217,2.06215,37.051238,-1.155441,-0.461686,-1.720313,-3.712972,-4.310748,0.499382,-9.892729,1.117331,48.549764,0.0,1.092592,0.0
2022-09-19,388.55,385.365,0.0,0.0,0.775495,-5.455386,-7.957076,1.868868,1.534698,1.992034,39.922235,-1.238774,-0.440286,-0.640819,-2.691372,-3.433539,0.62083,-7.957076,0.763251,50.574947,0.0,1.095689,0.081739
2022-09-20,384.09,383.66,0.0,0.0,-1.147857,-2.292038,-7.078747,1.803867,1.546421,2.001625,37.197012,-1.404602,-0.477474,-1.194641,-3.45818,-4.371654,0.546043,-7.078747,0.809037,44.934187,0.0,1.089091,0.0
2022-09-21,377.39,383.345,0.0,0.0,-1.744383,-4.361379,-8.478235,0.85632,1.508593,2.187031,33.497656,-1.675631,-0.585634,-1.964566,-4.675399,-5.816702,0.387922,-8.478235,1.102038,44.486018,0.0,1.135535,0.0
2022-09-22,374.22,375.87,0.0,0.0,-0.83998,-4.075669,-9.536587,0.861176,1.538215,2.084643,31.882057,-1.932582,-0.666682,-1.876132,-4.980548,-6.365186,0.341617,-9.536587,0.915621,42.985338,0.0,1.107184,0.0
2022-09-23,367.95,366.955,0.0,0.0,-1.675485,-4.567383,-12.290529,0.852005,1.53069,2.233546,28.911842,-2.272485,-0.78801,-2.374652,-5.984082,-7.646677,0.232115,-12.290529,1.251073,41.834525,0.0,1.090208,0.0
2022-09-26,364.31,366.62,0.0,0.0,-0.989265,-6.238579,-10.115714,0.914679,1.486349,2.21786,27.320552,-2.591646,-0.873871,-2.252026,-6.297124,-8.252301,0.199052,-10.115714,0.931891,42.311725,0.0,1.056373,0.0
2022-09-27,363.38,365.635,0.0,0.0,-0.255277,-5.391965,-9.748404,0.365421,1.350862,2.276745,26.912982,-2.821945,-0.879819,-1.681726,-5.950864,-8.180934,0.264345,-9.748404,1.086341,42.028569,0.0,1.090908,0.0
2022-09-28,370.53,367.45,0.0,0.0,1.967637,-1.817748,-6.951106,0.554948,1.351676,2.284153,34.9479,-2.753874,-0.67938,0.168405,-3.724355,-6.139644,0.455967,-6.951106,1.128748,33.315061,0.0,1.074324,0.150242
2022-09-29,362.79,363.405,0.0,0.0,-2.0889,-3.054353,-8.196265,1.247855,1.445972,2.419859,30.97772,-2.93987,-0.656894,-1.290954,-5.217724,-7.807435,0.347354,-8.196265,1.155378,30.48936,0.0,1.092691,0.0
2022-09-30,357.18,361.475,0.0,0.0,-1.546349,-2.927028,-9.898592,1.430823,1.493085,2.461263,28.454545,-3.178566,-0.687786,-1.896033,-6.085611,-8.90321,0.27906,-9.898592,1.525772,32.342368,0.0,1.093659,0.0
2022-10-03,366.61,363.88,0.0,0.0,2.640125,0.63133,-6.534265,1.412372,1.502669,2.491746,37.648057,-3.00328,-0.461254,0.461622,-3.273955,-6.259262,0.472236,-6.534265,0.881904,29.114118,1.0,1.091556,0.175311
2022-10-04,377.97,372.285,0.0,0.0,3.098661,4.015081,-3.273109,1.873971,1.644583,2.497815,46.55727,-2.568988,-0.082691,2.354997,-0.250452,-3.227249,0.673502,-3.273109,1.0081,29.942056,0.0,1.115791,0.386503
2022-10-05,377.09,375.205,0.0,0.0,-0.232823,1.770437,-5.201368,2.18556,1.805528,2.470725,46.008842,-2.294088,0.158408,1.401241,-0.436922,-3.321661,0.670828,-5.201368,0.848705,31.234272,1.0,1.093131,0.370143
2022-10-06,373.2,375.7,0.0,0.0,-1.031584,2.869429,-6.788551,2.129833,1.749444,2.379406,43.565808,-2.152366,0.260555,0.236521,-1.32642,-4.156648,0.618175,-6.788551,0.803922,24.971644,1.0,1.068713,0.297825
2022-10-07,362.79,367.115,0.0,0.0,-2.789389,1.570637,-10.774717,1.916604,1.744403,2.575214,37.783788,-2.2843,0.158287,-1.720993,-3.704743,-6.579869,0.449664,-10.774717,1.053092,21.902122,0.0,1.057757,0.104294
2022-10-10,360.02,360.94,1.0,1.0,-0.763527,-1.797551,-12.397499,2.231734,1.765897,2.491233,36.399449,-2.392422,0.055166,-1.661272,-4.034187,-7.027249,0.387861,-12.397499,0.739789,17.426662,0.0,1.039162,0.052798
2022-10-11,357.74,359.37,1.0,0.0,-0.633298,-5.352277,-8.995167,1.923173,1.726187,2.445652,35.254487,-2.502467,-0.031424,-1.534382,-4.218497,-7.339296,0.30174,-8.995167,0.902864,17.725036,0.0,1.007149,0.014965
2022-10-12,356.56,358.06,1.0,0.0,-0.329848,-5.444324,-9.640142,0.887834,1.503132,2.258208,34.64706,-2.583053,-0.083066,-1.247175,-4.120374,-7.367221,0.245794,-9.640142,0.762595,13.239693,0.0,1.014998,0.0
2022-10-13,365.97,357.81,1.0,0.0,2.639107,-1.937299,-6.190403,0.869761,1.491191,2.613589,43.070841,-2.338035,0.078137,0.901926,-1.44076,-4.73865,0.442143,-6.190403,1.463406,11.293393,0.0,0.992266,0.280393
2022-10-14,357.63,363.61,1.0,0.0,-2.278875,-1.42231,-7.244009,1.73976,1.630485,2.81379,38.352429,-2.40813,0.051511,-0.936029,-3.347432,-6.656612,0.193038,-7.244009,1.248916,7.38742,0.0,0.989035,0.033448
2022-10-17,366.82,362.63,1.0,0.0,2.569695,1.888784,-5.592588,1.604841,1.677143,2.766451,45.444676,-2.133083,0.211949,1.067348,-0.782137,-4.097835,0.389425,-5.592588,0.966425,0.413098,0.0,0.993642,0.320725
2022-10-18,371.13,371.485,1.0,0.0,1.174963,3.742942,-3.374209,1.923419,1.78036,2.679792,48.440544,-1.825373,0.39394,1.492021,0.346973,-2.857839,0.47824,-3.374209,1.00428,1.292084,0.0,0.998956,0.529241
2022-10-19,368.5,368.7,1.0,0.0,-0.708647,3.348665,-2.355653,1.86551,1.795111,2.567013,46.753363,-1.651127,0.467221,0.513877,-0.329567,-3.41191,0.366897,-2.355653,0.832092,-1.057062,1.0,0.979017,0.557683
2022-10-20,365.41,368.64,1.0,0.0,-0.838535,-0.153018,-2.35423,1.915062,1.763181,2.537656,44.779926,-1.565606,0.456524,-0.219552,-1.055525,-4.062999,0.240933,-2.35423,0.902826,0.06883,0.0,0.986642,0.413358
2022-10-21,374.29,369.17,1.0,0.0,2.430147,4.658446,1.72306,1.695944,1.76315,2.548239,51.159995,-1.245691,0.582771,1.459445,1.218931,-1.664814,0.597285,1.72306,1.336805,0.235188,0.0,0.951524,0.828118
2022-10-24,378.87,376.585,1.0,0.0,1.22365,3.28499,3.996596,1.470498,1.806655,2.426363,54.105286,-0.901309,0.724039,1.784569,2.218258,-0.443516,0.746229,3.996596,0.873504,-1.548446,1.0,0.972922,1.0
2022-10-25,384.92,381.96,1.0,0.0,1.596854,3.715679,5.927679,1.251802,1.804214,2.297723,57.731427,-0.49769,0.88169,2.247731,3.471087,1.100809,0.907853,5.927679,0.809331,-2.272578,1.0,0.971045,1.0
2022-10-26,382.02,384.465,1.0,0.0,-0.753403,3.668928,3.100963,1.297309,1.825246,2.223917,55.469074,-0.248866,0.912788,0.980102,2.42897,0.32577,0.727217,3.100963,1.072739,-1.155554,0.0,0.977676,0.897743
2022-10-27,379.98,382.165,1.0,0.0,-0.534003,3.987302,4.738278,1.307394,1.797441,2.1367,53.869846,-0.091208,0.861346,0.293479,1.699712,-0.201755,0.626264,4.738278,0.844159,-0.672607,1.0,0.965248,0.825811
2022-10-28,389.02,384.6,1.0,0.0,2.379073,3.935451,8.914273,1.238078,1.730482,2.146033,59.449178,0.218973,0.919513,1.770542,3.712351,2.085544,0.83932,8.914273,1.03602,-3.899542,0.0,0.918438,1.0
2022-10-31,386.21,386.83,1.0,0.0,-0.722328,1.93734,5.346281,1.224664,1.738582,2.003236,57.135894,0.403127,0.887011,0.687909,2.673453,1.294599,0.689294,5.346281,1.013758,-6.343341,0.0,0.949156,0.913432
2022-11-01,384.52,386.84,1.0,0.0,-0.437586,-0.103918,1.732942,1.3275,1.679555,1.989963,55.731311,0.508884,0.795916,0.164739,2.008089,0.817689,0.600306,1.732942,0.906118,-8.284209,0.0,0.946317,0.861368
2022-11-02,374.87,381.695,1.0,0.0,-2.509622,-1.87163,-0.588719,1.202087,1.554447,2.262357,48.412784,0.394251,0.550938,-1.57837,-0.499627,-1.646405,0.325557,-0.588719,1.350125,-9.354362,0.0,0.966254,0.564079
2022-11-03,371.01,371.495,1.0,0.0,-1.02969,-2.360651,-0.586817,1.567855,1.654646,2.199611,45.820803,0.209702,0.294415,-1.74293,-1.381018,-2.55753,0.195839,-0.586817,0.931589,-8.708183,0.0,0.97048,0.445163
2022-11-04,376.35,374.435,1.0,0.0,1.439314,-3.256902,3.737699,1.590916,1.654588,2.193527,49.823142,0.171852,0.204291,-0.219375,0.034759,-1.110234,0.292366,3.737699,1.115274,-9.328615,0.0,0.949176,0.609673
2022-11-07,379.95,378.05,1.0,0.0,0.956556,-1.62088,5.535804,1.266327,1.55376,2.05991,52.377263,0.216803,0.199147,0.488857,0.896359,-0.157865,0.351948,5.535804,0.751221,-11.566024,0.0,0.983961,0.720579
2022-11-08,382.0,381.42,1.0,0.0,0.539545,-0.655363,6.781461,1.416802,1.545871,2.033965,53.818844,0.29229,0.219783,0.685006,1.30174,0.365839,0.379992,6.781461,0.948982,-12.926709,0.0,0.982252,0.783734
2022-11-09,374.13,377.375,1.0,0.0,-2.060209,-0.197402,4.927642,1.453497,1.532235,2.098855,47.832603,0.18855,0.091614,-0.93052,-0.71103,-1.636258,0.133873,4.927642,0.88926,-12.568951,0.0,0.99062,0.541282
2022-11-10,394.69,390.34,1.0,0.0,5.495416,6.382577,7.847638,1.309785,1.614289,2.43063,60.266553,0.510626,0.334992,2.964569,4.274061,3.616081,0.697147,7.847638,1.635718,-14.057395,0.0,0.959971,1.0
2022-11-11,398.51,396.48,1.0,0.0,0.967848,5.888136,11.430808,2.433303,1.916971,2.278402,62.075218,0.833976,0.528021,2.606326,4.756175,4.429769,0.75958,11.430808,1.118366,-15.309013,0.0,0.952482,1.0
2022-11-14,395.12,397.505,1.0,0.0,-0.850669,3.992631,7.714956,2.43421,1.818468,2.172092,59.487319,1.022483,0.571122,1.149018,3.484122,3.397819,0.652371,7.714956,0.873814,-14.644506,1.0,0.956021,0.897583
2022-11-15,398.49,398.4,1.0,0.0,0.852905,4.316754,7.37208,2.570866,1.78179,2.128214,61.218218,1.210627,0.610467,1.332216,3.934501,4.104984,0.731782,7.37208,1.163899,-17.238302,0.0,0.956008,0.999396
2022-11-16,395.45,396.285,1.0,0.0,-0.76288,5.698554,7.313433,2.567121,1.776051,1.983384,58.778566,1.300074,0.55624,0.372088,2.833926,3.176829,0.606735,7.313433,0.825116,-13.366301,1.0,0.957954,0.907553
2022-11-17,394.24,392.545,1.0,0.0,-0.305981,-0.114014,7.889768,2.309347,1.777739,1.903795,57.791362,1.3277,0.465266,0.043303,2.273887,2.745846,0.531478,7.889768,0.925428,-17.677488,0.0,0.94565,0.870997
2022-11-18,396.03,395.425,1.0,0.0,0.454038,-0.622318,5.80833,0.782493,1.763381,1.803092,58.891314,1.361127,0.402073,0.331143,2.47102,3.082493,0.533797,5.80833,1.155589,-17.967285,0.0,0.943399,0.909818
2022-11-21,394.59,394.24,1.0,0.0,-0.363609,-0.134136,4.14918,0.671981,1.700876,1.682256,57.591079,1.352418,0.311891,-0.022449,1.89479,2.598733,0.458209,4.14918,0.647823,-19.12775,0.0,0.946582,0.857455
2022-11-22,399.9,397.61,1.0,0.0,1.345701,0.353836,3.891718,0.589622,1.692796,1.621308,61.009648,1.414604,0.310315,0.878094,2.945779,3.817393,0.591901,3.891718,0.759302,-18.308749,1.0,0.959417,1.0
2022-11-23,402.42,401.12,1.0,0.0,0.630158,1.762549,5.340035,0.748051,1.683423,1.516276,62.552419,1.502078,0.323763,1.004123,3.241071,4.288728,0.641148,5.340035,0.867924,-18.942949,1.0,0.942246,1.0
2022-11-25,402.33,402.225,1.0,0.0,-0.022365,2.05205,5.881889,0.635651,1.670999,1.359802,62.457368,1.558998,0.304336,0.652222,2.902611,4.09129,0.602945,5.881889,0.392809,-19.920062,1.0,0.920258,0.997135
2022-11-28,395.91,397.96,1.0,0.0,-1.595705,-0.030301,1.771117,0.585038,1.662324,1.440758,55.928728,1.481919,0.165529,-0.637955,1.139165,2.332771,0.438886,1.771117,0.907982,-22.779364,0.0,0.91757,0.792741
2022-11-29,395.23,395.3,1.0,0.0,-0.171756,0.162194,2.335517,0.988634,1.639297,1.385748,55.269729,1.373492,0.04387,-0.540534,0.872702,2.070668,0.42182,2.335517,0.708431,-22.53531,1.0,0.893673,0.771092
2022-11-30,407.68,400.58,0.0,1.0,3.150065,1.945486,6.023094,0.977483,1.629834,1.628722,63.702524,1.475694,0.149342,1.713528,3.650438,5.068161,0.725845,6.023094,1.891412,-18.909485,0.0,0.853327,1.0
2022-12-01,407.38,407.375,0.0,0.0,-0.073587,1.232543,8.67234,1.555888,1.750608,1.584428,63.392394,1.567096,0.191813,1.086518,3.222797,4.785759,0.70502,8.67234,0.989883,-17.945465,0.0,0.796587,0.991819
2022-12-02,406.91,405.0,0.0,0.0,-0.115371,1.138369,9.676289,1.560353,1.630992,1.562186,62.875939,1.612654,0.188626,0.644512,2.79984,4.473746,0.704183,9.676289,1.071621,-14.82133,0.0,0.813979,0.979002
2022-12-05,399.59,401.55,0.0,0.0,-1.798924,0.929504,6.175103,1.564126,1.602,1.670328,55.317131,1.512252,0.04971,-0.78037,0.859243,2.490071,0.544997,6.175103,0.943629,-11.744777,0.0,0.83183,0.758867
2022-12-06,393.83,395.815,0.0,0.0,-1.441478,-0.354224,3.653112,1.613138,1.65903,1.751484,50.202757,1.296915,-0.149614,-1.484673,-0.538294,0.9726,0.404352,3.653112,0.959601,-10.61196,0.0,0.85644,0.587183
2022-12-07,393.16,393.805,0.0,0.0,-0.170124,-3.561617,2.921466,1.745853,1.694503,1.645001,49.627984,1.08437,-0.291699,-1.107614,-0.640553,0.769174,0.395306,2.921466,0.79996,-7.598832,0.0,0.855933,0.567213
2022-12-08,396.24,395.315,0.0,0.0,0.783396,-2.734548,5.909711,0.744365,1.694319,1.555914,52.329922,0.958739,-0.325307,-0.222177,0.124682,1.49656,0.519402,5.909711,0.729139,-5.630102,0.0,0.856745,0.659016
2022-12-09,393.28,395.385,0.0,0.0,-0.747022,-3.349635,-0.357242,0.945059,1.619872,1.510154,49.577612,0.802391,-0.393056,-0.647113,-0.564247,0.709198,0.426761,-0.357242,0.959406,-1.833358,0.0,0.869803,0.008264
2022-12-12,398.95,396.18,0.0,0.0,1.441721,-0.160164,0.110411,0.920619,1.109946,1.479697,54.51289,0.76902,-0.327549,0.522152,0.785894,2.074634,0.787267,0.110411,0.873162,2.921579,0.0,0.906381,0.39876
2022-12-13,401.97,404.78,0.0,0.0,0.756987,2.066882,1.733651,1.034751,1.135371,1.655551,56.930923,0.797396,-0.232748,0.851752,1.399259,2.732615,0.989787,1.733651,1.446948,3.962095,0.0,0.884927,0.606749
2022-12-14,399.4,400.905,0.0,0.0,-0.639351,1.58714,0.228362,0.774528,1.128344,1.750837,54.286235,0.768982,-0.214233,0.137875,0.678956,1.992767,0.900739,0.228362,1.250169,8.000942,0.0,0.905484,0.429752
2022-12-15,389.63,391.57,0.0,0.0,-2.446169,-1.668181,-1.471741,0.862883,1.124915,1.949318,45.611658,0.552311,-0.364446,-1.553079,-1.616681,-0.482552,0.438041,-1.471741,1.425053,-0.519477,0.0,0.939963,0.0
2022-12-16,383.27,383.81,0.0,0.0,-1.632318,-2.54526,-2.782569,1.346719,1.237504,2.016275,41.016843,0.234772,-0.557758,-2.129124,-2.92467,-2.02604,0.186516,-2.782569,1.444442,3.080144,0.0,0.954566,0.0
2022-12-19,380.02,381.05,0.0,0.0,-0.847966,-4.744956,-4.042623,1.444947,1.283255,1.956759,38.86241,-0.092295,-0.713282,-1.992342,-3.403046,-2.747872,0.154437,-4.042623,0.968758,2.540391,0.0,0.953347,0.0
2022-12-20,380.54,380.04,0.0,0.0,0.136835,-5.331244,-3.560658,1.069963,1.284859,1.847006,39.410777,-0.337687,-0.766261,-1.246543,-2.968604,-2.514835,0.257208,-3.560658,0.897942,4.785991,0.0,0.989149,0.0188
2022-12-21,386.23,385.05,0.0,0.0,1.495244,-3.297446,-3.418355,0.883177,1.28626,1.814321,45.202607,-0.400924,-0.658547,0.153257,-1.375189,-1.016157,0.484897,-3.418355,0.943637,4.085447,0.0,0.973723,0.224512
2022-12-22,380.72,380.49,0.0,0.0,-1.426611,-2.286785,-5.392376,1.374856,1.295467,1.996513,41.104924,-0.571757,-0.666487,-0.853992,-2.523899,-2.335268,0.325217,-5.392376,1.181376,7.756138,0.0,0.968885,0.025307
2022-12-23,382.91,380.545,0.0,0.0,0.575226,-0.093929,-4.826883,1.152237,1.30979,1.895565,43.304801,-0.644942,-0.591304,-0.189298,-1.779548,-1.705113,0.409781,-4.826883,0.700812,9.837834,0.0,1.020331,0.104483
2022-12-27,381.4,381.4,0.0,0.0,-0.394349,0.363139,-3.664974,1.033317,1.321819,1.771683,42.136132,-0.731837,-0.542389,-0.389356,-1.964564,-2.012321,0.372577,-3.664974,0.610331,13.169921,1.0,0.993482,0.049892
2022-12-28,376.66,379.905,1.0,1.0,-1.24279,-1.019604,-4.69853,0.974294,1.285571,1.801512,38.6134,-0.8999,-0.566455,-1.090788,-2.888557,-3.107368,0.253659,-4.69853,0.841373,14.140757,0.0,1.008656,0.0
2022-12-29,383.44,381.715,1.0,0.0,1.800032,-0.722368,-5.94584,1.10495,1.306324,1.801107,45.61704,-0.855118,-0.422055,0.458685,-1.033022,-1.310508,0.448159,-5.94584,0.810791,8.067488,0.0,1.000425,0.218569
2022-12-30,382.43,380.505,1.0,0.0,-0.263405,0.449149,-6.124503,1.200954,1.156066,1.739754,44.797111,-0.845995,-0.329431,0.129298,-1.171939,-1.509804,0.419307,-6.124503,1.045194,4.159198,0.0,1.04241,0.187826
2023-01-03,380.82,382.13,1.0,0.0,-0.420992,-0.54582,-6.411737,1.029111,1.154952,1.815266,43.456228,-0.864661,-0.27673,-0.195016,-1.438936,-1.850369,0.354865,-6.411737,0.964103,-2.512931,0.0,1.033568,0.137521
2023-01-04,383.76,382.94,1.0,0.0,0.772018,0.618773,-3.961561,1.013151,1.154313,1.765472,46.59957,-0.798876,-0.172359,0.38293,-0.613849,-1.050237,0.420725,-3.961561,1.121469,-6.447118,0.0,1.04136,0.280522
2023-01-05,379.38,380.3,1.0,0.0,-1.141338,0.722137,-3.669096,1.053005,1.125715,1.723466,42.783675,-0.844102,-0.168282,-0.509816,-1.584326,-2.095906,0.255415,-3.669096,0.999871,-5.260467,0.0,1.040541,0.107467
2023-01-06,388.08,384.33,1.0,0.0,2.293215,1.210098,-1.292095,1.027035,1.110909,1.799291,51.312042,-0.664517,-0.003078,1.174205,0.608115,0.143384,0.520919,-1.292095,1.338349,-5.538649,0.0,1.04676,0.451205
2023-01-09,387.86,390.685,1.0,0.0,-0.056689,1.419868,-2.11488,1.191373,1.234876,1.767561,51.104601,-0.535895,0.100735,0.741805,0.498335,0.083214,0.489439,-2.11488,0.946618,-6.183572,0.0,1.028348,0.442513
2023-01-10,390.58,388.46,1.0,0.0,0.701284,2.562891,-0.686534,1.176405,1.219757,1.67074,53.602093,-0.370182,0.209612,0.960888,1.087286,0.754062,0.55097,-0.686534,0.858618,-10.334948,1.0,1.031242,0.54998
2023-01-11,395.52,393.49,1.0,0.0,1.264786,3.064415,-0.859757,1.125441,1.222148,1.599118,57.816366,-0.136434,0.348894,1.480839,2.135695,1.947292,0.698769,-0.859757,0.890313,-10.412503,1.0,1.038601,0.74516
2023-01-12,396.96,395.455,1.0,0.0,0.364078,4.633876,-1.246362,1.16464,1.212084,1.584758,58.985808,0.073409,0.445582,1.225977,2.263329,2.225516,0.717703,-1.246362,1.149975,-8.355088,0.0,1.029973,0.802055
2023-01-13,398.5,396.22,1.0,0.0,0.387948,2.685013,-0.225338,0.814271,1.202219,1.560872,60.25481,0.266506,0.509792,1.07333,2.400637,2.516683,0.740891,-0.225338,0.816439,-9.489063,1.0,1.040194,0.960422
2023-01-17,397.77,398.645,1.0,0.0,-0.183187,2.555046,2.089162,0.438437,1.198114,1.461497,59.317894,0.401099,0.515866,0.59037,1.998075,2.235515,0.67863,2.089162,0.797086,-4.799834,1.0,0.999307,0.966575
2023-01-18,391.49,395.7,1.0,0.0,-1.578802,0.232987,2.144702,0.473908,1.061175,1.588021,51.848783,0.381677,0.398628,-0.667388,0.350671,0.596904,0.376887,2.144702,1.264811,-5.069087,0.0,0.984533,0.679029
2023-01-19,388.64,389.17,1.0,0.0,-0.727988,-1.739482,2.268302,0.937649,1.056839,1.531499,48.843014,0.30119,0.254611,-0.931328,-0.343816,-0.130125,0.213558,2.268302,1.085589,-2.851573,0.0,1.013715,0.548535
2023-01-20,395.88,392.21,1.0,0.0,1.862907,-0.272068,4.031114,0.739608,1.051702,1.561016,55.845752,0.374142,0.262733,0.607634,1.366651,1.661373,0.423828,4.031114,1.134968,-2.409848,0.0,1.006303,0.880037
2023-01-23,400.63,399.185,1.0,0.0,1.199859,0.534504,3.728348,1.154611,1.118434,1.567477,59.739615,0.520817,0.328583,1.202581,2.331182,2.765054,0.543097,3.728348,1.029367,-1.278468,0.0,1.000324,1.0
2023-01-24,400.2,399.395,1.0,0.0,-0.107331,0.610906,5.116621,1.257028,1.103131,1.476881,59.230387,0.625382,0.346353,0.726656,2.005549,2.547995,0.486689,5.116621,0.747964,-6.096606,1.0,0.959275,0.982061
2023-01-25,400.35,397.13,1.0,0.0,0.037481,2.263148,4.554595,1.253797,1.042302,1.517276,59.360525,0.702468,0.338835,0.508311,1.845544,2.482484,0.446108,4.554595,1.054295,-5.828515,0.0,0.968419,0.988319
2023-01-26,404.75,402.475,1.0,0.0,1.099038,4.145224,6.122181,0.940956,1.040635,1.461765,63.083074,0.833553,0.379098,1.06954,2.674944,3.462384,0.55874,6.122181,0.892694,-4.290744,1.0,0.99337,1.0
2023-01-27,405.68,405.8,1.0,0.0,0.229771,2.475498,7.704561,0.745932,1.046835,1.419089,63.837073,0.948887,0.396379,0.864097,2.626356,3.549858,0.566997,7.704561,0.83894,-3.338062,1.0,0.992375,1.0
2023-01-30,400.59,402.705,1.0,0.0,-1.254683,-0.009984,4.472668,0.548472,0.985514,1.425239,56.977907,0.941659,0.305705,-0.267978,1.209681,2.160468,0.389216,4.472668,0.921788,-2.544207,0.0,0.985937,0.806464
2023-01-31,406.48,403.65,1.0,0.0,1.470331,1.569215,6.288733,0.754696,0.989781,1.412152,62.0583,1.018139,0.31312,0.795764,2.43461,3.513888,0.554016,6.288733,1.077759,0.198222,0.0,0.963009,1.0
2023-02-01,410.8,408.01,1.0,0.0,1.062783,2.610216,7.872486,0.948439,1.018802,1.578408,65.295331,1.149709,0.361683,1.236971,3.177057,4.425068,0.667877,7.872486,1.239817,5.405083,0.0,0.955229,1.0
2023-02-02,416.78,415.595,1.0,0.0,1.455696,2.972205,8.604336,0.976397,1.01685,1.588581,69.211174,1.344628,0.454327,1.790934,4.214602,5.698749,0.820134,8.604336,1.271791,4.311616,0.0,0.940201,1.0
2023-02-03,412.35,414.03,1.0,0.0,-1.062911,1.644153,8.690495,1.027669,1.04051,1.581691,63.495499,1.425302,0.420349,0.471543,2.802706,4.38797,0.637423,8.690495,1.193101,3.148105,0.0,0.966491,0.881551
2023-02-06,409.83,409.695,1.0,0.0,-0.611131,2.306598,5.604515,1.229297,1.034754,1.517496,60.437889,1.420879,0.327798,-0.095025,1.96329,3.597672,0.550381,5.604515,0.760571,1.833071,1.0,0.947326,0.759682
2023-02-07,415.19,412.03,1.0,0.0,1.307859,2.142787,7.046357,1.080931,0.96342,1.58464,64.368191,1.479339,0.320295,0.804479,2.973507,4.749141,0.724705,7.046357,1.148869,1.34398,0.0,0.959255,0.945021
2023-02-08,410.65,412.23,0.0,1.0,-1.093475,-0.036514,5.138512,1.052221,0.985393,1.559324,59.019836,1.451294,0.223549,-0.198726,1.668627,3.457526,0.582113,5.138512,0.947972,5.637128,0.0,0.956987,0.782161
2023-02-09,407.09,410.19,0.0,0.0,-0.866918,-2.324968,2.925263,1.142672,1.02967,1.650147,55.15016,1.342451,0.083175,-0.711805,0.711734,2.457749,0.467787,2.925263,0.971743,4.673738,0.0,0.9521,0.65565
2023-02-10,408.04,406.725,0.0,0.0,0.233364,-1.045229,2.791213,0.90315,1.030076,1.538878,55.979607,1.247637,-0.006965,-0.320582,0.855819,2.588352,0.512766,2.791213,0.854928,5.585266,0.0,0.951043,0.68941
2023-02-13,412.83,410.605,0.0,0.0,1.173905,0.732011,3.595985,0.880155,1.029109,1.477446,59.996771,1.240664,0.000495,0.564774,1.841928,3.638499,0.688111,3.595985,0.778493,6.531146,1.0,0.965377,0.85963
2023-02-14,412.64,411.78,0.0,0.0,-0.046024,-0.614177,3.738341,0.997629,1.052452,1.492365,59.763797,1.229299,-0.009153,0.345064,1.621327,3.445133,0.686056,3.738341,1.046085,7.455263,0.0,0.986771,0.852878
2023-02-15,413.98,411.765,0.0,0.0,0.324738,0.81091,5.744719,0.813642,1.050493,1.43703,60.916476,1.227855,-0.005271,0.446284,1.762215,3.627404,0.750007,5.744719,0.722993,8.083492,1.0,0.956847,0.900498
2023-02-16,408.28,410.525,0.0,0.0,-1.376878,0.292319,5.05352,0.65688,0.969075,1.453532,53.849585,1.121453,-0.10311,-0.626449,0.326573,2.11246,0.588318,5.05352,0.906408,5.268938,0.0,0.953603,0.697939
2023-02-17,407.26,405.78,0.0,0.0,-0.249829,-0.191158,2.874608,0.826652,1.012323,1.401369,52.672023,0.994435,-0.186557,-0.584847,0.068692,1.783218,0.592147,2.874608,1.065806,3.533028,0.0,0.970651,0.544498
2023-02-21,399.09,401.49,0.0,0.0,-2.006089,-3.328246,-0.384395,0.829189,0.946817,1.521358,44.313268,0.736123,-0.375236,-1.73438,-1.757375,-0.248527,0.213588,-0.384395,1.000075,1.066885,0.0,0.98243,0.0
2023-02-22,398.54,399.075,0.0,0.0,-0.137814,-3.417022,-0.414793,0.876379,1.023182,1.457832,43.809243,0.499097,-0.491036,-1.254354,-1.715596,-0.370917,0.222116,-0.414793,0.984619,6.870789,0.0,1.013181,0.0
2023-02-23,400.66,399.225,0.0,0.0,0.531942,-3.217547,0.077432,0.863973,1.023342,1.454775,46.342655,0.347496,-0.509919,-0.48724,-1.080409,0.152805,0.369601,0.077432,1.142502,4.730776,0.0,0.991355,0.116228
2023-02-24,396.38,395.445,0.0,0.0,-1.068237,-2.914666,-2.067943,0.91507,1.030274,1.510556,42.205492,0.143142,-0.578825,-1.038884,-1.937515,-0.881418,0.209602,-2.067943,1.257721,6.23332,0.0,1.008573,0.0
2023-02-27,397.73,399.02,0.0,0.0,0.340582,-2.340028,-1.959673,0.873256,1.023902,1.469306,43.90651,0.005615,-0.571121,-0.46899,-1.453033,-0.522623,0.34196,-1.959673,0.878677,12.378886,0.0,1.003833,0.066176
2023-02-28,396.26,397.715,0.0,0.0,-0.369597,-0.709113,-1.080906,0.947493,1.025964,1.38344,42.441694,-0.131789,-0.568531,-0.559464,-1.647039,-0.855674,0.338161,-1.080906,1.005584,19.137339,0.0,1.011912,0.0
2023-03-01,394.74,395.035,0.0,0.0,-0.383587,-0.95348,-2.888211,0.565121,0.993504,1.315402,40.92144,-0.269589,-0.566411,-0.629243,-1.835054,-1.188084,0.327663,-2.888211,0.995624,24.329005,0.0,1.011866,0.0
2023-03-02,397.81,395.51,0.0,0.0,0.777727,-0.711326,-3.162123,0.573367,0.931969,1.344384,45.191653,-0.309633,-0.483331,0.095681,-0.970532,-0.403209,0.492454,-3.162123,0.815592,27.545279,0.0,1.012819,0.139292
2023-03-03,404.19,401.74,0.0,0.0,1.603781,1.970332,-3.020778,0.639821,0.915467,1.365781,52.823239,-0.207838,-0.303036,1.127604,0.558528,1.146741,0.746673,-3.020778,0.830903,35.693852,1.0,1.019284,0.428766
2023-03-06,404.47,405.73,0.0,0.0,0.069274,1.694617,-1.910998,0.748517,0.928975,1.296257,53.131679,-0.123933,-0.175252,0.795265,0.568022,1.168534,0.807902,-1.910998,0.651905,40.631079,1.0,1.026823,0.475795
2023-03-07,398.27,401.15,0.0,0.0,-1.53287,0.507243,-2.820682,0.760151,0.90576,1.376597,45.965441,-0.181965,-0.187266,-0.501116,-0.881653,-0.367313,0.605123,-2.820682,0.968301,41.096673,0.0,1.070954,0.172616
2023-03-08,398.92,398.15,0.0,0.0,0.163206,1.058925,-3.918688,1.06033,0.953194,1.295389,46.775939,-0.210484,-0.172621,-0.226074,-0.651773,-0.196695,0.629685,-3.918688,0.665599,41.792192,1.0,1.062238,0.204401
2023-03-09,391.56,396.005,0.0,0.0,-1.844981,-1.571102,-4.648728,1.031924,0.897367,1.51664,39.54322,-0.384941,-0.277093,-1.387482,-2.253421,-1.95969,0.35105,-4.648728,0.984567,41.398336,0.0,1.087801,0.0
2023-03-10,385.91,388.74,0.0,0.0,-1.442946,-4.522625,-5.202781,1.255539,0.948455,1.639091,35.061316,-0.638457,-0.423224,-1.891323,-3.32652,-3.246327,0.151282,-5.202781,1.64775,41.8262,0.0,1.133942,0.0
2023-03-13,385.36,385.52,0.0,0.0,-0.14252,-4.724701,-5.558279,0.855178,0.975618,1.759574,34.649609,-0.837953,-0.49793,-1.363329,-3.144742,-3.255827,0.173854,-5.558279,1.37412,38.719265,0.0,1.13695,0.0
2023-03-14,391.73,390.25,0.0,0.0,1.653,-1.642102,-5.111063,0.809256,0.969495,1.775526,42.99814,-0.83827,-0.403021,0.177932,-1.39876,-1.592714,0.40424,-5.111063,1.307789,37.327068,0.0,1.093523,0.222572
2023-03-15,389.28,386.6,1.0,1.0,-0.625431,-2.416525,-5.661109,1.244528,1.010207,1.823169,40.837264,-0.895132,-0.365715,-0.299523,-1.827002,-2.123427,0.319199,-5.661109,1.533256,33.533735,0.0,1.107251,0.136967
2023-03-16,396.11,391.38,1.0,0.0,1.754521,1.162019,-4.316634,1.222716,1.012052,1.895501,48.593291,-0.771843,-0.201244,0.961847,-0.09459,-0.390296,0.537679,-4.316634,1.282269,31.218253,0.0,1.080019,0.375611
2023-03-17,389.99,391.475,1.0,0.0,-1.545025,1.057241,-4.479769,1.266329,1.099386,1.927015,43.136343,-0.814378,-0.18786,-0.399489,-1.484455,-1.855037,0.281768,-4.479769,1.266761,31.582444,0.0,1.091662,0.202007
2023-03-20,393.74,392.12,1.0,0.0,0.961563,2.17459,-3.319747,1.29381,1.108846,1.795722,47.059419,-0.745063,-0.099609,0.371464,-0.486256,-0.875886,0.41937,-3.319747,0.830469,33.798647,1.0,1.109147,0.382648
2023-03-21,398.91,397.495,1.0,0.0,1.313049,1.832895,-0.045103,1.307427,1.138404,1.725639,51.978373,-0.576034,0.048844,1.119954,0.741695,0.408901,0.645016,-0.045103,0.818775,35.247643,1.0,1.144334,0.709053
2023-03-22,392.11,397.28,1.0,0.0,-1.704645,0.726983,-1.613389,1.25015,1.098743,1.875812,45.933138,-0.590656,0.036046,-0.403334,-0.883501,-1.252267,0.2904,-1.613389,1.01869,28.977917,0.0,1.155158,0.353218
2023-03-23,393.17,394.82,1.0,0.0,0.270332,-0.742218,-1.869415,1.476377,1.160186,1.924498,46.968532,-0.564464,0.048439,-0.089434,-0.557259,-0.947046,0.320832,-1.869415,1.09277,29.65486,0.0,1.137971,0.408687
2023-03-24,395.75,392.62,1.0,0.0,0.656205,1.476961,-0.158938,1.258203,1.154737,1.873996,49.503289,-0.48324,0.100534,0.376745,0.086206,-0.28544,0.400422,-0.158938,1.008178,24.161529,0.0,1.153418,0.543694
2023-03-27,396.49,397.24,1.0,0.0,0.186987,0.69843,-0.311769,1.059273,1.142615,1.73409,50.237967,-0.401312,0.145098,0.375584,0.247256,-0.095109,0.378076,-0.311769,0.7362,9.806716,1.0,1.17005,0.582418
2023-03-28,395.6,395.09,1.0,0.0,-0.22447,-0.829761,-0.166557,1.006412,1.140805,1.600631,49.308784,-0.351954,0.156548,0.100131,0.020113,-0.306879,0.271635,-0.166557,0.657614,-0.310069,0.0,1.145503,0.535845
2023-03-29,401.35,400.14,1.0,0.0,1.453488,2.356482,1.67452,0.819977,1.138949,1.566667,55.0883,-0.189857,0.249088,1.03137,1.331654,1.096867,0.519141,1.67452,0.838367,-7.69475,1.0,1.187014,0.836735
2023-03-30,403.7,403.055,1.0,0.0,0.585524,2.678231,1.480606,0.566421,1.177871,1.448957,57.234345,-0.017832,0.334846,1.076134,1.738457,1.621512,0.573391,1.480606,0.792915,-15.612291,1.0,1.2024,0.959707
2023-03-31,409.39,407.125,1.0,0.0,1.409462,3.44662,1.286524,0.558339,1.172995,1.433722,61.972468,0.22554,0.458653,1.653393,2.861641,2.930561,0.791147,1.286524,1.321097,-21.791332,0.0,1.188507,1.0
2023-04-03,410.95,409.905,1.0,0.0,0.381055,3.647002,1.602097,0.66339,1.161081,1.332907,63.177025,0.442163,0.539513,1.351307,2.93464,3.188323,0.781383,1.602097,0.830763,-27.355487,1.0,1.200209,1.0
2023-04-04,408.67,409.58,1.0,0.0,-0.554812,3.303842,2.611294,0.63849,1.163049,1.314321,60.176805,0.566399,0.531434,0.524619,2.133644,2.510665,0.630461,2.611294,0.836232,-28.797284,1.0,1.155882,0.910903
2023-04-05,407.6,407.29,1.0,0.0,-0.261825,1.557244,2.175875,0.741662,1.113445,1.234316,58.766359,0.636126,0.480855,0.174128,1.6855,2.152442,0.556558,2.175875,0.837727,-30.694499,1.0,1.114399,0.869089
2023-04-06,409.19,407.58,1.0,0.0,0.390088,1.359921,4.502503,0.687698,1.116758,1.189406,60.257043,0.710687,0.444816,0.375889,1.880134,2.448441,0.573542,4.502503,0.838346,-33.126985,1.0,1.129124,0.931223
2023-04-10,409.61,407.83,1.0,0.0,0.102642,0.053738,6.141328,0.676497,1.023038,1.150852,60.661607,0.770339,0.403792,0.318769,1.792298,2.451001,0.553485,6.141328,0.863589,-35.797626,1.0,1.06065,0.947636
2023-04-11,409.72,410.05,1.0,0.0,0.026855,-0.299306,6.321362,0.369763,0.94983,1.070683,60.77423,0.810791,0.355474,0.230208,1.643487,2.379005,0.530616,6.321362,0.828502,-37.670902,0.0,1.048307,0.951934
2023-04-12,408.05,409.805,1.0,0.0,-0.407595,-0.151712,4.166135,0.323155,0.946569,1.086279,58.056721,0.80417,0.277592,-0.118955,1.110827,1.883334,0.460267,4.166135,1.187743,-36.458466,0.0,1.060363,0.866174
2023-04-13,413.47,410.915,1.0,0.0,1.328269,1.440137,6.214036,0.280579,0.906221,1.117749,63.725848,0.881469,0.289435,0.801928,2.214974,3.10575,0.627581,6.214036,1.165345,-34.734443,0.0,0.964996,1.0
2023-04-14,412.46,412.575,1.0,0.0,-0.244274,0.79914,4.127641,0.57948,0.916317,1.133689,62.042968,0.923013,0.263623,0.369778,1.774797,2.738907,0.575296,4.127641,1.050381,-33.393347,0.0,0.99723,0.956985
2023-04-17,413.94,412.525,1.0,0.0,0.358823,1.057103,6.141183,0.611795,0.860172,1.071463,63.561497,0.968501,0.249175,0.485437,1.932241,2.982058,0.6021,6.141183,0.881211,-32.051551,1.0,0.935087,1.0
2023-04-18,414.21,414.25,1.0,0.0,0.065227,1.09587,5.198862,0.615463,0.760703,1.022634,63.845667,1.000239,0.225105,0.366647,1.804938,2.926153,0.604526,5.198862,0.871937,-34.945293,1.0,0.97779,1.0
2023-04-19,414.14,413.62,1.0,0.0,-0.0169,1.492464,3.817904,0.613337,0.746762,0.980442,63.706952,1.013023,0.190207,0.232852,1.614724,2.791506,0.603781,3.817904,0.739069,-33.15057,1.0,0.95787,0.996833
2023-04-20,411.88,411.985,1.0,0.0,-0.545709,-0.38455,5.041953,0.550011,0.707924,0.979658,59.232433,0.973141,0.116648,-0.209638,0.958263,2.141217,0.526241,5.041953,0.998267,-30.743353,0.0,0.901087,0.89457
2023-04-21,412.2,411.425,1.0,1.0,0.077693,-0.063036,4.840145,0.303793,0.587686,0.929568,59.664423,0.931923,0.060876,-0.088111,0.937042,2.131636,0.545327,4.840145,0.948362,-29.08095,0.0,0.92273,0.904468
2023-04-24,412.63,411.835,1.0,0.0,0.104318,-0.316471,4.265319,0.295428,0.588819,0.8846,60.273597,0.896988,0.021479,0.010743,0.942132,2.14852,0.561588,4.265319,0.817803,-26.350238,0.0,0.955714,0.915099
2023-04-25,406.08,408.59,1.0,0.0,-1.587379,-1.962773,2.418724,0.24469,0.581475,0.996053,48.305888,0.745359,-0.115418,-1.056758,-0.597701,0.506264,0.254953,2.418724,1.253695,-22.428572,0.0,1.009496,0.563138
2023-04-26,404.36,405.81,1.0,0.0,-0.423562,-2.36152,2.214358,0.641901,0.701339,1.000792,45.737682,0.57538,-0.231246,-0.98876,-0.922604,0.077396,0.118502,2.214358,1.038308,-18.959956,0.0,1.035307,0.470715
2023-04-27,412.41,409.715,1.0,0.0,1.9908,0.128678,2.7557,0.614184,0.707571,1.119734,57.205273,0.58042,-0.168369,0.652766,0.948896,1.986958,0.555245,2.7557,1.192437,-15.657957,0.0,1.015407,0.860031
2023-04-28,415.93,413.685,1.0,1.0,0.85352,0.904901,3.029477,1.155347,0.765798,1.106799,61.078678,0.6491,-0.074682,1.002851,1.635265,2.742308,0.856262,3.029477,1.158727,-12.37268,0.0,1.007725,1.0
2023-05-01,415.51,416.445,1.0,0.0,-0.100979,0.697962,1.494907,1.202163,0.775775,1.035605,60.376477,0.692004,-0.026007,0.598775,1.384649,2.532467,0.842057,1.494907,0.808903,-9.463234,1.0,0.992487,0.963699
2023-05-02,410.84,411.32,1.0,0.0,-1.12392,1.172183,-0.026767,1.207797,0.721327,1.157296,53.070511,0.634695,-0.073183,-0.355213,0.221766,1.325246,0.449488,-0.026767,1.364974,-6.075879,0.0,1.037678,0.560069
2023-05-03,408.02,410.82,1.0,0.0,-0.686399,0.905134,-0.159053,1.082457,0.762962,1.209259,49.198979,0.525248,-0.150017,-0.69519,-0.421947,0.604905,0.236251,-0.159053,1.205983,-4.704215,0.0,1.054892,0.316335
2023-05-04,405.13,405.505,1.0,0.0,-0.708299,-1.765234,-0.605986,1.119126,0.76828,1.196361,45.533005,0.376239,-0.243075,-0.936744,-1.020995,-0.10346,0.001529,-0.605986,1.224523,-0.422499,0.0,1.075037,0.066551
2023-05-05,412.63,411.18,1.0,0.0,1.851258,-0.793403,0.840685,0.685699,0.781785,1.295569,54.920692,0.39268,-0.172302,0.596332,0.733522,1.676269,0.57193,0.840685,1.118673,3.331797,0.0,1.060135,0.71478
2023-05-08,412.74,412.26,1.0,0.0,0.026658,-0.666651,0.764142,1.054069,0.879542,1.185844,55.04308,0.408462,-0.125095,0.414571,0.687461,1.635483,0.556017,0.764142,0.624923,8.604308,0.0,1.06908,0.724287
2023-05-09,410.93,411.39,1.0,0.0,-0.438533,0.021906,0.295324,1.056579,0.879452,1.098774,52.516534,0.38295,-0.122366,-0.017188,0.222441,1.142587,0.394277,0.295324,0.61598,11.642741,1.0,1.039031,0.567848
2023-05-10,412.85,411.705,1.0,0.0,0.467233,1.183766,1.176326,0.958395,0.885678,1.13096,54.882336,0.392627,-0.088272,0.299527,0.62452,1.550836,0.510411,1.176326,1.211841,9.037926,0.0,1.00707,0.733794
2023-05-11,412.13,411.2,1.0,0.0,-0.174397,1.72784,-0.324086,0.900331,0.885149,1.075052,53.799824,0.383886,-0.078282,0.083037,0.406095,1.319151,0.427492,-0.324086,0.879442,8.331979,1.0,1.006853,0.671564
2023-05-12,411.59,411.355,1.0,0.0,-0.131027,-0.252042,-0.21093,0.808552,0.836974,1.080978,52.956173,0.362148,-0.080501,-0.032071,0.248325,1.139341,0.375149,-0.21093,0.884621,7.071015,0.0,1.007334,0.624892
2023-05-15,413.01,411.83,1.0,0.0,0.345004,0.065416,-0.22467,0.298799,0.835771,1.036933,54.956466,0.366851,-0.05942,0.208331,0.537292,1.429077,0.471563,-0.22467,0.679517,5.971323,1.0,1.022455,0.747623
2023-05-16,410.25,411.53,1.0,0.0,-0.668265,-0.165478,-0.956037,0.339498,0.835474,0.994748,50.465013,0.316135,-0.090404,-0.308024,-0.121763,0.721589,0.230913,-0.956037,0.717741,10.293703,0.0,1.006278,0.509075
2023-05-17,415.23,413.25,1.0,0.0,1.213894,0.576481,0.263196,0.406517,0.847477,1.031916,57.253507,0.363288,-0.0307,0.599617,0.985757,1.866574,0.604534,0.263196,1.081095,8.047993,0.0,1.015851,0.939499
2023-05-18,419.23,417.17,1.0,0.0,0.963322,1.722757,1.7845,0.635332,0.890822,1.044816,61.783781,0.471368,0.064911,1.04037,1.768745,2.733143,0.86796,1.7845,1.205582,6.099678,0.0,0.992289,1.0
2023-05-19,418.62,419.035,1.0,0.0,-0.145505,1.70801,1.557496,0.691463,0.90377,1.014163,60.72682,0.542572,0.108418,0.593799,1.464057,2.479829,0.699173,1.557496,1.290443,3.841066,0.0,1.005317,0.958978
2023-05-22,418.79,418.87,1.0,0.0,0.04061,1.399482,1.492863,0.693476,0.905261,0.975372,60.927434,0.594635,0.128526,0.422207,1.359953,2.420172,0.647593,1.492863,0.765917,0.82143,1.0,1.013004,0.97041
2023-05-23,414.09,416.2,1.0,0.0,-1.122281,0.936015,1.972518,0.703797,0.905287,1.019454,52.884312,0.545416,0.059213,-0.470981,0.201186,1.220289,0.308222,1.972518,1.079666,2.598847,0.0,0.986842,0.654338
2023-05-24,411.09,411.35,1.0,0.0,-0.72448,-0.997038,1.664358,0.83706,0.867383,1.026522,48.484605,0.44075,-0.0392,-0.79787,-0.475013,0.467782,0.054108,1.664358,1.090404,5.599204,0.0,1.001865,0.452589
2023-05-25,414.65,414.285,1.0,0.0,0.86599,-1.092479,0.543149,0.712718,0.878893,1.045043,53.435309,0.416085,-0.047796,0.040799,0.349891,1.284686,0.19275,0.543149,1.135492,2.748121,0.0,0.995618,0.675177
2023-05-26,420.02,418.01,1.0,0.0,1.295068,0.334432,0.983339,0.681383,0.786348,1.088401,59.723061,0.491922,0.027178,0.886979,1.490055,2.492035,0.519426,0.983339,1.160014,4.799999,0.0,0.99511,1.0
2023-05-30,420.18,420.66,1.0,0.0,0.038093,0.331909,1.12392,0.915203,0.814837,1.064774,59.896821,0.55273,0.070529,0.615043,1.381113,2.429408,0.453999,1.12392,0.88971,5.690088,1.0,1.027792,1.0
2023-05-31,417.85,417.72,1.0,0.0,-0.554524,0.908015,1.70626,0.91522,0.814092,1.054311,56.101189,0.55305,0.054529,0.038065,0.74036,1.787111,0.236245,1.70626,1.331095,9.263253,0.0,1.007001,0.845183
2023-06-01,421.82,419.855,1.0,0.0,0.950102,2.610134,3.382187,0.786337,0.781524,1.0989,60.673963,0.614536,0.096565,0.656854,1.53335,2.64333,0.402397,3.382187,1.040648,12.511254,0.0,1.003467,1.0
2023-06-02,427.92,426.345,1.0,0.0,1.446114,3.200289,5.625355,0.677091,0.781866,1.154421,66.45583,0.764094,0.202805,1.398464,2.708027,3.959392,0.691161,5.625355,1.056404,11.669029,0.0,0.982736,1.0
2023-06-05,427.1,427.995,1.0,0.0,-0.191625,1.685634,3.506774,0.769955,0.801669,1.103878,65.070851,0.865797,0.242745,0.799564,2.266629,3.607402,0.574113,3.506774,0.749023,11.233864,1.0,0.980142,0.953594
2023-06-06,428.03,427.285,1.0,0.0,0.217748,1.868247,3.704511,0.744262,0.720659,1.035296,65.937884,0.949765,0.262454,0.677069,2.246908,3.677164,0.565905,3.704511,0.744336,7.401879,1.0,0.99432,1.0
2023-06-07,426.55,427.865,1.0,0.0,-0.34577,2.082087,3.801134,0.733188,0.719894,1.010087,63.247262,0.982015,0.233855,0.219065,1.709964,3.184391,0.456869,3.801134,0.983288,8.658933,0.0,1.023527,0.91676
2023-06-08,429.13,427.71,1.0,0.0,0.604853,1.732967,3.943321,0.683404,0.716154,0.987592,65.862393,1.035497,0.233468,0.548652,2.099068,3.653694,0.521996,3.943321,0.720071,8.446077,1.0,1.015854,1.0
2023-06-09,429.9,430.43,1.0,0.0,0.179433,0.462703,4.311746,0.642073,0.719445,0.951147,66.625652,1.082594,0.225601,0.484868,2.06043,3.683561,0.506838,4.311746,0.994926,8.029507,0.0,1.040769,1.0
2023-06-12,433.8,432.025,1.0,0.0,0.907188,1.568719,5.396147,0.334232,0.714449,0.939246,70.253384,1.170361,0.256858,0.926656,2.694236,4.434783,0.628086,5.396147,0.892477,7.027297,1.0,1.060443,1.0
2023-06-13,436.66,435.98,1.0,0.0,0.65929,2.016214,5.726254,0.424058,0.725143,0.91647,72.605067,1.277582,0.29605,1.055768,3.040452,4.912527,0.69683,5.726254,1.138649,5.417529,0.0,1.044765,1.0
2023-06-14,437.18,436.325,1.0,0.0,0.119086,2.492088,6.56429,0.440739,0.730079,0.960156,73.022668,1.360913,0.304438,0.781012,2.85331,4.830373,0.671379,6.56429,1.19218,4.968484,0.0,1.072521,1.0
2023-06-15,442.6,440.065,1.0,0.0,1.239764,3.138909,6.591528,0.299949,0.698344,1.053004,76.964284,1.49228,0.358994,1.344539,3.720633,5.875505,0.814915,6.591528,1.341122,1.867067,0.0,1.041494,1.0
2023-06-16,439.46,441.29,1.0,0.0,-0.709444,2.223773,4.825513,0.427349,0.700019,1.059903,70.534561,1.545625,0.323394,0.41617,2.692872,4.913547,0.656106,4.825513,1.374633,3.034199,0.0,1.065334,0.900349
2023-06-20,437.18,436.7,1.0,0.0,-0.518819,0.779161,4.433615,0.682661,0.718109,1.058481,66.209303,1.527992,0.239509,-0.069897,1.950348,4.190713,0.560024,4.433615,0.950577,-0.388036,0.0,1.032161,0.827991
2023-06-21,434.94,435.66,1.0,0.0,-0.512375,-0.393899,3.856348,0.72575,0.732554,1.009443,62.175392,1.457041,0.129538,-0.388696,1.290228,3.508429,0.473956,3.856348,0.965076,0.576699,0.0,1.029053,0.756903
2023-06-22,436.51,435.11,1.0,0.0,0.360969,-0.153255,5.414282,0.71513,0.749047,0.963951,63.838389,1.402416,0.06375,-0.019422,1.495795,3.724155,0.501553,5.414282,0.876393,0.737936,0.0,1.026218,0.806728
2023-06-23,433.21,433.765,1.0,0.0,-0.755996,-2.121554,5.380817,0.734631,0.686008,0.966131,58.060166,1.297242,-0.041297,-0.518187,0.658653,2.821457,0.387983,5.380817,1.141826,-1.441258,0.0,1.02773,0.701999
2023-06-26,431.44,432.9,1.0,0.0,-0.408578,-1.824967,4.049198,0.40611,0.688314,0.946442,55.175456,1.163849,-0.144145,-0.618337,0.223771,2.30501,0.298525,4.049198,0.902819,0.692623,0.0,1.013881,0.600716
2023-06-27,436.17,434.345,1.0,0.0,1.096329,-0.231026,3.845055,0.381358,0.688702,0.97551,60.78298,1.117116,-0.141355,0.313649,1.19509,3.287814,0.424947,3.845055,0.914762,-1.59283,0.0,1.024228,0.740202
2023-06-28,436.39,435.925,1.0,0.0,0.050439,0.333379,3.85787,0.681701,0.674124,0.937594,61.02719,1.081137,-0.141359,0.242536,1.126116,3.204737,0.405667,3.85787,0.940869,-0.959147,0.0,1.034816,0.749091
2023-06-29,438.11,436.91,1.0,0.0,0.394143,0.366544,4.84863,0.640265,0.673989,0.89278,62.968735,1.068301,-0.119517,0.424188,1.377488,3.464976,0.443382,4.84863,0.856929,-4.84424,1.0,0.996224,0.818586
2023-06-30,443.28,442.705,1.0,0.0,1.180069,2.324508,5.087478,0.643424,0.652853,0.950906,68.111195,1.130194,-0.035016,1.067118,2.322993,4.493914,0.65667,5.087478,1.351305,-9.038006,0.0,0.999554,1.0
2023-07-03,443.79,443.355,1.0,0.0,0.115051,2.862507,3.708637,0.608258,0.667142,0.866736,68.574797,1.183384,0.015611,0.785831,2.203147,4.425182,0.669946,3.708637,0.438445,-13.576631,1.0,1.032642,1.0
2023-07-05,443.13,442.895,1.0,0.0,-0.148719,1.595708,3.753219,0.481044,0.608368,0.812167,67.212981,1.202514,0.026401,0.423066,1.852185,4.095577,0.594535,3.753219,0.798939,-16.333093,1.0,1.040445,0.961717
2023-07-06,439.66,438.58,1.0,0.0,-0.783066,0.74933,2.717099,0.464664,0.607113,0.893515,60.419379,1.148948,-0.029159,-0.242502,0.953219,3.147746,0.376977,2.717099,1.110896,-15.586056,0.0,1.028462,0.760441
2023-07-07,438.55,440.47,1.0,0.0,-0.252468,0.100431,2.813269,0.645245,0.642658,0.90829,58.386383,1.069009,-0.089663,-0.330116,0.631415,2.770965,0.26531,2.813269,1.191559,-16.743388,0.0,1.016247,0.696056
2023-07-10,439.66,438.715,1.0,0.0,0.253107,-0.81664,2.453802,0.648443,0.639474,0.853431,59.84158,1.009554,-0.116954,-0.05191,0.801052,2.908762,0.252826,2.453802,0.863446,-15.944416,0.0,1.030157,0.718281
2023-07-11,442.46,441.205,1.0,0.0,0.636856,-0.299691,2.92161,0.35865,0.631255,0.841335,63.325514,0.998029,-0.09708,0.388985,1.303788,3.419592,0.34358,2.92161,0.915466,-18.29158,0.0,1.028615,0.904248
2023-07-12,446.02,446.195,1.0,0.0,0.804593,0.652179,2.816966,0.47987,0.641085,0.873405,67.21943,1.038461,-0.038326,0.794635,1.913213,4.078166,0.500397,2.816966,1.321994,-18.45647,0.0,1.024839,1.0
2023-07-13,449.56,448.915,1.0,0.0,0.793686,2.25174,2.954244,0.584309,0.63536,0.880302,70.566068,1.118977,0.040535,1.057465,2.45647,4.702853,0.674082,2.954244,1.042889,-17.54361,0.0,1.027083,1.0
2023-07-14,449.28,449.925,1.0,0.0,-0.062283,2.446699,2.767739,0.40273,0.641487,0.848577,69.957699,1.171476,0.07389,0.660825,2.159863,4.447684,0.586043,2.767739,0.993471,-16.72966,0.0,1.025842,0.984547
2023-07-17,450.84,450.505,1.0,0.0,0.347222,2.542874,1.861726,0.338757,0.643108,0.817176,71.435284,1.222166,0.102702,0.6713,2.269665,4.613006,0.6101,1.861726,0.743219,-13.819091,1.0,1.056455,1.0
2023-07-18,454.19,452.455,1.0,0.0,0.743057,2.651087,3.351841,0.327774,0.594264,0.844199,74.352504,1.300738,0.151625,0.941775,2.733169,5.16803,0.722519,3.351841,1.173613,-17.238514,0.0,1.020765,1.0
2023-07-19,455.2,455.27,1.0,0.0,0.222374,2.058204,4.121872,0.338945,0.580222,0.797971,75.175653,1.369231,0.178134,0.774485,2.672025,5.179086,0.709773,4.121872,0.943199,-12.806206,0.0,1.053936,1.0
2023-07-20,452.18,453.27,1.0,0.0,-0.663445,0.582792,3.963765,0.322593,0.558521,0.807064,68.134104,1.365688,0.133309,0.070576,1.797839,4.297992,0.564758,3.963765,0.985427,-10.195199,0.0,1.0452,0.872896
2023-07-21,452.18,453.17,1.0,0.0,0.0,0.645477,3.589838,0.468463,0.569076,0.758429,68.134104,1.340184,0.086243,0.04704,1.623836,4.122494,0.546814,3.589838,1.006483,-12.138267,0.0,1.049132,0.872896
2023-07-24,454.2,453.67,1.0,0.0,0.446725,0.745275,4.845225,0.46433,0.569287,0.738339,70.292684,1.334603,0.068992,0.328775,1.876215,4.399813,0.603738,4.845225,0.755401,-11.311971,1.0,1.022757,0.957912
2023-07-25,455.44,455.305,1.0,0.0,0.273007,0.275215,5.562767,0.475225,0.529576,0.722173,71.565997,1.337817,0.060521,0.400981,1.945178,4.492859,0.630062,5.562767,0.773941,-11.592225,1.0,1.04925,1.0
2023-07-26,455.51,455.185,0.0,1.0,0.01537,0.068102,4.434051,0.386827,0.50836,0.731456,71.639896,1.328959,0.041487,0.277224,1.770792,4.324452,0.627741,4.434051,0.991573,-9.977258,0.0,1.050521,1.0
2023-07-27,452.49,455.495,0.0,0.0,-0.662993,0.068557,3.68936,0.377747,0.474196,0.870651,63.921247,1.262516,-0.026838,-0.258739,0.990638,3.485361,0.51274,3.68936,1.298512,-11.680009,0.0,1.08184,0.84205
2023-07-28,456.92,455.135,0.0,0.0,0.979027,1.048255,4.293442,0.377585,0.510895,0.901615,69.168815,1.254936,-0.017534,0.477361,1.787484,4.314487,0.704246,4.293442,1.110827,-9.072388,0.0,1.078653,1.0
2023-07-31,457.79,457.105,0.0,0.0,0.190405,0.790401,3.273326,0.538778,0.538177,0.84137,70.088923,1.257082,-0.010376,0.444792,1.789222,4.328462,0.752586,3.273326,0.861998,-7.342288,1.0,1.082912,1.0
2023-08-01,456.48,456.37,0.0,0.0,-0.286157,0.228351,2.859461,0.525877,0.490242,0.79846,66.853654,1.22699,-0.035285,0.104853,1.353352,3.865773,0.697317,2.859461,0.770805,-4.094788,1.0,1.07645,0.931913
2023-08-02,450.13,451.435,0.0,0.0,-1.39108,-1.181094,1.579672,0.548694,0.499882,0.912959,53.872452,1.090809,-0.151418,-0.862157,-0.05117,2.323773,0.460641,1.579672,1.314045,-2.237208,0.0,1.103765,0.601871
2023-08-03,448.84,449.08,0.0,0.0,-0.286584,-0.806648,2.087977,0.797138,0.599461,0.895101,51.677175,0.937948,-0.246279,-0.767111,-0.305553,1.949349,0.437665,2.087977,0.890314,-0.566941,0.0,1.066616,0.534823
2023-08-04,446.81,449.585,0.0,0.0,-0.452277,-2.212641,1.88348,0.77041,0.57289,0.977125,48.338986,0.772456,-0.333722,-0.813911,-0.684898,1.429059,0.374617,1.88348,1.363209,1.610087,0.0,1.080607,0.429314
2023-08-07,450.71,449.43,0.0,0.0,0.872854,-1.546561,2.513306,0.519459,0.580725,0.959621,54.429442,0.694224,-0.321905,0.034553,0.164618,2.22161,0.604179,2.513306,0.779871,3.471821,0.0,1.100769,0.609487
2023-08-08,448.75,447.985,0.0,0.0,-0.434869,-1.693393,1.421597,0.719615,0.604386,0.996938,51.164809,0.598168,-0.337919,-0.267335,-0.245224,1.706201,0.54815,1.421597,0.944376,7.310969,0.0,1.08252,0.410307
2023-08-09,445.75,447.08,0.0,0.0,-0.668524,-0.973052,-0.060535,0.721142,0.604229,0.996656,46.56143,0.463487,-0.38312,-0.624659,-0.825959,0.985628,0.39683,-0.060535,1.03596,9.376447,0.0,1.074718,0.0
2023-08-10,445.91,448.2,0.0,0.0,0.035895,-0.652794,-0.811905,0.54711,0.600263,1.072768,46.83616,0.352269,-0.395228,-0.393432,-0.715627,0.98141,0.455649,-0.811905,1.224981,9.327057,0.0,1.07395,0.013289
2023-08-11,445.65,445.025,0.0,0.0,-0.058308,-0.259618,-0.807959,0.551371,0.572149,1.030503,46.418541,0.256746,-0.39295,-0.30146,-0.700365,0.886032,0.494519,-0.807959,0.906928,7.777428,0.0,1.074868,0.0
2023-08-14,448.11,446.245,0.0,0.0,0.552003,-0.576868,-0.605536,0.527219,0.572142,0.999184,50.881191,0.22163,-0.339599,0.165781,-0.13775,1.385556,0.711311,-0.605536,0.62282,8.429255,0.0,1.09073,0.202636
2023-08-15,442.89,444.47,0.0,0.0,-1.164893,-1.30585,-2.487946,0.419424,0.580729,1.051078,42.745589,0.100947,-0.373518,-0.669596,-1.17859,0.196487,0.4205,-2.487946,0.985344,11.78248,0.0,1.071954,0.0
2023-08-16,439.64,441.855,0.0,0.0,-0.733817,-1.370723,-3.418278,0.595534,0.602425,1.058693,38.606624,-0.05575,-0.426978,-0.936699,-1.725576,-0.517753,0.259736,-3.418278,1.024086,11.971535,0.0,1.076159,0.0
2023-08-17,436.29,438.59,0.0,0.0,-0.761987,-2.157386,-3.514087,0.604973,0.610916,1.098164,34.859737,-0.24109,-0.492134,-1.134094,-2.244044,-1.226377,0.112535,-3.514087,1.243341,7.459378,0.0,1.086464,0.0
2023-08-18,436.5,435.29,0.0,0.0,0.048133,-2.053181,-3.467646,0.607456,0.615243,1.090574,35.283752,-0.379195,-0.504094,-0.72697,-1.991922,-1.133129,0.176541,-3.467646,1.282633,8.830014,0.0,1.066881,0.009767
2023-08-21,439.34,437.715,1.0,1.0,0.65063,-1.957109,-3.271686,0.621921,0.616023,1.084424,40.887692,-0.428476,-0.442054,-0.054062,-1.226858,-0.470751,0.311935,-3.271686,0.916127,4.885786,0.0,1.068623,0.14186
2023-08-22,438.15,439.375,1.0,0.0,-0.270861,-1.070243,-3.796329,0.652976,0.627793,1.052242,39.350106,-0.48705,-0.400533,-0.216752,-1.353999,-0.711511,0.274436,-3.796329,0.868317,4.962515,0.0,1.044911,0.086512
2023-08-23,443.03,441.385,1.0,0.0,1.113774,0.771085,-2.739786,0.527263,0.619997,1.068027,47.988,-0.432811,-0.277797,0.594632,-0.231047,0.378815,0.467037,-2.739786,0.914734,4.415282,0.0,1.036201,0.313488
2023-08-24,436.89,441.04,1.0,0.0,-1.385911,0.137523,-3.44759,0.663104,0.681481,1.193769,40.225337,-0.507173,-0.279984,-0.534437,-1.462312,-0.973032,0.227072,-3.44759,1.189766,4.787158,0.0,1.020935,0.027907
2023-08-25,439.97,438.15,1.0,0.0,0.704983,0.79496,-3.709621,0.855031,0.726156,1.218279,45.029063,-0.495159,-0.215649,0.111123,-0.695038,-0.264156,0.352468,-3.709621,1.404954,1.114243,0.0,1.014539,0.171163
2023-08-28,442.76,441.685,1.0,0.0,0.634134,0.77844,-3.283165,0.896979,0.706618,1.15248,49.025324,-0.429576,-0.121461,0.496075,-0.059095,0.353808,0.450368,-3.283165,0.850694,0.602011,1.0,1.026226,0.30093
2023-08-29,449.16,445.955,1.0,0.0,1.445478,2.512838,-1.603575,0.895206,0.72483,1.192082,56.786091,-0.256722,0.037602,1.290765,1.251922,1.732414,0.745623,-1.603575,1.132045,2.312525,0.0,1.039808,0.637444
2023-08-30,451.01,450.225,1.0,0.0,0.41188,1.801232,0.195499,0.988664,0.804165,1.114338,58.74151,-0.089938,0.162542,1.132195,1.507614,2.065317,0.866883,0.195499,0.950952,1.582797,0.0,1.013395,1.0
2023-08-31,450.35,451.495,1.0,0.0,-0.146338,3.080867,0.336423,0.940564,0.751177,1.046225,57.737743,0.029302,0.225722,0.653988,1.228044,1.839439,0.799855,0.336423,0.907983,0.812875,0.0,1.033336,0.955163
2023-09-01,451.19,451.675,1.0,0.0,0.186522,2.550174,0.980282,0.5136,0.749003,1.02295,58.704921,0.137116,0.266537,0.559583,1.28019,1.948257,0.8192,0.980282,0.800995,0.187539,1.0,1.005986,1.0
2023-09-05,449.24,450.115,0.0,1.0,-0.43219,1.463547,-0.326152,0.535819,0.741785,0.950358,55.528005,0.186395,0.253102,0.083281,0.761621,1.447667,0.692712,-0.326152,0.772272,-4.538386,1.0,1.006044,0.869128
2023-09-06,446.22,446.16,0.0,0.0,-0.672246,-0.654555,-0.563788,0.643832,0.72385,0.99147,50.931044,0.16993,0.18967,-0.393791,0.076224,0.735441,0.537404,-0.563788,0.992079,-5.612505,0.0,0.997279,0.666443
2023-09-07,444.85,444.15,0.0,0.0,-0.307023,-1.365823,-0.201907,0.394826,0.732552,0.965925,48.951247,0.130012,0.11985,-0.467494,-0.209076,0.409379,0.467464,-0.201907,0.974427,-5.06582,0.0,0.986614,0.574497
2023-09-08,445.52,445.82,0.0,0.0,0.150613,-1.072499,-0.087462,0.287434,0.720831,0.91309,49.97539,0.108696,0.07884,-0.211948,-0.053183,0.538505,0.530946,-0.087462,0.833413,-2.554469,0.0,0.99752,0.619463
2023-09-11,448.45,447.62,0.0,0.0,0.657658,-0.607283,0.628296,0.334546,0.72161,0.882803,54.29384,0.142437,0.09022,0.295773,0.546275,1.152116,0.696431,0.628296,0.806701,-1.50512,0.0,1.026674,0.816107
2023-09-12,445.99,446.96,0.0,0.0,-0.548556,-0.723444,-0.473098,0.472313,0.735542,0.86319,50.362811,0.124729,0.05778,-0.169748,-0.004775,0.573684,0.589408,-0.473098,0.925203,-4.980982,0.0,1.018305,0.651007
2023-09-13,446.51,446.395,0.0,0.0,0.116595,0.06499,0.817359,0.489641,0.7359,0.825762,51.167663,0.117982,0.040889,-0.035574,0.101154,0.663672,0.659663,0.817359,0.805274,-2.703603,1.0,1.006711,0.685906
2023-09-14,450.36,449.4,0.0,0.0,0.862243,1.23862,2.438359,0.415454,0.687725,0.844841,56.758215,0.178708,0.081819,0.549395,0.871634,1.47069,0.91081,2.438359,1.100126,-3.049739,0.0,0.989929,0.944295
2023-09-15,443.37,445.2,0.0,0.0,-1.552092,-0.482582,1.622774,0.491196,0.685544,0.96748,46.376946,0.102821,0.003523,-0.676429,-0.628308,-0.100145,0.613829,1.622774,1.452626,0.024155,0.0,0.996908,0.475168
2023-09-18,443.63,443.765,0.0,0.0,0.058642,-1.074813,1.633448,0.878224,0.754677,0.910424,46.766963,0.044637,-0.043681,-0.412974,-0.516026,-0.039933,0.697575,1.633448,0.701735,3.087475,0.0,1.022987,0.485364
2023-09-19,442.71,441.615,0.0,0.0,-0.20738,-0.735442,0.76706,0.805522,0.754656,0.901808,45.505724,-0.01799,-0.085194,-0.413853,-0.653992,-0.237558,0.732197,0.76706,0.824304,7.574248,0.0,1.032788,0.406993
2023-09-20,438.64,441.435,0.0,0.0,-0.919338,-1.762559,0.111834,0.788446,0.745552,0.971504,40.324646,-0.141563,-0.167512,-0.890202,-1.420169,-1.109931,0.57828,0.111834,0.993276,11.049658,0.0,1.050478,0.122378
2023-09-21,431.39,433.6,0.0,0.0,-1.652836,-4.212186,-2.627362,0.82777,0.77204,1.085148,33.095987,-0.374679,-0.320851,-1.699876,-2.767137,-2.639639,0.198874,-2.627362,1.239881,12.210027,0.0,1.062755,0.0
2023-09-22,430.42,432.045,0.0,0.0,-0.224855,-2.920811,-1.480922,0.690039,0.80861,1.069898,32.262678,-0.570405,-0.413165,-1.288858,-2.709114,-2.74954,0.26162,-1.480922,1.201131,12.831764,0.0,1.057336,0.0
2023-09-25,432.23,430.495,0.0,0.0,0.420519,-2.569709,-1.759211,0.622663,0.756331,1.032872,35.524905,-0.680184,-0.418882,-0.584207,-2.085508,-2.250861,0.40281,-1.759211,0.819109,18.803182,0.0,1.069271,0.087145
2023-09-26,425.88,427.42,0.0,0.0,-1.469125,-3.801586,-3.812449,0.708824,0.744168,1.134231,30.056034,-0.890592,-0.500315,-1.372521,-3.199113,-3.547462,0.190265,-3.812449,1.098615,20.89592,0.0,1.093846,0.0
2023-09-27,426.05,424.98,0.0,0.0,0.039917,-2.870235,-5.14516,0.775241,0.782601,1.150977,30.3651,-1.03375,-0.514903,-0.892735,-2.868108,-3.376,0.263698,-5.14516,1.188649,20.025774,0.0,1.06437,0.006717
2023-09-28,428.52,427.56,0.0,0.0,0.579744,-0.665291,-4.986586,0.831017,0.690127,1.159161,34.868351,-1.081889,-0.452826,-0.212336,-2.090057,-2.708394,0.376522,-4.986586,1.046004,21.462534,0.0,1.0583,0.104307
2023-09-29,427.48,428.88,0.0,0.0,-0.242696,-0.683054,-5.078272,0.726351,0.699225,1.192322,33.875007,-1.134056,-0.402771,-0.303471,-2.110676,-2.832316,0.374154,-5.078272,1.306793,21.028804,0.0,1.085401,0.063216
2023-10-02,427.31,426.53,0.0,0.0,-0.039768,-1.138283,-5.29267,0.726848,0.698805,1.162937,33.705973,-1.163578,-0.345601,-0.229007,-1.94887,-2.76148,0.38945,-5.29267,0.960425,18.566675,0.0,1.072082,0.056499
2023-10-03,421.59,423.775,1.0,1.0,-1.338607,-1.007326,-6.154839,0.678271,0.69333,1.248947,28.544736,-1.297241,-0.374533,-1.0485,-2.959974,-3.910014,0.235781,-6.154839,1.175949,23.521133,0.0,1.093619,0.0
2023-10-04,424.66,422.995,1.0,0.0,0.728196,-0.326253,-4.831697,0.63079,0.731105,1.227502,34.354751,-1.307203,-0.312932,-0.218866,-2.043114,-3.088285,0.341326,-4.831697,0.986206,24.329633,0.0,1.093831,0.106708
2023-10-05,424.5,423.27,1.0,0.0,-0.037677,-0.938113,-4.574576,0.734726,0.759976,1.196156,34.198681,-1.310958,-0.25305,-0.17112,-1.88566,-3.005941,0.351169,-4.574576,0.786124,23.578577,0.0,1.093984,0.101147
2023-10-06,429.54,425.865,1.0,0.0,1.187279,0.481894,-3.58682,0.664959,0.761132,1.351366,42.985162,-1.189737,-0.115393,0.673807,-0.652572,-1.782928,0.494144,-3.58682,1.257371,21.765058,0.0,1.067786,0.27633
2023-10-09,432.29,429.945,1.0,0.0,0.64022,1.16543,-3.603523,0.858474,0.818489,1.344785,47.133267,-1.035555,0.025563,0.875049,-0.014956,-1.109365,0.581834,-3.603523,0.880894,22.307818,1.0,1.056751,0.371915
2023-10-10,434.54,434.875,1.0,0.0,0.520484,3.071705,-2.567322,0.879189,0.817606,1.310716,50.318154,-0.862874,0.1542,0.929055,0.457092,-0.571468,0.670198,-2.567322,0.851651,26.39032,1.0,1.073154,0.450122
2023-10-11,436.32,434.88,0.0,1.0,0.409629,2.745726,-2.282144,0.393855,0.826657,1.235219,52.743614,-0.686462,0.26117,0.891006,0.78522,-0.157752,0.738657,-2.282144,0.683132,22.290258,1.0,1.076162,0.511992
2023-10-12,433.66,434.285,0.0,0.0,-0.609644,2.157833,-3.708145,0.394974,0.833406,1.264948,48.901543,-0.595445,0.2864,0.183784,0.154498,-0.7366,0.682211,-3.708145,0.892829,19.855677,1.0,1.051184,0.419534
2023-10-13,431.5,433.165,0.0,0.0,-0.498086,0.456302,-2.677222,0.584316,0.80876,1.304789,45.972978,-0.556556,0.263762,-0.210366,-0.311664,-1.183313,0.662632,-2.677222,1.033709,19.536623,0.0,1.027378,0.449637
2023-10-16,436.04,435.355,0.0,0.0,1.052144,0.867473,-1.710885,0.533954,0.750212,1.291504,52.422412,-0.428965,0.30625,0.558148,0.666523,-0.137995,0.912959,-1.710885,0.823027,15.361089,1.0,1.04793,0.655626
2023-10-17,436.02,435.295,0.0,0.0,-0.004587,0.34059,-1.511147,0.634429,0.792919,1.293353,52.39274,-0.329033,0.324973,0.368344,0.59849,-0.136992,0.990275,-1.511147,0.820606,13.755702,1.0,1.045923,0.683239
2023-10-18,430.21,432.135,0.0,0.0,-1.332508,-1.400348,-1.921849,0.611581,0.792561,1.350823,44.511007,-0.358041,0.243837,-0.648142,-0.671801,-1.410931,0.744634,-1.921849,1.03282,8.981108,0.0,1.042018,0.505572
2023-10-19,426.43,429.275,0.0,0.0,-0.878641,-1.667205,-1.149772,0.789234,0.819287,1.402776,40.266786,-0.447228,0.127989,-1.019226,-1.399499,-2.189829,0.54564,-1.149772,1.3315,8.529757,0.0,1.038082,0.328581
2023-10-20,421.19,423.81,0.0,0.0,-1.228807,-2.38934,-2.144417,0.818593,0.760912,1.403708,35.249108,-0.615102,-0.026184,-1.501528,-2.368321,-3.263058,0.212677,-2.144417,1.341744,10.020427,0.0,1.050287,0.0
2023-10-23,420.46,421.125,0.0,0.0,-0.173318,-3.573067,-2.723087,0.896645,0.80245,1.429539,34.60221,-0.750386,-0.128356,-1.121078,-2.301427,-3.300624,0.183361,-2.723087,1.003632,5.981712,0.0,1.051203,0.0
2023-10-24,423.63,422.78,0.0,0.0,0.753936,-2.841613,-0.528318,0.542186,0.793387,1.36689,39.771281,-0.780958,-0.130866,-0.25071,-1.417922,-2.47322,0.357749,-0.528318,0.862633,4.042798,0.0,1.04679,0.199874
2023-10-25,417.55,419.47,1.0,1.0,-1.435215,-2.942749,-1.995071,0.777284,0.753378,1.41296,34.189518,-0.928222,-0.214931,-1.127876,-2.569931,-3.726719,0.049642,-1.995071,1.042784,2.576113,0.0,1.046292,0.0
2023-10-26,412.55,414.465,1.0,0.0,-1.197461,-3.25493,-3.726781,0.79819,0.813366,1.431707,30.409745,-1.133207,-0.329017,-1.55319,-3.392824,-4.697188,-0.13541,-3.726781,1.274957,2.405132,0.0,1.056818,0.0
2023-10-27,410.68,411.905,1.0,0.0,-0.453278,-2.495311,-3.930008,0.830586,0.831414,1.421457,29.113396,-1.314195,-0.405074,-1.341895,-3.478584,-4.937963,-0.113517,-3.930008,1.187393,2.652136,0.0,1.042201,0.0
2023-10-30,415.59,414.45,1.0,0.0,1.195578,-1.158255,-2.742739,0.780043,0.833393,1.409872,36.738929,-1.325751,-0.341897,-0.108299,-2.107871,-3.6578,0.114686,-2.742739,0.960324,3.309313,0.0,1.069448,0.191498
2023-10-31,418.2,416.37,1.0,0.0,0.628023,-1.281779,-0.804099,1.042952,0.886809,1.351996,40.40865,-1.273763,-0.23684,0.345431,-1.352811,-2.936549,0.20985,-0.804099,0.895324,0.842657,0.0,1.065775,0.293292
2023-11-01,422.66,421.075,1.0,0.0,1.066475,1.223806,-0.470965,1.020228,0.856411,1.326561,46.15654,-1.127895,-0.081531,0.939295,-0.272197,-1.82819,0.335095,-0.470965,1.088777,1.573849,0.0,1.068951,0.467239
2023-11-02,430.76,428.74,1.0,0.0,1.916434,4.41401,1.474676,0.926647,0.8745,1.38374,54.70206,-0.842269,0.147536,1.897642,1.480612,0.051121,0.559516,1.474676,1.06362,0.038284,0.0,1.094428,0.783151
2023-11-03,434.69,434.65,1.0,0.0,0.912341,5.846401,1.198957,0.780928,0.970893,1.358021,58.170841,-0.547729,0.346501,1.867266,2.172296,0.925777,0.64432,1.198957,1.157644,-3.951787,0.0,1.077554,0.936427
2023-11-06,435.69,434.915,1.0,0.0,0.230049,4.836498,0.786509,0.430168,0.956934,1.249839,59.030549,-0.297653,0.47562,1.391327,2.173089,1.112041,0.62638,0.786509,0.802856,-7.402199,1.0,1.1033,0.975429
2023-11-07,436.93,436.05,1.0,0.0,0.284606,4.478718,0.550007,0.560531,0.948729,1.174109,60.124956,-0.076395,0.555747,1.113692,2.224006,1.344179,0.61058,0.550007,0.770614,-9.660768,1.0,1.11273,1.0
2023-11-08,437.25,436.48,1.0,0.0,0.073238,3.451947,0.213146,0.614317,0.944184,1.115006,60.418803,0.10293,0.587687,0.788708,2.075389,1.362021,0.574725,0.213146,0.753762,-10.394532,1.0,1.122769,1.0
2023-11-09,433.84,435.935,1.0,0.0,-0.779874,0.715015,0.041507,0.679654,0.940293,1.129752,55.707686,0.181413,0.535985,0.001789,1.15608,0.548989,0.419965,0.041507,1.037402,-11.793682,0.0,1.112701,0.87166
2023-11-10,440.61,437.38,1.0,0.0,1.560483,1.36189,2.11124,0.543337,0.946659,1.178928,62.036683,0.359081,0.566563,1.036137,2.467738,2.03329,0.555182,2.11124,1.178613,-17.531228,0.0,1.113953,1.0
2023-11-13,440.19,439.875,1.0,0.0,-0.095322,1.032844,0.951748,0.749405,0.99678,1.110856,61.45004,0.489233,0.557531,0.624595,2.139514,1.858695,0.480145,0.951748,0.71496,-20.284846,1.0,1.084882,0.985967
2023-11-14,448.73,448.075,1.0,0.0,1.940071,2.700661,2.915004,0.764348,0.973625,1.237692,68.063214,0.726039,0.634429,1.703226,3.714031,3.678909,0.657465,2.915004,1.3527,-21.736565,0.0,1.097809,1.0
2023-11-15,449.68,450.09,1.0,0.0,0.211709,2.842767,4.525697,1.035872,1.05667,1.148974,68.706335,0.92552,0.667283,1.2709,3.545691,3.73981,0.621477,4.525697,1.088918,-21.60748,0.0,1.102997,1.0
2023-11-16,450.23,449.34,1.0,0.0,0.122309,3.77789,5.581221,1.024823,1.000495,1.066821,69.094363,1.080898,0.658382,0.925539,3.31101,3.709433,0.585098,5.581221,0.951044,-23.069155,0.0,1.082333,1.0
2023-11-17,450.79,450.355,1.0,0.0,0.124381,2.310433,7.027707,0.833241,0.968481,0.98643,69.508925,1.199631,0.622111,0.698268,3.101776,3.682358,0.561271,7.027707,1.190855,-24.413468,0.0,1.050173,1.0
2023-11-20,454.26,452.825,1.0,0.0,0.76976,3.196347,8.038815,0.746635,0.906214,0.983687,72.013989,1.331195,0.606469,0.977468,3.511394,4.297209,0.604569,8.038815,1.022118,-25.385687,0.0,1.0792,1.0
2023-11-21,453.27,453.045,1.0,0.0,-0.217937,1.011744,6.996672,0.696293,0.902585,0.922047,70.240916,1.411973,0.548532,0.503662,2.963596,3.904071,0.56177,6.996672,0.71868,-24.764196,1.0,1.022135,0.977283
2023-11-22,455.02,455.135,1.0,0.0,0.386083,1.187511,8.973776,0.31974,0.907905,0.887166,71.573283,1.481969,0.497479,0.592698,3.031311,4.129423,0.575016,8.973776,0.863745,-23.897314,1.0,1.007315,1.0
2023-11-24,455.3,455.115,1.0,0.0,0.061536,1.126091,10.36238,0.328287,0.811186,0.790953,71.790903,1.528143,0.435407,0.435449,2.79175,4.022434,0.560851,10.36238,0.430809,-23.57699,1.0,0.938692,1.0
2023-11-27,454.48,454.785,1.0,0.0,-0.180101,0.818563,10.665238,0.333391,0.726586,0.728096,70.098435,1.536019,0.353049,0.169565,2.352531,3.67916,0.523724,10.665238,0.731676,-23.661255,1.0,0.787069,0.981623
2023-11-28,454.93,454.885,1.0,0.0,0.099014,0.147493,9.46606,0.371765,0.710998,0.711577,70.509319,1.528909,0.277687,0.179005,2.214996,3.62813,0.51345,9.46606,0.916085,-24.77749,0.0,0.81045,0.990682
2023-11-29,454.61,456.26,1.0,0.0,-0.07034,0.29563,8.706361,0.218251,0.698219,0.73797,69.775063,1.502551,0.200359,0.072333,1.935043,3.41106,0.480651,8.706361,0.920369,-22.892727,0.0,0.835299,0.981402
2023-11-30,456.4,455.05,1.0,0.0,0.393744,0.303283,7.982776,0.191044,0.706144,0.736978,71.55921,1.489479,0.153916,0.310425,2.109198,3.663016,0.495997,7.982776,1.165728,-24.044505,0.0,0.83525,1.0
2023-12-01,459.1,457.405,1.0,0.0,0.591586,0.834615,6.57907,0.193672,0.690432,0.765358,74.047702,1.505169,0.141967,0.600755,2.448529,4.101697,0.540938,6.57907,1.265024,-21.018091,0.0,0.840227,1.0
2023-12-04,456.69,456.73,1.0,0.0,-0.52494,0.48627,5.061078,0.287443,0.597877,0.806366,68.30294,1.473028,0.082106,0.048429,1.725621,3.411049,0.441977,5.061078,0.975582,-14.19613,0.0,0.883536,0.904592
2023-12-05,456.6,456.23,1.0,0.0,-0.019707,0.367089,4.799284,0.386649,0.608744,0.778416,68.09049,1.423545,0.025879,0.01914,1.540636,3.253376,0.403447,4.799284,0.948205,-12.880045,0.0,0.91889,0.901029
2023-12-06,454.76,456.575,1.0,0.0,-0.402979,0.032995,4.080745,0.389481,0.61156,0.810174,63.726368,1.341586,-0.049388,-0.256272,1.02259,2.722991,0.302857,4.080745,0.948249,-12.575538,0.0,0.929355,0.828187
2023-12-07,458.23,457.595,1.0,0.0,0.76304,0.400964,4.79817,0.434296,0.627022,0.817297,67.904234,1.308457,-0.057587,0.335976,1.619862,3.36466,0.38437,4.79817,0.886405,-7.734733,1.0,0.92759,0.965558
2023-12-08,460.2,458.98,1.0,0.0,0.429915,0.239599,6.075973,0.517188,0.637861,0.807856,70.015676,1.304238,-0.044767,0.510252,1.857223,3.654207,0.416415,6.075973,1.081224,-4.029928,0.0,0.874099,1.0
2023-12-11,461.99,460.82,1.0,0.0,0.388961,1.160525,4.852364,0.488541,0.594485,0.775353,71.829116,1.316365,-0.02193,0.598999,2.034432,3.892076,0.438294,4.852364,0.824736,3.835204,1.0,0.885087,1.0
2023-12-12,464.1,462.4,1.0,0.0,0.45672,1.642576,5.431745,0.403079,0.52019,0.772343,73.837739,1.345115,0.010323,0.703156,2.256932,4.188162,0.487836,5.431745,0.864252,8.209832,1.0,0.919571,1.0
2023-12-13,470.5,467.44,1.0,0.0,1.379013,3.461166,4.85147,0.388396,0.516375,0.848995,78.779999,1.447051,0.104333,1.38492,3.306277,5.39245,0.828254,4.85147,1.175466,10.4607,0.0,0.893818,1.0
2023-12-14,472.01,471.49,1.0,0.0,0.320935,3.007223,4.965753,0.37217,0.433218,0.859992,79.751888,1.545402,0.165584,1.133737,3.28,5.493613,0.787388,4.965753,1.486808,12.73206,0.0,0.880687,1.0
2023-12-15,469.33,469.065,1.0,0.0,-0.567785,1.98392,4.242276,0.394617,0.43354,0.879697,73.332276,1.572107,0.147527,0.372315,2.430823,4.69368,0.583904,4.242276,1.722458,17.238479,0.0,0.997329,0.876951
2023-12-18,471.97,471.435,1.0,0.0,0.562504,2.16022,4.698418,0.617182,0.467915,0.861254,75.430349,1.604048,0.14995,0.622665,2.712851,5.064934,0.663738,4.698418,0.838767,20.188496,1.0,0.994951,0.998115
2023-12-19,474.84,473.685,1.0,0.0,0.608089,2.314156,4.530445,0.620704,0.473659,0.824743,77.502544,1.656121,0.168649,0.819654,3.010018,5.467913,0.744173,4.530445,0.652483,24.901217,1.0,1.012775,1.0
2023-12-20,468.26,471.86,1.0,0.0,-1.38573,-0.476089,3.30708,0.624932,0.465707,0.954893,64.145086,1.597233,0.071087,-0.385698,1.429701,3.84326,0.463516,3.30708,1.194216,25.776015,0.0,1.094539,0.694947
2023-12-21,472.7,470.91,1.0,0.0,0.948191,0.146183,3.885543,0.773191,0.577181,0.952937,68.135817,1.575362,0.050841,0.371864,2.158775,4.629798,0.60051,3.885543,0.995805,26.566443,0.0,1.068911,0.894892
2023-12-22,473.65,473.54,1.0,0.0,0.200973,0.920461,4.03031,0.874347,0.600502,0.927815,68.932589,1.564915,0.034761,0.38166,2.13413,4.641459,0.601652,4.03031,0.76819,26.656243,1.0,1.063743,0.941552
2023-12-26,475.65,475.285,1.0,0.0,0.422253,0.779711,4.658071,0.821146,0.599749,0.882858,70.599372,1.568433,0.035771,0.535578,2.315414,4.874248,0.643498,4.658071,0.639841,25.403971,1.0,1.11319,1.0
2023-12-27,476.51,475.775,1.0,0.0,0.180805,0.351697,4.743587,0.810155,0.595033,0.81329,71.312103,1.570055,0.032127,0.477094,2.256897,4.855641,0.644426,4.743587,0.784506,27.836114,1.0,1.101381,1.0
2023-12-28,476.69,476.905,1.0,0.0,0.037775,1.800282,4.85691,0.780234,0.594402,0.740667,71.468008,1.558077,0.016583,0.342777,2.072373,4.694267,0.628001,4.85691,0.885249,27.037561,1.0,1.150351,1.0
2023-12-29,475.31,475.165,1.0,0.0,-0.289496,0.552147,4.143295,0.319704,0.592099,0.748409,68.398971,1.512685,-0.026627,0.034853,1.604934,4.211725,0.57324,4.143295,1.431934,24.823225,0.0,1.174075,0.937073
2024-01-02,472.65,472.08,1.0,0.0,-0.559635,-0.211126,2.951427,0.234778,0.601825,0.788242,62.800839,1.419641,-0.102667,-0.350598,0.936696,3.481272,0.480661,2.951427,1.477046,18.719599,0.0,1.191226,0.815777
2024-01-03,468.79,469.68,1.0,0.0,-0.816672,-1.442237,2.6495,0.346623,0.616962,0.816188,55.679244,1.269113,-0.212584,-0.779296,0.101662,2.530174,0.342733,2.6495,1.293835,7.835428,0.0,1.234056,0.639763
2024-01-04,467.28,469.005,1.0,0.0,-0.322106,-1.937,2.339028,0.368559,0.635846,0.821217,53.14054,1.105421,-0.304851,-0.735288,-0.199788,2.111825,0.267602,2.339028,1.038171,10.229152,0.0,1.250088,0.570907
2024-01-05,467.92,468.435,1.0,0.0,0.136963,-1.83977,2.893834,0.285841,0.642851,0.825012,54.09588,0.970959,-0.349908,-0.400354,-0.057093,2.161471,0.256427,2.893834,1.026584,15.078244,0.0,1.311597,0.600091
2024-01-08,474.6,471.525,1.0,0.0,1.427594,-0.149376,3.572442,0.316627,0.631656,0.896828,62.654125,0.955965,-0.277048,0.678705,1.237626,3.473034,0.493342,3.572442,0.907241,9.200711,0.0,1.30744,0.886782
2024-01-09,473.88,473.14,1.0,0.0,-0.151707,0.260235,2.972621,0.792098,0.679012,0.87916,61.326959,0.933344,-0.241234,0.350032,0.979788,3.18188,0.420653,2.972621,0.817005,4.879157,1.0,1.230329,0.829594
2024-01-10,476.56,475.66,1.0,0.0,0.565544,1.657459,3.153748,0.753058,0.680052,0.857816,64.353711,0.943625,-0.179478,0.609839,1.401102,3.612421,0.539194,3.153748,0.826616,3.315744,1.0,1.241195,0.991156
2024-01-11,476.35,475.19,1.0,0.0,-0.044066,1.94102,2.639517,0.625257,0.684245,0.907794,63.931477,0.941939,-0.145327,0.376293,1.225652,3.422104,0.48536,2.639517,0.947193,4.080681,0.0,1.191229,0.972994
2024-01-12,476.68,476.915,1.0,0.0,0.069277,1.872115,1.313496,0.575023,0.682005,0.880473,64.327565,0.934437,-0.121662,0.29678,1.170926,3.352148,0.465883,1.313496,0.701496,4.2392,1.0,1.198042,0.998937
2024-01-16,474.93,474.835,1.0,0.0,-0.367123,0.069532,0.618631,0.581507,0.619172,0.867517,60.531342,0.892411,-0.134063,-0.047633,0.722811,2.852816,0.269222,0.618631,1.0377,2.337913,0.0,1.180471,0.812965
2024-01-17,472.29,471.33,1.0,0.0,-0.555871,-0.335528,0.630686,0.310915,0.62322,0.898901,55.23563,0.806758,-0.180363,-0.40297,0.147382,2.189674,-0.000665,0.630686,0.874285,-4.183615,0.0,1.117114,0.532412
2024-01-18,476.49,474.74,1.0,0.0,0.889284,-0.014689,0.957688,0.386853,0.622651,0.905657,61.070754,0.79046,-0.150368,0.321303,0.938195,2.973311,0.283473,0.957688,1.164765,-6.007863,0.0,1.149905,0.978746
2024-01-19,482.43,479.63,1.0,0.0,1.246616,1.276372,1.598433,0.498262,0.640357,0.947422,67.519338,0.862942,-0.053042,1.042487,1.983167,4.083235,0.685308,1.598433,1.415914,-8.405305,0.0,1.123067,1.0
2024-01-22,483.45,484.0,1.0,0.0,0.21143,1.42024,3.243924,0.70209,0.681966,0.896314,68.484739,0.932416,0.014692,0.833922,1.985223,4.127575,0.634533,3.243924,0.959728,-8.302563,0.0,1.094918,1.0
2024-01-23,484.86,484.0,1.0,0.0,0.291654,2.090834,2.572456,0.696793,0.593197,0.835595,69.820117,0.998003,0.066358,0.749189,2.06079,4.250106,0.635626,2.572456,0.636169,-9.793099,1.0,1.129025,1.0
2024-01-24,485.39,486.825,1.0,0.0,0.10931,2.77372,2.478623,0.618993,0.566311,0.830796,70.329044,1.047714,0.093669,0.571242,1.961404,4.185759,0.594749,2.478623,1.054197,-11.284183,0.0,1.13229,1.0
2024-01-25,488.03,486.85,1.0,0.0,0.543893,2.421877,2.602754,0.441807,0.566078,0.795905,72.790395,1.11291,0.131221,0.742726,2.270907,4.557554,0.657572,2.602754,0.932286,-10.132423,0.0,1.128719,1.0
2024-01-26,487.41,487.83,1.0,0.0,-0.127041,1.032274,2.287465,0.409096,0.56989,0.761239,71.294603,1.14707,0.131306,0.408989,1.933136,4.24384,0.563124,2.287465,0.994773,-11.115445,0.0,1.094753,0.97012
2024-01-29,491.27,489.295,1.0,0.0,0.791941,1.617541,3.058592,0.21991,0.572466,0.769904,74.770634,1.213219,0.164349,0.79957,2.472943,4.860927,0.665588,3.058592,0.80322,-12.406515,1.0,1.099014,1.0
2024-01-30,490.89,490.865,1.0,0.0,-0.077351,1.243658,3.277861,0.321831,0.590699,0.708781,73.822888,1.25308,0.162718,0.479913,2.160785,4.583781,0.589347,3.277861,0.768564,-10.68784,1.0,1.02349,0.98416
2024-01-31,482.88,485.97,1.0,0.0,-1.63173,-0.51711,2.164392,0.360324,0.58454,0.846191,57.327645,1.158023,0.03966,-0.776099,0.446558,2.761307,0.278377,2.164392,1.622302,-7.195443,0.0,1.024521,0.650271
2024-02-01,489.2,486.515,1.0,0.0,1.308814,0.239739,4.353762,0.843516,0.688307,0.896963,64.136705,1.143507,0.031673,0.347766,1.590813,3.938888,0.447798,4.353762,1.183385,-3.009771,0.0,1.011592,0.913714
2024-02-02,494.35,492.675,1.0,0.0,1.052739,1.423853,5.7931,1.001082,0.701072,0.954024,68.541746,1.202147,0.081517,0.93175,2.400855,4.826192,0.581715,5.7931,1.303186,-6.153142,0.0,1.007342,1.0
2024-02-05,492.55,492.305,1.0,0.0,-0.364114,0.260549,5.26372,1.067678,0.712276,0.942183,65.512904,1.219117,0.075513,0.375456,1.831319,4.26278,0.489527,5.26372,1.018546,-11.33772,0.0,1.005998,0.931896
2024-02-06,493.98,493.185,1.0,0.0,0.290326,0.629469,4.083439,1.058842,0.725711,0.875466,66.769251,1.234652,0.075487,0.443595,1.920503,4.378604,0.516851,4.083439,0.753901,-10.132286,1.0,1.024682,0.983228
2024-02-07,498.1,496.945,1.0,0.0,0.834042,3.151922,5.110999,1.059678,0.674717,0.874257,70.143925,1.291283,0.113364,0.850591,2.500103,5.032955,0.641227,5.110999,0.945294,-7.508365,0.0,1.052225,1.0
2024-02-08,498.32,497.985,1.0,0.0,0.044168,1.864268,4.566057,0.59743,0.682989,0.796152,70.317267,1.331872,0.123579,0.594981,2.297389,4.870455,0.605398,4.566057,0.703812,-8.667074,1.0,1.061116,1.0
2024-02-09,501.2,500.07,1.0,0.0,0.577942,1.385658,5.216752,0.516313,0.680465,0.774621,72.563028,1.387028,0.148543,0.781178,2.606333,5.250502,0.663531,5.216752,0.866795,-10.298933,1.0,1.07056,1.0
2024-02-12,500.98,501.87,1.0,0.0,-0.043895,1.711501,5.09776,0.416239,0.681633,0.758396,72.114185,1.417552,0.142818,0.49009,2.311722,4.990028,0.620246,5.09776,0.779356,-12.354484,1.0,1.037097,0.99239
2024-02-13,494.08,493.905,1.0,0.0,-1.3773,0.020244,4.032173,0.32804,0.683634,0.943334,59.651483,1.333329,0.032635,-0.597755,0.815921,3.400294,0.38065,4.032173,1.573548,-12.268393,0.0,1.053659,0.753718
2024-02-14,498.57,496.735,1.0,0.0,0.90876,0.094359,5.564378,0.765537,0.760457,0.943642,64.010148,1.297342,0.006689,0.203508,1.564553,4.162675,0.495315,5.564378,0.952879,-8.855885,0.0,1.093306,0.909028
2024-02-15,502.01,500.5,1.0,0.0,0.689973,0.740488,5.355831,0.782086,0.754568,0.908631,66.955405,1.309773,0.022371,0.594816,2.045164,4.680983,0.576118,5.355831,0.885419,-11.662181,1.0,1.098155,1.0
2024-02-16,499.51,500.81,1.0,0.0,-0.497998,-0.337191,3.54041,0.827122,0.74766,0.901396,62.92514,1.278191,-0.012524,0.062551,1.388569,3.990041,0.434557,3.54041,1.096061,-11.963436,0.0,1.092655,0.872319
2024-02-20,496.76,496.43,1.0,0.0,-0.55054,-0.842349,2.753129,0.82804,0.729482,0.921348,58.736858,1.196414,-0.081157,-0.326086,0.750707,3.279119,0.282396,2.753129,1.079696,-15.926034,0.0,1.100812,0.725562
2024-02-21,497.21,495.465,1.0,0.0,0.090587,0.633501,2.547127,0.850075,0.746379,0.899949,59.215239,1.119377,-0.125629,-0.15732,0.761176,3.236134,0.256947,2.547127,0.894367,-15.55601,1.0,1.112622,0.749085
2024-02-22,507.5,505.755,1.0,0.0,2.069548,1.791123,4.5551,0.596505,0.745604,1.060496,68.273123,1.187627,-0.025709,1.264601,2.568421,5.15111,0.681093,4.5551,1.141704,-13.720381,0.0,1.093863,1.0
2024-02-23,507.85,508.615,1.0,0.0,0.068966,1.163323,4.061226,0.96636,0.857123,0.998014,68.529144,1.249986,0.029989,0.885686,2.381823,5.00852,0.649163,4.061226,0.924573,-14.742002,0.0,1.108301,1.0
2024-02-26,505.99,507.305,1.0,0.0,-0.36625,1.297271,3.811986,0.95586,0.85458,0.94428,65.504008,1.26064,0.028927,0.343537,1.812257,4.434555,0.53719,3.811986,0.740611,-11.695089,1.0,1.079228,0.925511
2024-02-27,506.93,505.955,1.0,0.0,0.185774,2.047266,3.187656,0.936888,0.860765,0.880246,66.313341,1.263493,0.027251,0.352677,1.807344,4.438998,0.554943,3.187656,0.718842,-10.980822,1.0,1.099236,0.963156
2024-02-28,506.26,505.91,1.0,0.0,-0.132168,1.820156,3.131048,0.851501,0.84967,0.815774,65.140229,1.244262,0.005107,0.146588,1.511067,4.12534,0.495618,3.131048,0.821396,-9.802847,1.0,1.09907,0.936324
2024-02-29,508.08,507.545,1.0,0.0,0.359499,0.114286,5.218688,0.872599,0.850521,0.819676,66.855494,1.237933,0.002574,0.337173,1.694304,4.315596,0.524145,5.218688,1.27364,-15.166679,0.0,0.98634,1.0
2024-03-01,512.85,510.925,1.0,0.0,0.938829,0.984543,4.834424,0.251965,0.745232,0.839231,70.89727,1.285186,0.049053,0.849157,2.390719,5.076755,0.705824,4.834424,1.130356,-12.451281,0.0,1.019326,1.0
2024-03-04,512.3,513.1,1.0,0.0,-0.107244,1.24706,3.631031,0.44776,0.723169,0.785372,69.839741,1.309431,0.057577,0.492785,2.059208,4.76013,0.660572,3.631031,0.708574,-7.698399,1.0,1.009739,0.972906
2024-03-05,507.18,507.805,1.0,0.0,-0.999414,0.049316,2.970257,0.390965,0.701775,0.881804,60.75456,1.245142,-0.015479,-0.341619,0.939311,3.562342,0.408513,2.970257,1.026872,-4.609816,0.0,1.023303,0.72069
2024-03-06,509.75,510.245,1.0,0.0,0.506723,0.689369,3.192437,0.638393,0.739113,0.888283,63.332984,1.204546,-0.039776,0.108856,1.310812,3.920554,0.47581,3.192437,0.971341,-5.085909,0.0,1.028715,0.835718
2024-03-07,514.81,512.85,1.0,0.0,0.992643,1.324595,3.354748,0.660331,0.742675,0.921302,67.816335,1.230898,-0.000955,0.732362,2.091238,4.748692,0.655443,3.354748,0.827076,-4.990214,1.0,1.026703,1.0
2024-03-08,511.72,514.675,1.0,0.0,-0.600221,-0.220337,2.689035,0.745552,0.750634,0.988019,62.768969,1.206151,-0.026512,0.085127,1.335777,3.952015,0.479667,2.689035,1.234279,-5.733206,0.0,1.045198,0.850941
2024-03-11,511.28,510.19,1.0,0.0,-0.085985,-0.199102,2.011173,0.721678,0.768863,0.945165,62.060655,1.161333,-0.057913,-0.000621,1.128384,3.705544,0.432011,2.011173,0.881147,-3.815488,0.0,1.026231,0.829715
2024-03-12,516.78,514.12,1.0,0.0,1.075731,1.892819,3.153819,0.72134,0.763366,0.978646,67.063858,1.185235,-0.016828,0.714177,2.000959,4.623332,0.637561,3.153819,1.031212,-2.203145,0.0,1.040943,1.0
2024-03-13,515.97,515.89,1.0,0.0,-0.15674,1.220206,4.430457,0.640841,0.791125,0.921847,65.68993,1.1895,-0.01156,0.370192,1.662826,4.276989,0.573135,4.430457,0.768195,-0.199479,1.0,0.947393,0.964317
2024-03-14,514.95,514.475,1.0,0.0,-0.197686,0.027194,3.285396,0.668495,0.713576,0.938006,63.914216,1.164359,-0.031264,0.114451,1.32079,3.904974,0.4985,3.285396,1.508035,1.793061,0.0,1.016414,0.908591
2024-03-15,509.83,509.91,1.0,0.0,-0.994271,-0.369343,1.557738,0.563606,0.700771,0.999724,55.765419,1.060779,-0.117481,-0.589035,0.283455,2.75615,0.243644,1.557738,1.461096,5.755649,0.0,1.039348,0.652847
2024-03-18,512.86,513.96,1.0,0.0,0.594316,0.309028,2.672619,0.661974,0.732987,1.008197,59.089617,0.999844,-0.137163,0.001186,0.795032,3.230547,0.350391,2.672619,1.218439,5.867787,0.0,1.016333,0.804196
2024-03-19,515.71,513.56,1.0,0.0,0.555707,-0.207051,3.814719,0.713019,0.728567,0.995111,61.98352,0.984478,-0.116997,0.370579,1.224514,3.649577,0.460948,3.814719,0.819045,11.644311,0.0,1.027418,0.946553
2024-03-20,520.48,517.85,1.0,0.0,0.924938,0.874082,4.680115,0.584183,0.716342,0.996446,66.282486,1.029809,-0.049257,0.86223,1.950975,4.419569,0.68402,4.680115,0.946952,10.855398,0.0,1.028907,1.0
2024-03-21,522.2,523.01,1.0,0.0,0.330464,1.407904,2.896552,0.691267,0.733434,0.953427,67.70082,1.083438,0.006341,0.793865,2.065492,4.569252,0.807051,2.896552,0.804304,11.950659,1.0,1.028237,1.0
2024-03-22,521.21,521.79,1.0,0.0,-0.189583,2.232117,2.630698,0.665889,0.601628,0.869827,65.98042,1.102734,0.018873,0.401046,1.690695,4.192409,0.70645,2.630698,1.044366,14.153575,0.0,1.035849,0.938927
2024-03-25,519.77,520.28,1.0,0.0,-0.27628,1.347346,2.723374,0.368969,0.605879,0.796982,63.454555,1.084629,-0.001788,0.082405,1.273772,3.745691,0.600778,2.723374,0.657299,8.482981,1.0,1.042204,0.850093
2024-03-26,518.81,519.99,1.0,0.0,-0.184697,0.601113,2.343519,0.452518,0.602489,0.773721,61.757186,1.042884,-0.036435,-0.06832,0.982208,3.409947,0.530097,2.343519,0.883691,9.000532,1.0,1.022073,0.787327
2024-03-27,523.17,521.35,0.0,1.0,0.840385,0.516831,3.340181,0.455617,0.606364,0.777107,66.181695,1.054894,-0.012344,0.513008,1.653598,4.104298,0.773606,3.340181,1.113243,8.377734,0.0,1.020796,1.0
2024-03-28,523.07,523.695,0.0,0.0,-0.019114,0.166603,2.950323,0.426075,0.623139,0.720269,65.993108,1.057768,-0.007739,0.328656,1.476235,3.917951,0.761156,2.950323,1.278707,14.284879,0.0,1.022326,0.993746
2024-04-01,522.16,522.675,0.0,0.0,-0.173973,0.182268,1.815346,0.411623,0.622735,0.712395,64.200286,1.035732,-0.025306,0.102688,1.17446,3.585352,0.72166,1.815346,0.839459,9.477528,1.0,1.021401,0.936836
2024-04-02,518.84,517.73,0.0,0.0,-0.63582,-0.178925,1.276596,0.409971,0.598792,0.767327,58.008556,0.960606,-0.085776,-0.356491,0.480341,2.808738,0.557201,1.276596,1.007897,4.79174,0.0,1.051025,0.729206
2024-04-03,519.41,519.31,0.0,0.0,0.10986,0.115649,2.411373,0.483582,0.618339,0.748485,58.744223,0.89339,-0.121476,-0.164817,0.534169,2.803896,0.611984,2.411373,0.811707,2.719133,1.0,1.049462,0.764853
2024-04-04,513.07,518.315,0.0,0.0,-1.220616,-1.930539,0.6513,0.47964,0.568048,0.945422,48.554759,0.743072,-0.227468,-0.926553,-0.627384,1.487404,0.300614,0.6513,1.315364,4.59662,0.0,1.055457,0.247392
2024-04-05,518.43,517.225,0.0,0.0,1.044692,-0.887071,0.703172,0.486706,0.630671,1.000441,55.571118,0.684371,-0.220907,0.07228,0.371488,2.445285,0.68195,0.703172,1.008971,4.186184,0.0,1.051321,0.644678
2024-04-08,518.72,519.035,0.0,0.0,0.055938,-0.658802,1.367936,0.758217,0.634714,0.925427,55.921395,0.640705,-0.211254,0.085469,0.38675,2.402092,0.784955,1.367936,0.637021,8.378221,0.0,1.048701,0.666417
2024-04-09,519.32,517.55,0.0,0.0,0.115669,0.092514,1.572524,0.763846,0.617655,0.965428,56.682334,0.608015,-0.194367,0.134068,0.454757,2.419304,0.910422,1.572524,0.902198,6.241044,0.0,1.082303,0.711394
2024-04-10,514.12,514.125,0.0,0.0,-1.001309,-1.018463,-0.514726,0.722168,0.616674,1.032672,48.816801,0.501197,-0.247441,-0.580737,-0.498882,1.338381,0.626937,-0.514726,1.084226,7.518387,0.0,1.072146,0.321589
2024-04-11,518.0,515.78,0.0,0.0,0.754688,0.960883,0.393434,0.824397,0.615124,1.078755,53.951436,0.463681,-0.223479,0.112981,0.227982,2.019027,0.936646,0.393434,0.925335,5.608947,0.0,1.107518,0.612444
2024-04-12,510.85,512.45,0.0,0.0,-1.380309,-1.462107,-0.796194,0.705976,0.636968,1.180821,44.993793,0.32634,-0.296351,-0.849518,-1.04658,0.586753,0.512262,-0.796194,1.233138,2.744277,0.0,1.058436,0.076462
2024-04-15,504.45,509.44,0.0,0.0,-1.252814,-2.751002,-1.055254,0.783625,0.705764,1.346138,38.786159,0.111389,-0.415362,-1.40425,-2.073055,-0.647174,0.147047,-1.055254,1.253729,-0.289204,0.0,1.049884,0.0
2024-04-16,503.53,504.355,0.0,0.0,-0.182377,-3.040515,-1.81921,0.840515,0.725269,1.282382,37.975077,-0.076221,-0.483147,-1.06165,-2.041586,-0.796144,0.182588,-1.81921,1.011356,-0.408202,0.0,1.066239,0.0
2024-04-17,500.55,502.67,0.0,0.0,-0.591822,-2.639462,-2.939637,0.800614,0.710349,1.30714,35.393281,-0.271316,-0.544532,-1.104188,-2.377611,-1.32973,0.134977,-2.939637,1.042415,-1.828968,0.0,1.07229,0.0
2024-04-18,499.52,501.345,0.0,0.0,-0.205774,-3.567568,-4.027052,0.777248,0.702237,1.283867,34.519714,-0.438037,-0.569453,-0.87561,-2.338665,-1.473545,0.19387,-4.027052,1.009099,0.520652,0.0,1.058813,0.0
2024-04-19,495.16,497.16,0.0,0.0,-0.872838,-3.071352,-5.178093,0.50789,0.657804,1.300202,31.028547,-0.63843,-0.616802,-1.16731,-2.895978,-2.244064,0.09778,-5.178093,1.416462,-3.679451,0.0,1.059929,0.0
2024-04-22,499.72,498.905,1.0,1.0,0.920914,-0.937655,-4.123098,0.407005,0.661267,1.309201,38.081732,-0.705178,-0.546998,-0.171578,-1.814551,-1.291798,0.291994,-4.123098,0.942973,-4.808693,0.0,1.055467,0.162799
2024-04-23,505.65,502.81,1.0,0.0,1.186665,0.421028,-2.716586,0.610262,0.709956,1.294313,45.838505,-0.651606,-0.396225,0.673094,-0.587933,-0.115744,0.471352,-2.716586,0.897512,-2.426747,1.0,1.09995,0.374509
2024-04-24,505.41,505.25,1.0,0.0,-0.047464,0.970932,-2.582834,0.821277,0.771801,1.234127,45.58958,-0.612765,-0.28581,0.416007,-0.574978,-0.156764,0.467648,-2.582834,0.785069,-3.833785,1.0,1.084232,0.365941
2024-04-25,503.49,500.88,1.0,0.0,-0.37989,0.794763,-3.761684,0.757632,0.771935,1.283391,43.55197,-0.607721,-0.223616,0.023022,-0.862734,-0.515145,0.409046,-3.761684,0.998742,-7.172069,0.0,1.069,0.297394
2024-04-26,508.26,507.79,1.0,0.0,0.947387,2.645609,-2.831361,0.779012,0.74059,1.269465,49.581051,-0.514563,-0.10725,0.644998,0.069191,0.410534,0.541872,-2.831361,0.947256,-9.852765,0.0,1.06427,0.469366
2024-04-29,510.06,509.0,1.0,0.0,0.354149,2.069159,-2.317297,0.619596,0.78054,1.187812,51.678455,-0.410476,-0.00368,0.6654,0.383089,0.735872,0.584294,-2.317297,0.704648,-11.495494,1.0,1.120535,0.551852
2024-04-30,501.98,505.77,1.0,0.0,-1.584127,-0.725798,-3.249557,0.587926,0.787859,1.260624,43.025944,-0.459316,-0.036778,-0.621437,-1.093401,-0.82647,0.298263,-3.249557,1.227928,-14.32155,0.0,1.113607,0.281237
2024-05-01,500.35,504.03,1.0,0.0,-0.324714,-1.001167,-3.669548,0.845954,0.844344,1.317812,41.515838,-0.514745,-0.072664,-0.631409,-1.281571,-1.103958,0.206061,-3.669548,1.287931,-14.509922,0.0,1.108195,0.214021
2024-05-02,505.03,502.72,1.0,0.0,0.935345,0.305865,-1.567038,0.847026,0.842672,1.298903,47.241341,-0.472104,-0.027296,0.19849,-0.324208,-0.171933,0.307559,-1.567038,1.017351,-16.503609,0.0,1.086209,0.408526
2024-05-03,511.29,510.555,1.0,0.0,1.23953,0.596152,-1.377235,0.947756,0.840964,1.308038,53.761949,-0.334032,0.084264,0.955731,0.823798,1.023255,0.473362,-1.377235,1.207215,-18.428208,0.0,1.103478,0.667632
2024-05-06,516.57,514.955,1.0,0.0,1.032682,1.27632,-0.414482,1.007442,0.854896,1.259362,58.428869,-0.142725,0.217036,1.323374,1.684377,1.983857,0.604386,-0.414482,0.813268,-23.511662,1.0,1.1237,0.886175
2024-05-07,517.14,517.51,1.0,0.0,0.110343,3.020041,-0.41978,1.072875,0.887717,1.144904,58.911019,0.014897,0.299409,0.952229,1.6227,2.012524,0.571028,-0.41978,0.928528,-24.950098,0.0,1.120569,0.909768
2024-05-08,517.19,516.44,1.0,0.0,0.009669,3.365644,0.597137,0.600586,0.887678,1.059183,58.955989,0.138854,0.338672,0.639277,1.474754,1.941538,0.52456,0.597137,0.763837,-27.789832,1.0,1.136147,0.964536
2024-05-09,520.17,518.46,1.0,0.0,0.576191,2.997842,0.418919,0.505067,0.858497,1.002414,61.649949,0.278749,0.381937,0.809478,1.859657,2.427335,0.59078,0.418919,0.798306,-27.832894,1.0,1.167187,1.0
2024-05-10,520.84,521.115,1.0,0.0,0.128804,1.867825,1.955564,0.486793,0.851855,0.94572,62.249882,0.395565,0.398896,0.624262,1.797842,2.456437,0.571319,1.955564,0.965943,-27.959209,0.0,1.160129,1.0
2024-05-13,520.91,521.205,1.0,0.0,0.01344,0.840157,3.26296,0.383949,0.788561,0.894511,62.316211,0.483867,0.389759,0.424288,1.636175,2.371039,0.531835,3.26296,0.693756,-27.957168,1.0,1.180429,1.0
2024-05-14,523.3,522.195,1.0,0.0,0.458812,1.191167,3.92628,0.20997,0.725734,0.855019,64.60303,0.58151,0.390265,0.588296,1.898455,2.726292,0.573994,3.92628,1.097661,-27.859053,0.0,1.217335,1.0
2024-05-15,529.78,527.63,1.0,0.0,1.238295,2.434308,5.839576,0.235633,0.723915,0.90259,69.93096,0.7427,0.443035,1.215156,2.850702,3.835535,0.724264,5.839576,1.171307,-30.237488,0.0,1.23193,1.0
2024-05-16,528.69,530.03,1.0,0.0,-0.205746,1.637926,5.839606,0.430275,0.734222,0.859012,68.074802,0.851436,0.440923,0.669028,2.381763,3.474927,0.644603,5.839606,1.023131,-33.525165,0.0,1.190175,0.968515
2024-05-17,529.45,528.42,1.0,0.0,0.143752,1.653099,6.925034,0.503836,0.734221,0.798812,68.698652,0.935848,0.420739,0.541027,2.282589,3.476628,0.629209,6.925034,1.171552,-29.988485,0.0,1.106076,0.990468
2024-05-20,530.06,530.365,1.0,0.0,0.115214,1.756541,6.0714,0.502696,0.685766,0.751626,69.218572,1.000313,0.388638,0.436952,2.166867,3.449969,0.625058,6.0714,0.767181,-31.699848,1.0,1.165475,1.0
2024-05-21,531.36,530.295,1.0,0.0,0.245255,1.540225,5.084545,0.491411,0.673884,0.711293,70.34892,1.057236,0.357646,0.454484,2.18218,3.553282,0.642527,5.084545,0.688103,-32.522975,1.0,1.199996,1.0
2024-05-22,529.83,529.49,1.0,0.0,-0.28794,0.009438,4.831721,0.48938,0.642263,0.713359,67.220274,1.07182,0.296167,0.110096,1.705085,3.123472,0.578041,4.831721,1.000921,-32.136964,0.0,1.189409,0.950661
2024-05-23,525.96,528.895,1.0,0.0,-0.730423,-0.516371,4.462849,0.209431,0.649931,0.83447,59.956841,1.017806,0.189157,-0.414946,0.869772,2.275169,0.460488,4.462849,1.1973,-30.958115,0.0,1.144605,0.825863
2024-05-24,529.44,528.575,1.0,0.0,0.661647,-0.001889,4.167159,0.36267,0.670759,0.826996,63.750013,1.003849,0.144517,0.162505,1.388743,2.832831,0.530577,4.167159,0.864507,-29.643717,0.0,1.172977,0.938084
2024-05-28,529.81,528.81,1.0,0.0,0.069885,-0.047164,3.872093,0.474895,0.658053,0.801794,64.138972,0.991597,0.106293,0.154882,1.318757,2.787611,0.521169,3.872093,0.772759,-28.746036,0.0,1.203016,0.950016
2024-05-29,526.1,526.34,1.0,0.0,-0.700251,-0.989913,4.804972,0.473052,0.657781,0.812315,57.479139,0.921842,0.024236,-0.364967,0.550925,1.985138,0.403718,4.804972,0.963165,-25.645375,0.0,1.080333,0.830377
2024-05-30,522.61,523.265,1.0,0.0,-0.663372,-1.362701,4.448886,0.520495,0.559259,0.830404,52.008343,0.803619,-0.079985,-0.686292,-0.105056,1.256635,0.264804,4.448886,0.982486,-24.23506,0.0,0.978086,0.717833
2024-05-31,527.37,522.93,1.0,0.0,0.910813,0.268081,4.4235,0.554131,0.58071,0.944272,57.89466,0.762724,-0.090324,0.145408,0.727595,2.091659,0.358358,4.4235,1.953764,-24.423278,0.0,0.968475,0.848462
2024-06-03,527.8,525.955,1.0,0.0,0.081537,-0.309761,3.229087,0.66138,0.579221,0.987211,58.391149,0.73358,-0.095018,0.151261,0.732044,2.087831,0.312303,3.229087,1.019067,-23.74193,0.0,0.98287,0.822621
2024-06-04,528.39,527.055,1.0,0.0,0.111785,-0.268021,2.28817,0.592176,0.530035,0.960357,59.103715,0.710996,-0.093341,0.175323,0.76359,2.113773,0.264685,2.28817,0.756305,-21.20722,0.0,1.019638,0.799189
2024-06-05,534.67,531.71,1.0,0.0,1.188516,1.628968,3.389798,0.594251,0.49081,0.97964,65.814499,0.771483,-0.018726,0.906488,1.771094,3.192759,0.546918,3.389798,1.035626,-18.78658,0.0,1.019292,1.0
2024-06-06,534.66,534.05,1.0,0.0,-0.00187,2.305735,3.377869,0.658855,0.54376,0.917367,65.795985,0.81649,0.021013,0.601254,1.598004,3.061867,0.502182,3.377869,0.644298,-13.13444,1.0,0.976006,0.999428
2024-06-07,534.01,534.715,1.0,0.0,-0.121573,1.259078,2.660669,0.492293,0.543934,0.904632,64.52535,0.833751,0.029845,0.318791,1.33219,2.818167,0.41806,2.660669,0.889126,-11.076964,1.0,0.965407,0.954483
2024-06-10,535.66,534.28,1.0,0.0,0.308983,1.4892,2.845404,0.47535,0.538971,0.866728,66.304251,0.858989,0.046047,0.418296,1.486267,3.009182,0.466283,2.845404,0.742989,-11.177815,1.0,0.97316,1.0
2024-06-11,536.95,534.53,1.0,0.0,0.240824,1.620016,3.079227,0.467713,0.540332,0.872524,67.669272,0.888058,0.061655,0.439119,1.563268,3.125526,0.49907,3.079227,0.760162,-9.563472,1.0,0.988978,1.0
2024-06-12,541.36,542.21,1.0,0.0,0.821306,1.251239,3.451175,0.460272,0.539903,0.92662,71.865316,0.959962,0.112233,0.839152,2.164146,3.81078,0.73754,3.451175,1.318374,-8.470644,0.0,0.962778,1.0
2024-06-13,542.45,541.46,1.0,0.0,0.201345,1.457001,2.391559,0.326024,0.555711,0.893385,72.8048,1.025023,0.143198,0.692385,2.13932,3.85608,0.71605,2.391559,0.942944,-6.560385,0.0,0.975217,1.0
2024-06-14,542.78,541.33,1.0,0.0,0.060835,1.642291,2.665078,0.304078,0.49925,0.846509,73.097693,1.070029,0.150992,0.501169,1.987627,3.759786,0.647822,2.665078,0.818869,-0.30791,1.0,0.979137,1.0
2024-06-17,547.1,545.07,1.0,0.0,0.795903,2.135683,3.333648,0.260277,0.49392,0.896495,76.643953,1.147938,0.188927,0.863628,2.52601,4.397876,0.788418,3.333648,1.202575,-8.090533,0.0,0.973519,1.0
2024-06-18,548.49,547.675,1.0,0.0,0.254067,2.149176,3.476965,0.319744,0.514657,0.820937,77.664184,1.219685,0.210483,0.743816,2.514441,4.472071,0.762369,3.476965,0.897278,-6.320793,1.0,0.991633,1.0
2024-06-20,547.0,547.65,1.0,0.0,-0.271655,1.041821,2.943391,0.318267,0.514869,0.833832,73.935885,1.245991,0.187232,0.312937,2.018709,4.017423,0.640919,2.943391,1.528173,-5.29279,0.0,1.03517,0.942427
2024-06-21,544.51,544.335,1.0,0.0,-0.45521,0.379759,2.7707,0.346272,0.523464,0.823416,68.056184,1.219035,0.124347,-0.095845,1.404201,3.400222,0.518048,2.7707,1.407385,-5.441009,0.0,1.050706,0.846213
2024-06-24,542.74,544.785,1.0,0.0,-0.325063,-0.007369,3.190357,0.436633,0.531611,0.822329,64.150827,1.15739,0.047306,-0.280791,0.971239,2.940412,0.428942,3.190357,0.990183,-3.7742,0.0,1.019226,0.777821
2024-06-25,544.83,543.82,1.0,0.0,0.385083,-0.414915,2.906845,0.465766,0.50518,0.777495,66.588873,1.119198,0.010698,0.068784,1.228941,3.201773,0.459793,2.906845,0.839606,-5.400099,0.0,1.0389,0.858578
2024-06-26,545.51,544.635,1.0,0.0,0.12481,-0.54331,2.963326,0.336286,0.494897,0.751448,67.366505,1.088597,-0.014817,0.129036,1.224629,3.195794,0.440755,2.963326,0.850366,-3.411332,0.0,1.041759,0.884853
2024-06-27,546.37,545.785,1.0,0.0,0.157651,-0.115174,3.85288,0.313619,0.494627,0.707578,68.369196,1.064208,-0.029976,0.191077,1.250732,3.222533,0.437266,3.85288,0.759006,-1.600488,0.0,1.057858,0.918083
2024-06-28,544.22,546.615,1.0,0.0,-0.393506,-0.053259,4.135015,0.315931,0.454863,0.795241,63.14558,1.006885,-0.073297,-0.135546,0.770507,2.702916,0.333249,4.135015,1.667667,-3.273091,0.0,1.127519,0.835008
2024-07-01,545.34,544.2,1.0,0.0,0.205799,0.479051,3.407475,0.299571,0.432809,0.769944,64.660319,0.961644,-0.093056,0.046639,0.883936,2.796796,0.317138,3.407475,0.886631,-2.187936,1.0,1.134243,0.850852
2024-07-02,549.01,546.33,1.0,0.0,0.672975,0.767212,4.018568,0.260719,0.401351,0.792998,69.136664,0.964057,-0.066874,0.478803,1.411914,3.347206,0.405432,4.018568,0.893197,-1.500577,1.0,1.193174,1.0
2024-07-03,551.46,550.24,1.0,0.0,0.446258,1.090722,4.366093,0.338421,0.415399,0.761098,71.71262,0.991173,-0.028142,0.616227,1.683913,3.653595,0.484066,4.366093,0.723301,-1.000778,1.0,1.210722,1.0
2024-07-05,554.64,553.085,1.0,0.0,0.576651,1.513626,3.735014,0.356885,0.418312,0.750312,74.667984,1.044455,0.024788,0.794453,2.049627,4.077798,0.628907,3.735014,0.900387,0.230168,0.0,1.202093,1.0
2024-07-08,555.28,555.22,1.0,0.0,0.11539,2.032266,3.856657,0.381274,0.364949,0.698986,75.228905,1.086702,0.054568,0.605335,1.956925,4.026641,0.648778,3.856657,0.787795,-4.140148,1.0,1.323819,1.0
2024-07-09,555.82,556.35,1.0,0.0,0.097248,1.921737,4.084193,0.212847,0.362849,0.650777,75.717471,1.115033,0.067122,0.467685,1.856624,3.959521,0.647651,4.084193,0.60931,-7.871559,1.0,1.421266,1.0
2024-07-10,561.32,559.22,1.0,0.0,0.989529,2.242218,4.790352,0.236156,0.356532,0.697439,80.036358,1.192488,0.123875,0.969836,2.584662,4.783257,0.885811,4.790352,0.874931,-7.905516,1.0,1.428088,1.0
2024-07-11,556.48,559.08,1.0,0.0,-0.862253,0.910311,3.63721,0.329672,0.395556,0.765445,68.491651,1.189615,0.089366,0.066125,1.535719,3.72195,0.652804,3.63721,1.151791,-3.7615,0.0,1.353972,0.801395
2024-07-12,559.99,560.41,0.0,1.0,0.63075,0.96459,3.441333,0.61805,0.462191,0.830421,71.681778,1.208376,0.092019,0.463784,1.964831,4.197358,0.83434,3.441333,1.124842,-1.634168,0.0,1.330813,0.933367
2024-07-15,561.53,562.235,0.0,0.0,0.275005,1.125558,3.517375,0.625273,0.45069,0.841434,72.97464,1.233691,0.096316,0.492162,2.027072,4.300505,0.887065,3.517375,0.843242,1.38939,1.0,1.362441,1.0
2024-07-16,564.86,563.63,0.0,0.0,0.593023,1.626426,4.067946,0.624511,0.451229,0.810629,75.571731,1.281768,0.120878,0.722781,2.375483,4.717028,0.998649,4.067946,0.787847,-5.433767,1.0,1.374381,1.0
2024-07-17,556.94,558.56,0.0,0.0,-1.402117,-0.780304,1.798574,0.635451,0.459389,0.910043,60.644682,1.215721,0.030659,-0.460706,0.849769,3.117398,0.669418,1.798574,1.225067,0.413376,0.0,1.332756,0.641953
2024-07-18,552.66,554.975,0.0,0.0,-0.768485,-0.686458,0.760269,0.826721,0.556489,1.014115,54.392174,1.082859,-0.089105,-0.820452,0.067629,2.231747,0.505865,0.760269,1.175075,3.845793,0.0,1.317159,0.448463
2024-07-19,548.99,550.995,0.0,0.0,-0.664061,-1.964321,0.363803,0.811342,0.585358,1.034626,49.663834,0.912131,-0.214134,-0.990929,-0.540342,1.491061,0.384217,0.363803,1.308387,8.794879,0.0,1.270309,0.28255
2024-07-22,554.65,553.145,0.0,0.0,1.030984,-1.225224,1.862225,0.728183,0.601807,1.038492,56.01447,0.835929,-0.223074,0.019891,0.438671,2.435487,0.638295,1.862225,0.831454,14.040547,0.0,1.289132,0.538427
2024-07-23,553.78,555.01,0.0,0.0,-0.156856,-1.961548,2.034123,0.907628,0.629656,0.984747,54.868566,0.762677,-0.238392,-0.091373,0.254285,2.183655,0.683101,2.034123,0.59748,25.361803,0.0,1.288844,0.499096
2024-07-24,541.23,544.73,0.0,0.0,-2.266243,-2.820771,-0.660757,0.814404,0.625106,1.205566,41.636415,0.526719,-0.39805,-1.582791,-1.829071,-0.126902,0.241357,-0.660757,1.231285,33.939383,0.0,1.304397,0.0
2024-07-25,538.41,542.455,0.0,0.0,-0.521035,-2.578439,-1.301534,1.063879,0.806095,1.298187,39.340595,0.281898,-0.518172,-1.40688,-2.122396,-0.622051,0.226172,-1.301534,0.984548,37.023011,0.0,1.277784,0.0
2024-07-26,544.44,544.34,0.0,0.0,1.119964,-0.828795,-0.35324,1.059003,0.812165,1.327656,46.17501,0.172127,-0.495265,-0.201986,-0.929376,0.471603,0.516397,-0.35324,0.858445,35.656206,0.0,1.258299,0.227977
2024-07-29,544.76,544.885,0.0,0.0,0.058776,-1.783106,0.099225,1.234776,0.851324,1.255939,46.519373,0.091244,-0.460605,-0.095598,-0.788835,0.50974,0.576134,0.099225,0.63473,36.34908,0.0,1.203678,0.240076
2024-07-30,542.0,542.93,0.0,0.0,-0.506645,-2.127199,-0.612462,1.101489,0.84694,1.310997,43.909977,-0.013572,-0.454585,-0.401979,-1.169924,0.000493,0.527886,-0.612462,0.751414,37.190937,0.0,1.21136,0.135728
2024-07-31,550.81,550.54,0.0,0.0,1.625461,1.770042,0.327863,1.097907,0.852857,1.396403,52.977058,0.033224,-0.320588,0.808021,0.394783,1.561203,0.875514,0.327863,1.039853,39.490122,0.0,1.180577,0.468809
2024-08-01,543.01,547.15,0.0,0.0,-1.416096,0.854367,-1.532296,0.87142,0.914951,1.606721,45.902185,-0.044252,-0.322517,-0.413866,-0.930013,0.11817,0.626049,-1.532296,1.22456,37.675041,0.0,1.18532,0.173913
2024-08-02,532.9,532.795,0.0,0.0,-1.861844,-2.119609,-3.91966,1.09604,0.960523,1.779452,38.689946,-0.258152,-0.433357,-1.523521,-2.51695,-1.678558,0.278873,-3.91966,1.321622,35.946582,0.0,1.177951,0.0
2024-08-05,517.38,516.925,0.0,0.0,-2.912366,-5.026067,-6.825385,1.224073,1.023105,2.171648,30.712305,-0.674095,-0.683645,-2.971171,-4.870763,-4.371706,-0.159498,-6.825385,2.374929,34.361962,0.0,1.211354,0.0
2024-08-06,522.15,523.81,1.0,1.0,0.921953,-3.662362,-6.057717,1.53026,1.178292,2.180775,35.138921,-0.904344,-0.731045,-1.394057,-3.627158,-3.357789,0.099571,-6.057717,1.382057,37.039052,0.0,1.163674,0.100463
2024-08-07,518.66,524.82,1.0,0.0,-0.66839,-5.836858,-7.599943,1.71998,1.207154,2.250799,33.454827,-1.140197,-0.772586,-1.378185,-3.880299,-3.852776,0.067144,-7.599943,1.152536,38.676852,0.0,1.127133,0.026959
2024-08-08,530.65,526.565,1.0,0.0,2.311726,-2.276201,-4.641676,1.280736,1.171846,2.223964,43.477384,-1.09744,-0.590508,0.59932,-1.502717,-1.567191,0.304927,-4.641676,1.060061,29.588364,0.0,1.128881,0.279486
2024-08-09,532.99,531.535,1.0,0.0,0.440969,0.016889,-4.821515,1.876875,1.30425,2.067819,45.211712,-1.031891,-0.421748,0.692879,-0.967609,-1.089181,0.333052,-4.821515,0.767495,25.950755,1.0,1.135346,0.32877
2024-08-12,533.27,533.34,1.0,0.0,0.052534,3.071244,-5.032679,1.750165,1.29864,1.910683,45.427491,-0.967852,-0.286423,0.495951,-0.829108,-0.99695,0.317654,-5.032679,0.717606,23.176403,1.0,1.144641,0.334667
2024-08-13,542.04,539.28,1.0,0.0,1.64457,3.80925,-4.039939,0.996674,1.295144,1.850765,51.827067,-0.763329,-0.07434,1.422265,0.724909,0.606321,0.466222,-4.039939,0.885545,27.646492,1.0,1.134291,0.519377
2024-08-14,543.75,542.54,1.0,0.0,0.315475,4.837466,-2.368298,1.080078,1.348521,1.717634,52.984769,-0.579666,0.085725,1.154778,0.942433,0.887164,0.478617,-2.368298,0.726967,25.230637,1.0,1.150124,0.666582
2024-08-15,553.07,551.12,1.0,0.0,1.714023,4.225007,0.074187,0.872223,1.32349,1.695207,58.796818,-0.289354,0.291859,1.907364,2.411936,2.511213,0.683628,0.074187,1.064515,19.363517,0.0,1.173981,0.957607
2024-08-16,554.31,553.14,1.0,0.0,0.224203,4.000075,0.969052,0.70221,1.371545,1.556336,59.513929,-0.048264,0.425319,1.41383,2.383973,2.630726,0.694079,0.969052,0.803834,10.395588,1.0,1.200227,0.990877
2024-08-19,559.61,556.735,1.0,0.0,0.956144,4.939337,0.894258,0.7312,1.363253,1.47305,62.516767,0.214886,0.547187,1.57647,3.03292,3.465467,0.773261,0.894258,0.720886,4.096088,1.0,1.225147,1.0
2024-08-20,558.7,559.085,1.0,0.0,-0.162613,3.073574,0.888439,0.631414,1.360676,1.362489,61.670987,0.405939,0.591025,0.936457,2.585427,3.163824,0.707001,0.888439,0.674839,-13.281708,1.0,1.233014,0.978451
2024-08-21,560.62,558.42,1.0,0.0,0.343655,3.102529,3.58258,0.658968,1.360721,1.352299,62.814086,0.576158,0.608488,0.851909,2.650743,3.37572,0.711188,3.58258,0.862988,-20.510609,1.0,1.225048,1.0
2024-08-22,556.22,559.08,1.0,0.0,-0.784845,0.569548,3.307888,0.656546,1.252867,1.377829,58.50777,0.646509,0.543276,0.040243,1.666442,2.461341,0.580526,3.307888,1.199589,-24.68558,0.0,1.230987,0.898242
2024-08-23,562.13,560.19,1.0,0.0,1.062529,1.410763,3.24921,0.575938,1.261579,1.344515,62.251214,0.767297,0.532119,0.732772,2.478606,3.406064,0.681792,3.24921,1.076408,-24.88371,0.0,1.241434,1.0
2024-08-26,560.79,561.48,1.0,0.0,-0.238379,0.210861,2.94258,0.693301,1.259479,1.283582,60.909404,0.841502,0.48461,0.327892,2.017233,3.031905,0.635975,2.94258,0.764941,-24.848895,1.0,1.179153,0.970056
2024-08-27,561.56,560.19,0.0,1.0,0.137306,0.511903,3.608856,0.622351,1.262428,1.199713,61.423959,0.898333,0.433544,0.309952,1.947849,3.045138,0.630771,3.608856,0.703417,-25.459828,1.0,1.239449,0.987263
2024-08-28,558.3,558.345,0.0,0.0,-0.580526,-0.413828,1.359816,0.613937,1.253371,1.203683,57.94623,0.892397,0.339915,-0.181747,1.225289,2.348723,0.560927,1.359816,0.862287,-24.581314,0.0,1.178885,0.914413
2024-08-29,558.35,560.43,0.0,0.0,0.008956,0.382942,2.824994,0.651922,1.218357,1.198317,57.985521,0.874102,0.257336,-0.115272,1.115486,2.26333,0.548059,2.824994,0.805005,-22.943984,1.0,1.184018,0.915531
2024-08-30,563.68,560.67,0.0,0.0,0.954598,0.275737,5.775943,0.549788,1.169772,1.195719,62.055395,0.917265,0.245064,0.557261,1.878844,3.108544,0.626846,5.775943,1.333582,-24.944453,0.0,1.149541,1.0
2024-09-03,552.08,555.16,0.0,0.0,-2.057905,-1.553166,6.706869,0.511493,1.086086,1.400285,50.573351,0.799391,0.090453,-1.013182,-0.197031,0.947609,0.431512,6.706869,1.299662,-24.29125,0.0,0.910158,0.74946
2024-09-04,550.95,551.945,0.0,0.0,-0.20468,-1.88938,5.515656,1.002931,0.969991,1.336347,49.610371,0.667869,-0.034018,-0.813824,-0.363227,0.711724,0.400197,5.515656,1.001853,-23.199811,0.0,0.98926,0.717237
2024-09-05,549.61,550.45,1.0,1.0,-0.243216,-1.556511,5.9673,0.981699,0.966675,1.32353,48.432643,0.537836,-0.13261,-0.705856,-0.548204,0.448389,0.358888,5.9673,0.914492,-21.092281,0.0,0.950333,0.687472
2024-09-06,540.36,545.52,1.0,0.0,-1.683012,-3.221993,1.829831,0.976899,0.950264,1.466742,41.16744,0.299333,-0.306072,-1.597315,-2.014634,-1.194038,0.0834,1.829831,1.367327,-16.079756,0.0,1.012416,0.293975
2024-09-09,546.41,545.195,1.0,0.0,1.119624,-3.063795,2.517871,1.094329,0.924806,1.436454,46.789615,0.189046,-0.327725,-0.33093,-0.830905,-0.084343,0.192695,2.517871,0.790539,-13.925595,0.0,1.03597,0.437276
2024-09-10,548.79,546.265,1.0,0.0,0.43557,-0.595928,2.910346,1.143514,0.949011,1.379715,48.860011,0.137229,-0.30184,0.068776,-0.361096,0.337054,0.215507,2.910346,0.715919,-14.248889,0.0,1.045801,0.510358
2024-09-11,554.42,547.66,1.0,0.0,1.025893,0.629821,2.283964,0.928501,0.951139,1.553968,53.471993,0.175745,-0.207092,0.727593,0.597756,1.312118,0.346733,2.283964,1.46435,-13.046357,0.0,1.01176,0.602916
2024-09-12,559.09,556.07,1.0,0.0,0.842322,1.724859,2.821149,1.029723,0.911187,1.494352,56.940845,0.269931,-0.087767,1.045205,1.305685,2.078805,0.500395,2.821149,1.002822,-11.500941,0.0,1.012278,0.803173
2024-09-13,562.01,561.24,1.0,0.0,0.522277,4.006588,1.616432,1.042303,0.924065,1.38185,58.999172,0.381468,0.020503,1.043158,1.657145,2.506943,0.594867,1.616432,0.75543,-8.960801,1.0,1.015449,0.928388
2024-09-16,562.84,561.505,1.0,0.0,0.147684,3.0069,1.53885,0.269936,0.856849,1.27188,59.590479,0.476683,0.093,0.791775,1.632346,2.551421,0.599888,1.53885,0.702136,-5.548699,1.0,1.040592,0.963979
2024-09-17,563.07,563.685,1.0,0.0,0.040864,2.602088,0.618288,0.309074,0.856384,1.238952,59.763649,0.549325,0.132639,0.553771,1.512049,2.489097,0.586042,0.618288,0.943953,-3.721542,0.0,1.035409,0.973842
2024-09-18,561.4,564.76,1.0,0.0,-0.296588,1.258973,0.483265,0.381557,0.832467,1.263628,57.825954,0.578187,0.128209,0.170215,1.094383,2.097638,0.485494,0.483265,1.117156,5.735949,0.0,1.081144,0.90223
2024-09-19,570.98,570.48,1.0,0.0,1.706448,2.12667,1.847954,0.394446,0.834561,1.344847,64.863761,0.716825,0.219517,1.245243,2.54415,3.683751,0.824954,1.847954,1.437415,8.919682,0.0,1.038056,1.0
2024-09-20,568.25,567.24,1.0,0.0,-0.478125,1.110301,2.162813,0.692347,0.909824,1.307459,61.703771,0.790514,0.232654,0.506159,1.854627,3.059168,0.665069,2.162813,1.484006,11.631514,0.0,1.055444,0.910843
2024-09-23,569.67,569.215,1.0,0.0,0.24989,1.213489,1.341327,0.774727,0.897351,1.1825,62.72109,0.85434,0.238297,0.503604,1.904455,3.182496,0.649295,1.341327,0.865922,8.296528,1.0,1.067315,0.957218
2024-09-24,571.3,569.48,1.0,0.0,0.286131,1.46163,1.874142,0.77379,0.871372,1.109663,63.906356,0.916358,0.241657,0.526063,1.982742,3.3368,0.659684,1.874142,0.910195,9.912601,0.0,1.123233,1.0
2024-09-25,570.04,570.4,1.0,0.0,-0.22055,1.53901,1.510079,0.767071,0.869574,1.033536,62.258502,0.940895,0.211763,0.202697,1.58775,2.983337,0.576137,1.510079,0.746563,10.747497,1.0,1.07501,0.959276
2024-09-26,572.3,572.305,1.0,0.0,0.396463,0.231181,2.507612,0.755892,0.872231,1.004256,64.049135,0.975569,0.199453,0.399177,1.797528,3.254295,0.605393,2.507612,0.974375,4.163202,0.0,1.096937,1.0
2024-09-27,571.47,572.32,1.0,0.0,-0.145029,0.566652,2.349781,0.33699,0.861228,0.96028,62.869409,0.984387,0.165715,0.168904,1.490418,2.979172,0.554247,2.349781,0.855307,2.349595,1.0,1.060962,0.974014
2024-09-30,573.76,571.23,1.0,0.0,0.400721,0.71796,1.788249,0.247749,0.862941,0.975324,64.796053,1.0069,0.153196,0.37948,1.713338,3.254489,0.589442,1.788249,1.287343,5.008227,0.0,1.037168,1.0
2024-10-01,568.62,570.03,1.0,0.0,-0.895845,-0.469106,2.995943,0.270658,0.844398,1.041917,57.574774,0.953217,0.073437,-0.347111,0.725196,2.236094,0.429128,2.995943,1.472547,5.836607,0.0,1.056263,0.846108
2024-10-02,568.86,567.585,1.0,0.0,0.042207,-0.207003,3.250749,0.47893,0.726149,1.011135,57.8112,0.896152,0.013395,-0.203574,0.694087,2.187908,0.413392,3.250749,0.768206,5.209518,0.0,1.102596,0.853293
2024-10-03,567.82,567.645,1.0,0.0,-0.182822,-0.782806,3.313258,0.476444,0.722096,0.979128,56.345854,0.828477,-0.044718,-0.257681,0.461201,1.921104,0.357331,3.313258,0.847839,-0.466841,0.0,1.099638,0.822156
2024-10-04,572.98,570.73,1.0,0.0,0.908739,0.264231,6.036716,0.423659,0.720517,0.969852,61.552914,0.82968,-0.028521,0.431544,1.241636,2.732591,0.47549,6.036716,0.930805,-7.909455,0.0,1.064025,0.976647
2024-10-07,567.8,569.295,1.0,0.0,-0.904046,-1.038762,3.914643,0.601535,0.599223,0.99732,54.522117,0.761782,-0.083399,-0.318107,0.295191,1.731877,0.276348,3.914643,1.132298,-13.751328,0.0,1.06806,0.782084
2024-10-08,573.17,571.655,1.0,0.0,0.945756,0.800183,4.442501,0.673489,0.621912,0.995356,59.665636,0.76221,-0.060041,0.415562,1.123956,2.585633,0.413054,4.442501,0.854966,-13.953186,1.0,1.071113,0.976372
2024-10-09,577.14,575.13,1.0,0.0,0.692639,1.455543,4.097976,0.698799,0.641449,0.975916,62.997534,0.809101,-0.005996,0.737986,1.647767,3.162831,0.555344,4.097976,0.879392,-16.103705,1.0,1.06959,1.0
2024-10-10,576.13,576.035,1.0,0.0,-0.175001,1.463492,3.04781,0.724466,0.62439,0.918788,61.603299,0.828215,0.009351,0.373763,1.328034,2.861995,0.485662,3.04781,1.01104,-15.515902,0.0,1.075794,0.944044
2024-10-11,579.58,578.12,1.0,0.0,0.598823,1.151873,3.126279,0.723447,0.611538,0.893226,64.49396,0.875169,0.048944,0.647778,1.747323,3.337015,0.662873,3.126279,0.983244,-17.389376,0.0,1.085802,1.0
2024-10-14,584.32,583.0,1.0,0.0,0.817834,2.909475,3.81636,0.680065,0.614077,0.897687,68.05259,0.963209,0.114949,0.975822,2.328066,4.011555,0.897429,3.81636,0.837456,-17.16236,1.0,1.089083,1.0
2024-10-15,579.78,581.72,1.0,0.0,-0.776972,1.153236,2.967659,0.393276,0.630771,0.93035,61.676393,0.972345,0.093954,0.127431,1.384983,3.073929,0.612449,2.967659,1.303675,-20.424871,0.0,1.073231,0.80192
2024-10-16,582.3,580.895,1.0,0.0,0.434648,0.894064,3.722836,0.612147,0.664674,0.891428,63.708964,0.99287,0.094625,0.374386,1.648912,3.379155,0.7061,3.722836,0.766428,-24.149626,1.0,1.077772,0.911867
2024-10-17,582.35,584.14,1.0,0.0,0.008587,1.079617,1.991313,0.58119,0.659274,0.863172,63.750045,1.001533,0.082691,0.255011,1.497406,3.250849,0.688398,1.991313,0.854375,-23.170464,1.0,1.104395,0.880751
2024-10-18,584.59,583.985,1.0,0.0,0.384648,0.864419,2.875495,0.56313,0.559703,0.814552,65.627279,1.023719,0.086719,0.426183,1.704957,3.499936,0.78149,2.875495,0.907673,-21.067867,0.0,1.069804,1.0
2024-10-21,583.63,582.725,1.0,0.0,-0.164218,-0.118086,2.450542,0.5401,0.54656,0.8042,64.095327,1.021018,0.065982,0.174026,1.389434,3.195211,0.725954,2.450542,0.881037,-18.820543,0.0,1.081993,0.942823
2024-10-22,583.32,582.44,1.0,1.0,-0.053116,0.610576,2.103973,0.439325,0.549965,0.791517,63.579207,1.002243,0.037359,0.080513,1.206847,3.013534,0.700194,2.103973,0.838417,-20.71413,1.0,1.060024,0.92436
2024-10-23,577.99,578.065,1.0,0.0,-0.913735,-0.740168,1.394639,0.241736,0.549893,0.897617,55.329616,0.911121,-0.050129,-0.557522,0.255151,1.989381,0.460954,1.394639,1.20645,-20.589456,0.0,1.084971,0.606909
2024-10-24,579.24,578.315,1.0,0.0,0.216267,-0.534043,1.212651,0.42517,0.589762,0.856591,56.747042,0.837546,-0.097304,-0.228568,0.426828,2.121447,0.484094,1.212651,0.825206,-14.550128,0.0,1.089092,0.681358
2024-10-25,579.04,581.27,1.0,0.0,-0.034528,-0.949383,1.324654,0.447932,0.586086,0.889545,56.438467,0.769408,-0.132611,-0.175499,0.354672,2.002737,0.432433,1.324654,1.111041,-13.56899,0.0,1.103667,0.669446
2024-10-28,580.83,581.615,1.0,0.0,0.309132,-0.479756,1.232223,0.382732,0.584627,0.85281,58.607884,0.729434,-0.135844,0.088688,0.601196,2.225133,0.469554,1.232223,0.705793,-13.404855,0.0,1.118372,0.776057
2024-10-29,581.77,580.67,1.0,0.0,0.161837,-0.26572,2.312617,0.432654,0.582354,0.840583,59.74173,0.703433,-0.128358,0.166973,0.690741,2.294672,0.479314,2.312617,1.001829,-13.22758,0.0,1.069747,0.832043
2024-10-30,580.01,581.305,1.0,0.0,-0.302525,0.349487,1.96006,0.445197,0.539318,0.823358,56.614677,0.653813,-0.144402,-0.090746,0.349224,1.90587,0.353914,1.96006,0.980462,-14.783666,0.0,1.100768,0.727219
2024-10-31,568.64,572.035,1.0,0.0,-1.960311,-1.829984,0.144412,0.217584,0.546852,0.999136,41.501552,0.458422,-0.284602,-1.375582,-1.466103,-0.088205,-0.286631,0.144412,1.396519,-10.54971,0.0,1.124814,0.05003
2024-11-01,571.04,573.085,1.0,0.0,0.42206,-1.381597,-0.338581,0.823425,0.706501,1.023621,44.848275,0.322181,-0.334177,-0.641604,-0.95116,0.320363,-0.203938,-0.338581,1.054185,-6.093383,0.0,1.118582,0.192972
2024-11-04,569.81,570.195,1.0,0.0,-0.215396,-1.897285,0.353998,0.878516,0.683111,0.996926,43.475502,0.196517,-0.369006,-0.572044,-1.054772,0.100183,-0.250562,0.353998,0.844597,2.542602,0.0,1.093011,0.119714
2024-11-05,576.7,573.63,1.0,0.0,1.209175,-0.871478,0.615873,0.83275,0.654153,1.013902,52.28595,0.189446,-0.295456,0.419262,0.128141,1.258528,0.073071,0.615873,0.87193,3.506852,0.0,1.106418,0.505329
2024-11-06,591.04,588.66,1.0,0.0,2.486561,1.901691,2.408428,1.046661,0.674984,1.20097,64.639552,0.372678,-0.080367,1.925449,2.362675,3.622925,0.833543,2.408428,1.480984,6.788171,0.0,1.067963,1.0
2024-11-07,595.61,594.825,1.0,0.0,0.773213,4.742895,3.381181,1.480412,0.852527,1.15844,67.525214,0.572842,0.098618,1.792817,2.845214,4.243293,0.97869,3.381181,1.025155,5.538981,0.0,1.059493,1.0
2024-11-08,598.19,597.905,1.0,0.0,0.433169,4.754483,3.210946,0.905009,0.860977,1.089478,69.060297,0.756654,0.227581,1.478162,2.968006,4.502442,0.977405,3.210946,0.995332,8.547507,0.0,1.05677,1.0
2024-11-11,598.76,598.585,1.0,0.0,0.095287,5.080641,2.471249,0.90376,0.857603,1.013906,69.404397,0.900723,0.297722,1.044423,2.766033,4.413583,0.897633,2.471249,0.81338,6.853646,1.0,1.062312,1.0
2024-11-12,596.9,596.83,1.0,0.0,-0.310642,3.502688,2.952844,0.830042,0.844323,0.991358,66.793872,0.982167,0.30183,0.485841,2.208623,3.922578,0.77136,2.952844,0.918463,12.618457,0.0,1.021613,0.938247
2024-11-13,597.19,597.095,1.0,0.0,0.048584,1.040539,2.557101,0.964918,0.825298,0.954095,67.002271,1.035958,0.284761,0.355807,2.038821,3.811323,0.734884,2.557101,1.009125,17.139276,0.0,1.029413,0.947875
2024-11-14,593.35,595.23,1.0,0.0,-0.643011,-0.379443,1.888898,0.368042,0.822903,0.948185,61.498519,1.021946,0.21271,-0.193181,1.249369,3.016799,0.592846,1.888898,0.835062,15.73008,0.0,1.007499,0.820385
2024-11-15,585.75,587.03,1.0,0.0,-1.280863,-2.079607,0.19843,0.368964,0.839779,1.048442,52.335604,0.903464,0.066983,-0.985883,-0.042975,1.62965,0.345896,0.19843,1.685343,9.376474,0.0,1.036059,0.568061
2024-11-18,588.15,587.415,1.0,0.0,0.409731,-1.771995,0.774463,0.507514,0.888314,0.999022,54.634287,0.81928,-0.01103,-0.387543,0.331552,1.964244,0.366253,0.774463,0.833523,7.332706,0.0,1.061422,0.647742
2024-11-19,590.3,587.535,1.0,0.0,0.365553,-1.105713,1.196599,0.581349,0.891364,1.021003,56.651141,0.773211,-0.04326,-0.015606,0.631391,2.243276,0.378373,1.196599,1.127447,7.491973,0.0,1.083912,0.719124
2024-11-20,590.5,587.71,1.0,0.0,0.033881,-1.120246,2.164397,0.650529,0.893785,1.023661,56.843349,0.733097,-0.066478,0.012179,0.601725,2.186633,0.344183,2.164397,1.137314,7.623334,0.0,1.06614,0.725764
2024-11-21,593.67,591.285,1.0,0.0,0.536833,0.053931,2.491195,0.64934,0.865392,1.054698,59.879825,0.732412,-0.050315,0.365383,1.031924,2.625126,0.405694,2.491195,1.112548,-0.869043,0.0,1.068963,0.831009
2024-11-22,595.51,594.65,1.0,0.0,0.309936,1.66624,2.844363,0.667923,0.870151,0.978416,61.570015,0.748999,-0.025048,0.449953,1.215401,2.82452,0.438182,2.844363,0.927345,-3.109063,0.0,1.072661,0.892098
2024-11-25,597.53,598.03,1.0,0.0,0.339205,1.594831,2.875196,0.166423,0.870195,0.971392,63.393288,0.779646,0.006573,0.525738,1.408188,3.045073,0.482579,2.875196,1.044423,-4.950954,0.0,1.078017,0.959163
2024-11-26,600.65,599.7,1.0,0.0,0.52215,1.753346,3.245269,0.162101,0.870504,0.921853,66.070866,0.834054,0.051997,0.697977,1.749919,3.437777,0.557692,3.245269,1.123163,-5.144093,0.0,1.061062,1.0
2024-11-27,598.83,599.065,1.0,0.0,-0.303005,1.410669,3.244772,0.182309,0.874374,0.880856,63.1683,0.84875,0.051453,0.261562,1.302527,2.998158,0.497513,3.244772,0.852089,-5.582661,1.0,1.044024,0.943143
2024-11-29,602.55,601.365,1.0,0.0,0.621211,1.49578,5.963351,0.306232,0.874386,0.858715,66.415897,0.892616,0.080193,0.587866,1.744636,3.490348,0.581573,5.963351,0.771604,-9.246427,1.0,1.004725,1.0
2024-12-02,603.63,603.395,1.0,0.0,0.179238,1.363537,5.707131,0.321794,0.729938,0.783752,67.316906,0.933542,0.098058,0.510797,1.740284,3.526608,0.604578,5.707131,0.814836,-10.06507,1.0,1.035331,1.0
2024-12-03,603.91,603.25,1.0,0.0,0.046386,1.067729,5.984451,0.325046,0.729705,0.719119,67.5599,0.959474,0.099502,0.370924,1.614493,3.429641,0.593208,5.984451,0.720482,-17.46674,1.0,1.101367,1.0
2024-12-04,607.66,606.43,1.0,0.0,0.620953,1.167069,5.368476,0.333878,0.723009,0.707159,70.701668,1.012444,0.126223,0.660598,2.027282,3.905972,0.732157,5.368476,1.11764,-15.445027,0.0,1.095891,1.0
2024-12-05,606.66,607.39,1.0,0.0,-0.164566,1.30755,2.642799,0.353902,0.696651,0.661794,68.788466,1.035623,0.118353,0.32942,1.679322,3.58326,0.734448,2.642799,0.697676,-10.453479,1.0,1.020006,0.954359
2024-12-06,607.81,608.045,0.0,1.0,0.189563,0.872957,2.04832,0.31406,0.479587,0.625337,69.800541,1.053797,0.11061,0.345806,1.690761,3.62602,0.78256,2.04832,0.726208,-6.628785,1.0,1.063234,1.0
2024-12-09,604.68,605.97,0.0,0.0,-0.514964,0.173948,1.08494,0.257274,0.456881,0.628114,63.74217,1.021745,0.05894,-0.114024,1.054767,2.967515,0.642462,1.08494,0.739704,0.654996,1.0,1.04044,0.858114
2024-12-10,602.8,603.965,0.0,0.0,-0.310908,-0.183802,0.674728,0.376735,0.469134,0.62724,60.353734,0.958894,-0.00553,-0.283453,0.669576,2.540924,0.566546,0.674728,0.776708,3.739828,0.0,1.032892,0.772892
2024-12-11,607.46,606.965,0.0,0.0,0.773059,-0.032913,1.769141,0.400993,0.4757,0.663012,65.280468,0.950548,-0.005182,0.324416,1.308121,3.198714,0.738719,1.769141,0.604062,1.389884,0.0,1.038837,0.984134
2024-12-12,604.33,605.745,0.0,0.0,-0.51526,-0.38407,1.195599,0.45218,0.494614,0.646644,59.896512,0.902487,-0.046555,-0.128426,0.710719,2.559708,0.611457,1.195599,0.667528,0.627361,0.0,1.016805,0.842248
2024-12-13,604.21,604.97,0.0,0.0,-0.019857,-0.59229,1.830286,0.496436,0.511879,0.655867,59.693246,0.849275,-0.079964,-0.098887,0.624528,2.437333,0.612638,1.830286,0.735705,4.754079,0.0,1.02008,0.836809
2024-12-16,606.79,606.495,0.0,0.0,0.427004,0.348945,3.591976,0.48088,0.486426,0.644447,62.629637,0.828292,-0.077597,0.218225,0.952842,2.758899,0.735432,3.591976,0.871756,11.167418,1.0,0.859962,0.953762
2024-12-17,604.29,604.03,0.0,0.0,-0.412004,0.24718,2.744198,0.472744,0.375109,0.646883,58.204775,0.775571,-0.107252,-0.12987,0.485529,2.241886,0.694719,2.744198,1.08533,15.760916,0.0,0.964127,0.820956
2024-12-18,586.28,596.15,0.0,0.0,-2.980357,-3.486649,-0.68101,0.490467,0.392023,1.044525,37.596991,0.499892,-0.328041,-2.092572,-2.275756,-0.773952,-0.070383,-0.68101,2.059785,19.912568,0.0,1.099981,0.0
2024-12-19,586.1,589.425,0.0,0.0,-0.030702,-3.016564,-0.745131,1.18742,0.780203,1.06819,37.45426,0.257171,-0.456813,-1.425171,-2.090755,-0.773115,0.00164,-0.745131,1.642555,18.904727,0.0,1.158755,0.0
2024-12-20,591.15,588.33,0.0,0.0,0.861628,-2.1615,-0.424478,1.217932,0.780061,1.252571,43.890128,0.131554,-0.461065,-0.38462,-1.129708,0.078639,0.260305,-0.424478,2.360686,26.732878,0.0,1.069821,0.232612
2024-12-23,594.69,591.48,0.0,0.0,0.598833,-1.9941,-0.137697,1.34661,0.79502,1.250393,47.934543,0.080645,-0.406757,0.141173,-0.486686,0.651184,0.43948,-0.137697,1.053442,32.727147,0.0,1.05814,0.39567
2024-12-24,601.3,598.405,0.0,0.0,1.111503,-0.494796,0.630931,1.369953,0.803428,1.21922,54.525748,0.127701,-0.283474,0.832682,0.560087,1.699337,0.72128,0.630931,0.599207,36.183915,0.0,1.063545,0.700138
2024-12-26,601.34,600.28,0.0,0.0,0.006652,2.568738,0.114876,1.495417,0.836842,1.154147,54.563233,0.164328,-0.197456,0.558032,0.512521,1.6381,0.767512,0.114876,0.721452,40.6585,1.0,1.064857,0.701981
2024-12-27,595.01,594.27,0.0,0.0,-1.052649,1.520218,-0.637911,0.455863,0.829346,1.247985,47.84215,0.108326,-0.205845,-0.334218,-0.493825,0.545804,0.574042,-0.637911,1.118326,45.593884,0.0,1.116001,0.41041
2024-12-30,588.22,588.075,0.0,0.0,-1.141157,-0.495644,-2.378226,0.77186,0.859019,1.334345,41.882479,-0.029523,-0.277857,-0.985877,-1.476462,-0.578127,0.357972,-2.378226,0.959956,50.700752,0.0,1.097499,0.097651
2024-12-31,586.08,587.53,0.0,0.0,-0.363809,-1.447813,-2.90741,0.889823,0.878057,1.30216,40.183499,-0.167801,-0.333633,-0.901445,-1.663054,-0.90331,0.31442,-2.90741,0.951057,53.975346,0.0,1.075219,0.0
2025-01-02,584.64,585.815,0.0,0.0,-0.2457,-2.770664,-3.190873,0.820212,0.876892,1.373747,39.035995,-0.294464,-0.368564,-0.766211,-1.726403,-1.102314,0.306825,-3.190873,0.837152,60.582428,0.0,1.050243,0.0
2025-01-03,591.95,589.515,0.0,0.0,1.250342,-1.561513,-2.585327,0.45581,0.876039,1.355172,47.268242,-0.286696,-0.287904,0.315868,-0.450465,0.128974,0.548934,-2.585327,0.630583,56.945504,0.0,1.039651,0.315494
2025-01-06,595.36,596.65,1.0,1.0,0.576062,0.058823,-1.862658,0.858376,0.913945,1.34132,50.618158,-0.232896,-0.187278,0.594063,0.111274,0.677914,0.628288,-1.862658,0.83944,37.775751,1.0,1.078894,0.462667
2025-01-07,588.63,592.265,1.0,0.0,-1.130408,0.069702,-3.155591,0.823289,0.926576,1.424255,44.596601,-0.282748,-0.189287,-0.362697,-0.92411,-0.442192,0.388666,-3.155591,1.099799,27.644786,0.0,1.055096,0.172205
2025-01-08,589.49,587.89,1.0,0.0,0.146102,0.581832,-2.512073,0.820275,0.951026,1.354241,45.488991,-0.304399,-0.168859,-0.144855,-0.705657,-0.285133,0.383836,-2.512073,0.933314,7.912246,0.0,1.076715,0.212533
2025-01-10,580.49,582.25,1.0,0.0,-1.526743,-0.709839,-3.701062,0.797948,0.94945,1.443154,38.500092,-0.446829,-0.24735,-1.119152,-2.014306,-1.737872,0.06636,-3.701062,1.475882,3.325547,0.0,1.099746,0.0
2025-01-13,581.39,578.55,1.0,0.0,0.155041,-1.783934,-4.291641,1.042264,0.997281,1.395572,39.501093,-0.53643,-0.269808,-0.645977,-1.688011,-1.524295,0.121988,-4.291641,0.932228,8.253526,0.0,1.089885,0.03337
2025-01-14,582.19,581.675,1.0,0.0,0.137601,-2.212107,-3.663561,0.818823,0.976526,1.360132,40.429259,-0.589272,-0.258413,-0.340087,-1.406934,-1.335056,0.13676,-3.663561,0.939224,9.097859,0.0,1.124587,0.064639
2025-01-15,592.78,591.57,1.0,0.0,1.818994,0.705027,-1.891726,0.733324,0.976831,1.422014,51.119837,-0.470864,-0.116733,0.977018,0.349533,0.441548,0.456139,-1.891726,1.134278,2.788989,0.0,1.156101,0.4673
2025-01-16,591.64,592.64,1.0,0.0,-0.192314,0.364722,-2.496745,1.058029,1.069842,1.311861,50.077979,-0.397082,-0.033814,0.520525,0.141616,0.238621,0.38621,-2.496745,0.878707,-1.643612,1.0,1.107466,0.423954
2025-01-17,597.58,597.485,1.0,0.0,1.003989,2.944064,-1.110394,1.06666,1.063382,1.297895,55.201292,-0.251424,0.086586,1.014653,1.036654,1.195598,0.568537,-1.110394,1.16666,-3.13972,0.0,1.112958,0.718067
2025-01-21,603.05,600.865,1.0,0.0,0.915359,3.725554,2.860408,0.733149,1.088469,1.235801,59.33954,-0.063927,0.216813,1.284562,1.771383,2.036994,0.777406,2.860408,0.841274,-3.797406,1.0,1.037026,1.0
2025-01-22,606.44,606.59,1.0,0.0,0.562142,4.165307,3.470398,0.706641,0.874078,1.169915,61.700769,0.126049,0.324176,1.228359,2.115572,2.505646,0.866563,3.470398,0.957482,-3.770416,0.0,1.027607,1.0
2025-01-23,609.75,607.635,1.0,0.0,0.545808,2.862782,3.14641,0.653022,0.877664,1.100919,63.904851,0.314995,0.409637,1.180242,2.412222,2.941393,0.931459,3.14641,0.831609,-7.078152,1.0,1.067981,1.0
2025-01-24,607.97,608.79,1.0,0.0,-0.291923,2.760124,2.233096,0.421745,0.867948,1.044208,61.8437,0.437967,0.426309,0.588181,1.908155,2.534695,0.798798,2.233096,0.717139,-11.803798,1.0,1.102356,0.939166
2025-01-27,599.37,597.165,1.0,0.0,-1.414543,0.299541,-0.320971,0.457941,0.867078,1.214499,52.956615,0.421724,0.327919,-0.558008,0.421992,1.041333,0.515308,-0.320971,1.452901,-12.490047,0.0,1.122853,0.645249
2025-01-28,604.52,601.31,1.0,0.0,0.859236,0.243761,0.528819,0.838793,0.896106,1.222694,56.946546,0.463826,0.296656,0.197427,1.161066,1.83326,0.628897,0.528819,0.964365,-19.355243,0.0,1.111049,0.821258
2025-01-29,601.81,601.675,1.0,0.0,-0.44829,-0.763472,1.142838,0.827618,0.91604,1.181864,54.335025,0.460645,0.234178,-0.167973,0.639752,1.322048,0.515882,1.142838,0.822827,-22.226682,0.0,1.054548,0.72864
2025-01-30,605.04,603.66,1.0,0.0,0.536714,-0.772448,2.859474,0.801361,0.889389,1.148392,56.873585,0.491444,0.212948,0.244926,1.066331,1.791376,0.57591,2.859474,0.872621,-23.623902,0.0,1.073142,0.839029
2025-01-31,601.82,605.505,1.0,0.0,-0.532196,-1.011563,2.68564,0.799788,0.850333,1.197999,53.670435,0.471957,0.153578,-0.192567,0.477889,1.200053,0.463675,2.68564,1.505482,-26.292273,0.0,1.086686,0.728982
2025-02-03,597.77,595.39,1.0,0.0,-0.672959,-0.266947,2.245826,0.813861,0.85614,1.298018,49.866286,0.398248,0.062169,-0.577818,-0.179435,0.498563,0.326542,2.245826,1.517591,-27.637323,0.0,1.116386,0.590567
2025-02-04,601.78,599.79,1.0,0.0,0.670827,-0.453252,1.660613,0.624525,0.870613,1.228678,53.389056,0.38439,0.040441,0.059404,0.443296,1.126226,0.414546,1.660613,0.799856,-30.382096,0.0,1.134283,0.727614
2025-02-05,604.22,601.475,1.0,0.0,0.405464,0.400459,1.488175,0.571905,0.841497,1.188322,55.440795,0.401946,0.047509,0.309592,0.768929,1.475123,0.470503,1.488175,0.743039,-27.369003,1.0,1.142194,0.811005
2025-02-06,606.32,604.54,1.0,0.0,0.347556,0.211556,3.005283,0.566623,0.83734,1.110316,57.187497,0.438538,0.068262,0.437855,1.011493,1.754869,0.524757,3.005283,0.87952,-25.934279,1.0,1.143843,0.882775
2025-02-07,600.77,604.09,1.0,0.0,-0.915358,-0.174471,1.913518,0.540693,0.791447,1.150489,51.44759,0.393885,0.016151,-0.321523,0.078595,0.7909,0.381212,1.913518,1.196713,-16.266549,0.0,1.141563,0.693096
2025-02-10,604.85,604.12,1.0,0.0,0.679128,1.184402,4.196455,0.635696,0.824898,1.094633,55.02163,0.402678,0.021994,0.236667,0.685548,1.416721,0.51264,4.196455,0.602329,-12.691439,1.0,1.112022,0.832536
2025-02-11,605.31,604.145,0.0,1.0,0.076052,0.586593,4.114278,0.591982,0.743734,1.023515,55.420076,0.412813,0.025935,0.208382,0.689038,1.434427,0.538038,4.114278,0.704863,-17.028036,1.0,1.162329,0.843441
2025-02-12,603.36,601.53,0.0,0.0,-0.322149,-0.142332,3.63627,0.551323,0.744217,1.040182,53.265919,0.391853,0.002979,-0.076321,0.329824,1.063758,0.488079,3.63627,1.058465,-17.394506,0.0,1.144796,0.768142
2025-02-13,609.73,606.57,0.0,0.0,1.055754,0.562409,2.859408,0.552417,0.752979,1.039461,58.887673,0.449396,0.051667,0.650297,1.255109,2.045475,0.879991,2.859408,0.920878,-11.41645,0.0,1.153917,0.998896
2025-02-14,609.7,610.03,0.0,0.0,-0.00492,1.486426,3.052532,0.701073,0.685327,0.942898,58.851767,0.492197,0.075559,0.429306,1.129722,1.958869,0.935441,3.052532,0.573655,-4.845825,1.0,1.144623,0.997239
2025-02-18,611.49,609.935,0.0,0.0,0.293587,1.097793,2.327722,0.499009,0.681946,0.882599,60.403143,0.541933,0.101212,0.481607,1.289005,2.16773,1.205371,2.327722,0.565583,-4.98353,1.0,1.165824,1.0
2025-02-19,612.93,611.395,0.0,0.0,0.23549,1.258859,1.638338,0.462414,0.654639,0.842957,61.655597,0.593241,0.122845,0.477677,1.380044,2.311698,1.372647,1.638338,0.626688,-2.123643,1.0,1.202184,1.0
2025-02-20,610.38,609.35,0.0,0.0,-0.416034,1.163484,0.649693,0.456876,0.629482,0.862715,58.148087,0.596973,0.099689,0.039762,0.866214,1.810744,1.18695,0.649693,0.711545,2.059162,1.0,1.175013,0.831794
2025-02-21,599.94,604.885,0.0,0.0,-1.71041,-1.605629,-1.608856,0.481343,0.628375,1.003166,46.487774,0.462621,-0.034653,-1.120461,-0.777837,0.066641,0.62784,-1.608856,1.421118,8.810586,0.0,1.204418,0.14314
2025-02-24,597.21,599.76,0.0,0.0,-0.455046,-2.048548,-1.769824,0.738484,0.721984,1.019397,44.002908,0.309056,-0.152394,-1.052448,-1.113567,-0.373521,0.554328,-1.769824,0.904178,16.289602,0.0,1.229246,0.0
2025-02-25,594.24,593.725,0.0,0.0,-0.497313,-2.820978,-0.855899,0.721779,0.725264,1.074798,41.409659,0.144609,-0.255317,-1.035013,-1.454676,-0.835183,0.497162,-0.855899,0.99531,20.882689,0.0,1.170228,0.0
2025-02-26,594.54,595.72,0.0,0.0,0.050485,-3.000343,-1.650897,0.631117,0.666459,1.104153,41.782877,0.01693,-0.306236,-0.658864,-1.272826,-0.754563,0.638658,-1.650897,0.702774,33.789454,0.0,1.205537,0.016051
2025-02-27,585.05,591.335,0.0,0.0,-1.596192,-4.149874,-2.784932,0.58675,0.63439,1.277158,34.332585,-0.213987,-0.433915,-1.507639,-2.584408,-2.24906,0.288715,-2.784932,1.166242,40.807376,0.0,1.250746,0.0
2025-02-28,594.18,588.58,0.0,0.0,1.56055,-0.960096,-1.794923,0.691088,0.712166,1.365424,44.572364,-0.264071,-0.384497,0.019587,-0.963814,-0.695428,0.772066,-1.794923,1.363815,44.551948,0.0,1.184764,0.327475
2025-03-03,583.77,588.62,0.0,0.0,-1.751994,-2.250465,-2.999236,1.026089,0.791271,1.6028,37.409493,-0.450532,-0.458484,-1.161878,-2.448175,-2.341975,0.470697,-2.999236,1.122311,49.62211,0.0,1.159779,0.0
2025-03-04,576.86,578.82,0.0,0.0,-1.183685,-2.924744,-3.498001,1.20863,0.866628,1.709446,33.554813,-0.690393,-0.558752,-1.566718,-3.270974,-3.365381,0.325187,-3.498001,1.630157,54.997072,0.0,1.199566,0.0
2025-03-05,583.06,578.98,0.0,0.0,1.074784,-1.930905,-3.110771,1.244993,0.888947,1.735607,39.571364,-0.772185,-0.513555,-0.339758,-2.023136,-2.237563,0.581521,-3.110771,1.028942,65.496759,0.0,1.19349,0.171888
2025-03-06,572.71,575.145,0.0,0.0,-1.775117,-2.109221,-5.214988,1.406381,0.912196,1.832634,34.031507,-0.99244,-0.583309,-1.415849,-3.416263,-3.823116,0.380443,-5.214988,1.12803,72.115934,0.0,1.177364,0.0
2025-03-07,575.92,571.51,0.0,0.0,0.560493,-3.073143,-5.013854,1.438792,0.967485,1.851691,36.978348,-1.09193,-0.548064,-0.577189,-2.608258,-3.159333,0.511199,-5.013854,1.122149,77.825314,0.0,1.126016,0.079811
2025-03-10,560.58,562.565,0.0,0.0,-2.663564,-3.972455,-6.689748,1.199932,0.975283,2.13226,30.066321,-1.411852,-0.682482,-2.173622,-4.730325,-5.526134,0.239652,-6.689748,1.366505,71.269055,0.0,1.143288,0.0
2025-03-11,555.92,558.02,0.0,0.0,-0.831282,-3.629997,-8.089609,1.409728,1.101045,2.15126,28.333689,-1.703477,-0.774395,-2.011247,-5.022769,-6.079016,0.218329,-8.089609,1.205424,69.002938,0.0,1.13942,0.0
2025-03-12,558.87,558.4,0.0,0.0,0.530652,-4.148801,-7.672102,1.39741,1.080189,2.079323,31.042797,-1.851119,-0.741553,-0.999146,-4.106082,-5.373534,0.31029,-7.672102,0.965262,69.065016,0.0,1.101331,0.051745
2025-03-13,551.42,554.395,0.0,0.0,-1.333047,-3.717414,-8.608459,1.26806,1.094965,2.054445,28.148848,-2.086901,-0.769875,-1.557958,-4.896704,-6.391385,0.236236,-8.608459,1.021519,70.286794,0.0,1.103019,0.0
2025-03-14,562.81,557.66,0.0,0.0,2.065576,-2.276358,-7.695209,1.21373,1.113732,2.038486,37.709815,-2.021719,-0.585077,0.316457,-2.660439,-4.290512,0.41596,-7.695209,0.883569,59.589526,0.0,1.0888,0.185173
2025-03-17,567.15,566.03,0.0,0.0,0.771131,1.172,-6.978842,1.619552,1.20007,1.926198,40.934961,-1.904499,-0.383081,0.724054,-1.731084,-3.417916,0.49704,-6.978842,0.699493,49.355247,1.0,1.14334,0.255731
2025-03-18,561.02,562.04,0.0,0.0,-1.080843,0.917398,-8.25361,1.210077,1.224272,1.87988,37.946441,-1.909942,-0.29752,-0.243372,-2.533937,-4.294357,0.431315,-8.25361,0.928629,50.3707,0.0,1.100893,0.156072
2025-03-19,567.13,566.29,0.0,0.0,1.089088,1.477982,-7.472305,1.257478,1.224593,1.845133,42.455934,-1.769982,-0.139945,0.560468,-1.334084,-3.128498,0.524509,-7.472305,0.973537,38.155919,0.0,1.070693,0.255406
2025-03-20,565.49,566.585,0.0,0.0,-0.289175,2.551594,-7.354435,1.306555,1.261104,1.791673,41.582443,-1.684215,-0.039561,0.17962,-1.467436,-3.279338,0.515931,-7.354435,0.917699,33.542456,0.0,1.078786,0.238636
2025-03-21,563.98,561.46,0.0,0.0,-0.267025,0.207885,-5.993933,1.094788,1.261224,1.733306,40.751106,-1.61943,0.023703,-0.058607,-1.568314,-3.403599,0.522558,-5.993933,1.181442,31.672759,0.0,1.053788,0.258862
2025-03-24,574.08,572.675,0.0,0.0,1.790844,1.221899,-3.873009,0.786631,1.223373,1.7352,48.209516,-1.379126,0.188078,1.147503,0.175893,-1.609129,0.76831,-3.873009,0.755948,38.537656,1.0,1.099039,0.494868
2025-03-25,575.46,575.05,0.0,0.0,0.240385,2.573883,-3.160339,1.039945,1.304474,1.563255,49.151378,-1.175459,0.31039,0.92282,0.376865,-1.319495,0.872456,-3.160339,0.448062,46.22809,1.0,1.137355,0.557514
2025-03-26,568.59,571.76,0.0,0.0,-1.193828,0.257437,-4.364719,0.811296,1.305657,1.585522,44.784898,-1.113614,0.31215,-0.188193,-0.743809,-2.401978,0.821097,-4.364719,0.57938,45.171616,1.0,1.104669,0.398191
2025-03-27,567.08,567.92,0.0,0.0,-0.265569,0.281172,-3.071532,0.982776,1.324048,1.517911,43.86255,-1.065357,0.291363,-0.302632,-0.912335,-2.55948,0.834867,-3.071532,0.429794,54.20101,1.0,1.064553,0.36623
2025-03-28,555.66,560.67,0.0,0.0,-2.013825,-1.47523,-6.482884,0.98116,1.285808,1.630746,37.561912,-1.197854,0.149399,-1.552196,-2.638161,-4.352155,0.603681,-6.482884,0.699041,57.545723,0.0,1.061667,0.099158
2025-03-31,559.39,553.79,0.0,0.0,0.671274,-2.558877,-4.176302,1.29617,1.284375,1.733772,40.564949,-1.209191,0.103263,-0.595999,-1.798988,-3.569796,0.76715,-4.176302,0.914191,57.618061,0.0,1.058373,0.246368
2025-04-01,560.97,558.31,0.0,0.0,0.282451,-2.517986,-2.754568,0.974404,1.258199,1.718465,41.84098,-1.184674,0.099267,-0.210375,-1.3787,-3.17222,0.882631,-2.754568,0.518968,56.443138,0.0,1.023788,0.301833
2025-04-02,564.52,561.115,0.0,0.0,0.632832,-0.715806,-3.179776,0.981026,1.241653,1.777805,44.713063,-1.097207,0.142928,0.280357,-0.683218,-2.461562,1.050544,-3.179776,0.725538,51.342614,0.0,1.047645,0.414033
2025-04-03,536.7,542.335,0.0,0.0,-4.92808,-5.357269,-6.28765,0.99608,1.223786,2.311768,31.559927,-1.488489,-0.147257,-3.156744,-5.073376,-7.003263,0.171319,-6.28765,1.192865,48.746586,0.0,1.073684,0.0
2025-04-04,505.28,515.465,0.0,0.0,-5.854295,-9.066695,-12.265592,2.169626,1.575123,2.963035,23.243593,-2.337372,-0.730191,-6.06252,-9.716592,-12.018092,-0.598327,-12.265592,2.047354,47.200397,0.0,1.148174,0.0
2025-04-07,504.38,502.485,0.0,0.0,-0.178119,-9.833926,-10.025331,2.918116,1.968807,3.666166,23.056178,-2.922712,-1.05013,-4.241302,-9.021565,-11.753477,-0.117884,-10.025331,2.426767,45.47677,0.0,1.202729,0.0
2025-04-08,496.48,507.07,0.0,0.0,-1.566279,-11.496158,-10.692186,2.788888,1.91436,4.189874,21.42329,-3.524892,-1.298011,-3.902109,-9.546613,-12.685888,-0.054457,-10.692186,1.555486,45.853035,0.0,1.23915,0.0
2025-04-09,548.62,520.835,0.0,0.0,10.501934,-2.816552,-1.834058,2.574918,1.927224,4.636658,47.733372,-2.789379,-0.61931,4.043259,-0.042759,-3.382992,0.630733,-1.834058,2.21464,51.489924,0.0,1.145366,0.660167
2025-04-10,524.58,521.41,0.0,0.0,-4.381904,-2.258245,-4.867433,5.839766,3.083716,5.201485,40.928737,-2.921365,-0.521478,-0.34447,-4.018498,-7.339888,0.381576,-4.867433,1.478049,51.447521,0.0,1.174671,0.355786
2025-04-11,533.94,528.25,1.0,1.0,1.784285,5.672103,-5.129617,5.758683,3.216081,4.837464,44.260484,-2.700803,-0.274389,0.951233,-2.090896,-5.475776,0.492445,-5.129617,0.883463,56.204322,1.0,1.161664,0.474297
2025-04-14,539.12,539.07,1.0,0.0,0.970146,6.887664,-4.942255,5.051166,3.206749,4.409891,46.073237,-2.436316,-0.026573,1.278842,-1.033487,-4.387822,0.549029,-4.942255,0.620899,56.392223,1.0,1.158765,0.539884
2025-04-15,537.61,540.02,1.0,0.0,-0.280086,8.284322,-4.172757,5.007751,3.210094,3.991863,45.607603,-2.25031,0.132961,0.661256,-1.187334,-4.481227,0.536261,-4.172757,0.530739,50.731207,1.0,1.146458,0.520765
2025-04-16,525.66,529.09,1.0,0.0,-2.222801,-4.185046,-7.312256,4.876932,3.203881,3.984686,41.990794,-2.302061,0.108312,-1.056379,-3.07138,-6.361899,0.413597,-7.312256,0.765071,59.613817,0.0,1.109558,0.369461
2025-04-17,526.41,527.54,1.0,0.0,0.142678,0.348851,-6.910821,2.233081,3.220445,3.632362,42.300067,-2.261683,0.116205,-0.612006,-2.661176,-5.998703,0.424714,-6.910821,0.736255,58.122344,1.0,1.148249,0.378957
2025-04-21,513.88,515.08,1.0,0.0,-2.380274,-3.756976,-8.883294,1.351549,3.222082,3.690544,38.59769,-2.455162,-0.015435,-2.005043,-4.525457,-7.938845,0.275367,-8.883294,0.659296,48.401973,0.0,1.132402,0.220309
2025-04-22,527.25,524.245,1.0,0.0,2.601775,-2.201736,-8.1574,1.32691,3.253544,3.507312,44.209052,-2.268981,0.087104,0.362385,-1.850601,-5.337829,0.387996,-8.1574,0.78907,23.81149,0.0,1.136442,0.389592
2025-04-23,535.42,539.655,1.0,0.0,1.54955,-0.407358,-6.957912,1.819877,3.285643,3.446017,47.37395,-1.991561,0.262857,1.270248,-0.298419,-3.724842,0.442359,-6.957912,1.055432,0.267862,0.0,1.12017,0.493036
2025-04-24,546.69,541.44,1.0,0.0,2.10489,4.000685,-3.851633,1.988876,3.310139,3.217895,51.464155,-1.577523,0.504336,2.242487,1.625955,-1.632842,0.532807,-3.851633,0.798672,-10.244649,1.0,1.169625,0.696297
2025-04-25,550.64,547.37,1.0,0.0,0.72253,4.602876,-2.899062,1.792043,3.343823,2.947053,52.847427,-1.201008,0.692734,1.967924,2.13066,-0.886269,0.573734,-2.899062,0.855005,-27.133308,1.0,1.250669,0.767139
2025-04-28,550.85,549.285,1.0,0.0,0.038137,7.194287,-0.865637,1.764056,3.348921,2.759608,52.924243,-0.897812,0.796166,1.328985,1.958933,-0.815467,0.554252,-0.865637,0.729734,-36.35306,1.0,1.320493,0.799089
2025-04-29,554.32,552.0,1.0,0.0,0.629936,5.134187,-0.906344,0.924886,3.319779,2.542658,54.250492,-0.596384,0.869592,1.302983,2.347658,-0.183205,0.568478,-0.906344,0.742951,-38.332433,1.0,1.33458,0.850088
2025-04-30,554.54,549.02,1.0,0.0,0.039688,3.571028,-1.146229,0.729588,3.31938,2.563422,54.338325,-0.354523,0.888697,0.891468,2.155919,-0.137966,0.540317,-1.146229,1.44792,-38.894038,0.0,1.335908,0.853322
2025-05-01,558.47,560.965,1.0,0.0,0.708695,2.154786,-1.071707,0.755375,3.318799,2.433525,55.964721,-0.103906,0.904453,1.065283,2.598491,0.547286,0.561054,-1.071707,0.97555,-38.179096,0.0,1.330806,0.911082
2025-05-02,566.76,565.38,1.0,0.0,1.484413,2.927503,5.600894,0.319091,3.319568,2.311344,59.261053,0.207018,0.960502,1.695837,3.714375,1.958263,0.634456,5.600894,0.946359,-39.252899,0.0,1.361888,1.0
2025-05-05,563.51,564.175,1.0,0.0,-0.573435,2.298266,11.524303,0.533399,3.132496,2.134443,57.445537,0.40364,0.929176,0.739044,2.814171,1.319022,0.537085,11.524303,0.604352,-39.914558,1.0,1.16637,0.953756
2025-05-06,558.8,560.155,1.0,0.0,-0.835833,0.808197,10.789484,0.690619,2.806463,2.02173,54.824187,0.489569,0.815627,-0.068667,1.765357,0.453564,0.420629,10.789484,0.755221,-39.562303,1.0,0.949923,0.886739
2025-05-07,561.15,559.93,1.0,0.0,0.420544,1.191979,13.025701,0.848423,2.819035,1.929687,55.905338,0.579757,0.72356,0.234118,1.9803,0.841373,0.402121,13.025701,0.880373,-40.768555,1.0,0.90648,0.920176
2025-05-08,565.06,566.005,1.0,0.0,0.696783,1.18001,2.99661,0.850873,2.77734,1.876965,57.718451,0.69615,0.671166,0.619762,2.428384,1.482571,0.410273,2.99661,1.027758,-41.974115,0.0,0.961081,0.967852
2025-05-09,564.34,565.13,1.0,0.0,-0.12742,-0.426988,7.579397,0.849575,1.619125,1.740768,57.251612,0.773372,0.598685,0.327165,2.074485,1.299503,0.373286,7.579397,0.590253,-41.993619,0.0,0.797356,0.954236
2025-05-12,582.99,580.02,1.0,0.0,3.304745,3.456904,9.186425,0.578078,1.244419,1.887168,65.121096,1.053185,0.707269,2.399348,4.903509,4.456829,0.652301,9.186425,1.225605,-41.816953,0.0,0.84537,1.0
2025-05-13,586.84,585.96,1.0,0.0,0.660389,5.017895,8.851462,1.407542,1.368526,1.766592,66.492408,1.323732,0.784069,2.029581,5.036458,4.934861,0.665017,8.851462,1.034181,-40.038825,0.0,0.86405,1.0
2025-05-14,587.59,587.26,1.0,0.0,0.127803,4.711753,9.296702,1.193781,1.364295,1.607151,66.766524,1.534262,0.79623,1.429691,4.655325,4.860526,0.637717,9.296702,0.993235,-37.744712,0.0,0.861501,1.0
2025-05-15,590.46,588.035,1.0,0.0,0.488436,4.495098,12.32736,1.227039,1.35649,1.518646,67.850382,1.713639,0.783356,1.275224,4.651564,5.151155,0.642681,12.32736,1.086759,-39.902489,0.0,0.744845,1.0
2025-05-16,594.2,591.89,1.0,0.0,0.633404,5.291137,12.877795,1.237825,1.209674,1.425008,69.257437,1.879117,0.763751,1.269692,4.784081,5.576341,0.667003,12.877795,1.135965,-38.283526,0.0,0.748918,1.0
2025-05-19,594.85,591.82,1.0,0.0,0.109391,2.03434,15.756597,1.146715,1.205317,1.400422,69.507218,2.002337,0.710552,0.916099,4.41158,5.456443,0.657341,15.756597,1.017516,-36.325888,0.0,0.646881,1.0
2025-05-20,592.85,591.825,1.0,0.0,-0.336219,1.024129,12.441916,0.240237,1.000778,1.335867,67.684951,2.057764,0.609297,0.383795,3.659659,4.892017,0.623469,12.441916,0.888224,-29.098966,1.0,0.726032,0.970414
2025-05-21,582.86,587.2,1.0,0.0,-1.685081,-0.804983,8.860334,0.338196,0.929705,1.429914,59.319322,1.971243,0.398359,-0.875652,1.727581,2.998299,0.463734,8.860334,1.385806,-19.966706,0.0,0.867013,0.79825
2025-05-22,583.09,584.015,1.0,0.0,0.039461,-1.248179,6.658252,0.834198,1.025528,1.357906,59.443606,1.855773,0.226808,-0.559251,1.59668,2.916293,0.439598,6.658252,1.004694,-12.191048,0.0,0.879795,0.755814
2025-05-23,579.11,578.705,1.0,0.0,-0.68257,-2.539549,5.170347,0.782332,0.953167,1.357388,56.241599,1.701934,0.049419,-0.828756,0.816489,2.125155,0.345177,5.170347,1.076864,-1.234247,0.0,0.923799,0.643972
2025-05-27,591.15,584.87,1.0,0.0,2.079052,-0.622006,7.315966,0.652126,0.973024,1.44295,62.774239,1.682879,0.051216,0.818679,2.627845,4.074998,0.511211,7.315966,1.017032,9.386848,0.0,0.916018,0.915909
2025-05-28,587.73,589.88,1.0,0.0,-0.578533,-0.863625,6.027205,1.238865,1.048784,1.38896,60.03267,1.639262,-0.001516,0.156817,1.836825,3.33216,0.434026,6.027205,0.967625,10.00093,0.0,0.921856,0.824328
2025-05-29,590.05,589.635,1.0,0.0,0.394739,1.233572,6.403506,1.251168,1.066109,1.360149,61.268417,1.603894,-0.024346,0.36744,2.021285,3.588121,0.460147,6.403506,0.985246,10.452443,0.0,0.907287,0.880923
2025-05-30,589.39,587.185,1.0,0.0,-0.111855,1.080451,5.536555,0.996681,1.064604,1.358605,60.693497,1.555774,-0.059432,0.169972,1.722405,3.331549,0.429022,5.536555,1.277632,9.485429,0.0,0.964906,0.849918
2025-06-02,592.71,588.925,1.0,0.0,0.563294,2.348431,4.578658,1.004891,1.064507,1.344753,62.594926,1.535223,-0.056748,0.488287,2.072262,3.754373,0.486672,4.578658,0.858061,11.949111,1.0,0.965978,0.940638
2025-06-03,596.09,594.465,1.0,0.0,0.570262,0.835659,5.781619,0.899043,1.030589,1.275829,64.47886,1.545134,-0.030248,0.705061,2.395491,4.168507,0.548571,5.781619,0.883151,12.590367,1.0,1.019068,1.0
2025-06-04,595.93,596.72,1.0,0.0,-0.026842,1.395198,6.644596,0.448355,1.016086,1.161055,64.31373,1.540383,-0.028338,0.451001,2.137661,3.971723,0.543912,6.644596,0.788107,13.79456,1.0,1.02479,0.995709
2025-06-05,593.05,595.025,1.0,0.0,-0.483278,0.508431,5.684755,0.291669,0.986266,1.189871,61.271945,1.487417,-0.071137,-0.022974,1.48515,3.328673,0.473457,5.684755,1.255092,16.442529,0.0,1.034986,0.912994
2025-06-06,599.14,598.845,1.0,0.0,1.026895,1.654253,6.031218,0.409132,1.001532,1.193877,65.03756,1.489729,-0.042387,0.666892,2.281111,4.210354,0.626567,6.031218,0.906386,15.92883,0.0,1.027279,1.0
2025-06-09,599.68,599.87,1.0,0.0,0.090129,1.175955,6.262182,0.526606,1.010911,1.095128,65.359193,1.492252,-0.030787,0.503809,2.142425,4.128514,0.636455,6.262182,0.713599,16.618451,1.0,1.10674,1.0
2025-06-10,603.08,601.28,1.0,0.0,0.566969,1.172642,3.446028,0.518646,1.007437,1.040596,67.393126,1.514914,0.000369,0.713204,2.455981,4.525462,0.779868,3.446028,0.896687,14.62623,1.0,1.085517,1.0
2025-06-11,601.36,602.165,1.0,0.0,-0.285203,0.911181,2.474269,0.518223,0.742188,1.032805,65.304195,1.503534,-0.012275,0.283576,1.953674,4.054852,0.654663,2.474269,1.004119,11.650554,0.0,1.083142,0.928244
2025-06-12,603.75,601.635,1.0,0.0,0.397432,1.804232,2.750217,0.553418,0.739703,0.984971,66.842168,1.499831,-0.007981,0.453725,2.129433,4.285658,0.696147,2.750217,0.868237,10.678371,1.0,1.085927,1.0
2025-06-13,597.0,598.665,1.0,0.0,-1.118012,-0.357179,1.107611,0.442289,0.742084,1.047994,58.900992,1.411092,-0.091015,-0.447238,0.892715,2.993727,0.377098,1.107611,1.1986,13.871717,0.0,1.088916,0.726055
2025-06-16,602.68,602.335,1.0,0.0,0.951424,0.500267,1.427129,0.599084,0.785528,1.064521,62.895723,1.375014,-0.090349,0.332733,1.673239,3.811865,0.540581,1.427129,1.069728,11.682245,0.0,1.082657,0.956575
2025-06-17,597.53,599.255,1.0,0.0,-0.854516,-0.920276,0.450534,0.729843,0.800095,1.062636,57.443878,1.284306,-0.154949,-0.350364,0.727255,2.806859,0.304917,0.450534,1.093348,12.233011,0.0,1.083832,0.747565
2025-06-18,597.44,598.845,1.0,0.0,-0.015062,-0.651856,0.774226,0.769343,0.825155,1.027098,57.35032,1.188295,-0.200942,-0.243879,0.64383,2.678976,0.258722,0.774226,1.016849,10.394375,0.0,1.099793,0.743912
2025-06-20,594.28,596.16,1.0,0.0,-0.528923,-1.56853,1.959304,0.769668,0.821067,1.042963,54.023376,1.062808,-0.267053,-0.515668,0.100871,2.050405,0.092789,1.959304,1.25363,9.212441,0.0,1.074749,0.615666
2025-06-23,600.15,596.215,1.0,0.0,0.98775,0.527638,2.925792,0.731497,0.733467,1.087234,58.804156,1.016187,-0.240534,0.310842,0.984822,2.93495,0.235757,2.925792,1.179041,5.133642,0.0,1.080115,0.853896
2025-06-24,606.78,605.63,1.0,0.0,1.104724,0.680295,4.778021,0.752672,0.758269,1.101173,63.429581,1.05272,-0.152215,0.941546,1.896591,3.906169,0.44874,4.778021,0.918173,4.48941,0.0,1.088356,1.0
2025-06-25,607.12,607.075,1.0,0.0,0.056033,1.60494,2.701514,0.788661,0.760533,1.021238,63.65495,1.08191,-0.09788,0.663198,1.764339,3.803013,0.397364,2.701514,0.834577,4.278682,1.0,1.098191,1.0
2025-06-26,611.87,610.34,1.0,0.0,0.782382,2.415305,4.107328,0.626784,0.632504,0.991298,66.73885,1.146355,-0.019421,0.962525,2.31103,4.426152,0.570523,4.107328,1.061597,4.601998,0.0,1.114461,1.0
2025-06-27,614.91,613.61,1.0,0.0,0.496838,3.471428,4.213202,0.622446,0.625204,0.975437,68.576546,1.223915,0.051122,0.971356,2.544009,4.741864,0.651219,4.213202,1.173721,3.47826,0.0,1.101764,1.0
2025-06-30,617.85,617.13,1.0,0.0,0.478119,2.949263,4.828721,0.37638,0.627159,0.934367,70.286367,1.307066,0.111883,0.964736,2.737401,5.026726,0.711683,4.828721,1.269246,2.7731,0.0,1.069897,1.0
2025-07-01,617.65,617.175,1.0,0.0,-0.03237,1.791424,4.207791,0.348731,0.625268,0.8815,70.0073,1.359738,0.131334,0.619445,2.440322,4.787562,0.640738,4.207791,0.971016,0.410954,0.0,1.065891,0.992045
2025-07-02,620.45,618.55,1.0,0.0,0.453331,2.195612,4.086631,0.302444,0.623248,0.8439,71.701308,1.414926,0.153653,0.714494,2.620826,5.045807,0.689227,4.086631,0.916492,0.761906,0.0,1.062579,1.0
2025-07-03,625.34,624.355,1.0,0.0,0.788138,2.201448,4.935143,0.262727,0.620367,0.849966,74.418731,1.497914,0.197203,1.000479,3.092887,5.630401,0.775027,4.935143,0.71019,-1.126852,1.0,1.113775,1.0
2025-07-07,620.68,620.95,1.0,0.0,-0.745195,0.938349,4.658966,0.264251,0.630652,0.902637,67.742744,1.506311,0.156667,0.165083,2.098603,4.644496,0.576473,4.658966,1.048479,-2.948972,0.0,1.068143,0.855683
2025-07-08,620.34,620.815,1.0,0.0,-0.054779,0.40301,3.538405,0.535565,0.648079,0.838383,67.268586,1.483355,0.106378,0.073449,1.844546,4.399371,0.519775,3.538405,0.845365,-4.961049,1.0,1.055258,0.839021
2025-07-09,624.06,622.815,1.0,0.0,0.599671,1.037805,4.065502,0.520107,0.62401,0.815848,69.76236,1.486741,0.094377,0.448034,2.21626,4.818851,0.579445,4.065502,0.965828,-7.86325,0.0,1.055584,0.958789
2025-07-10,625.82,624.94,1.0,0.0,0.282024,0.865501,3.770644,0.552772,0.630355,0.787318,70.892298,1.497651,0.087363,0.486362,2.260615,4.904062,0.585963,3.770644,0.838722,-7.158237,1.0,1.052502,1.0
2025-07-11,623.62,623.195,1.0,0.0,-0.351539,-0.27505,3.70161,0.541717,0.625131,0.776472,67.49694,1.469531,0.043414,0.088703,1.716961,4.349694,0.496113,3.70161,0.922077,-5.86889,0.0,1.037273,0.930247
2025-07-14,624.81,623.48,1.0,0.0,0.190821,0.665399,3.488199,0.470421,0.627799,0.743363,68.379144,1.43909,0.012551,0.186289,1.725912,4.362648,0.494486,3.488199,0.763587,-7.980485,1.0,1.052105,0.967977
2025-07-15,622.14,624.96,1.0,0.0,-0.42733,0.290163,4.211055,0.320428,0.625897,0.771315,64.170619,1.37281,-0.047881,-0.161355,1.1668,3.757309,0.40739,4.211055,1.119242,-11.082359,0.0,1.019082,0.883323
2025-07-16,624.22,621.39,1.0,0.0,0.33433,0.025639,3.574036,0.391024,0.570264,0.80893,65.929827,1.322646,-0.074649,0.114891,1.359745,3.936915,0.432718,3.574036,1.373214,-13.331694,0.0,1.019427,0.949271
2025-07-17,628.04,626.29,1.0,0.0,0.611964,0.354735,5.10602,0.326728,0.54536,0.786399,68.94552,1.31264,-0.060925,0.483865,1.788084,4.385774,0.504467,5.10602,1.05456,-13.124952,0.0,1.011341,1.0
2025-07-18,627.58,627.965,1.0,0.0,-0.073244,0.635002,5.044858,0.400802,0.498264,0.745995,68.163098,1.291247,-0.066659,0.273138,1.547811,4.13334,0.478278,5.044858,0.977013,-10.845039,0.0,1.000584,0.986374
2025-07-21,628.77,629.94,1.0,0.0,0.189617,0.633793,5.803662,0.35486,0.499973,0.729279,69.13881,1.271733,-0.066883,0.308372,1.572009,4.153905,0.514052,5.803662,0.884911,-4.539759,1.0,0.956855,1.0
2025-07-22,628.86,627.96,1.0,0.0,0.014314,1.080143,4.783804,0.354817,0.467652,0.707008,69.215652,1.244829,-0.074876,0.214922,1.433282,3.998793,0.502581,4.783804,0.839367,-3.523248,1.0,0.979196,1.0
2025-07-23,634.21,631.97,1.0,0.0,0.850746,1.600397,4.520584,0.243238,0.44177,0.720047,73.448002,1.266796,-0.033422,0.709141,2.073,4.683078,0.69509,4.520584,0.97947,-2.416837,0.0,0.990701,1.0
2025-07-24,634.42,635.07,1.0,0.0,0.033112,1.015859,4.49664,0.35553,0.419682,0.66923,73.601422,1.280014,-0.015818,0.49377,1.902334,4.52436,0.6944,4.49664,0.991738,-3.39338,0.0,0.988249,1.0
2025-07-25,637.1,636.21,1.0,0.0,0.422433,1.516938,4.123425,0.334822,0.420165,0.643693,75.543553,1.304301,0.011136,0.610324,2.105953,4.761891,0.816886,4.123425,0.781816,-1.697293,1.0,0.991857,1.0
2025-07-28,636.94,636.79,1.0,0.0,-0.025114,1.299362,3.582638,0.310908,0.403098,0.610341,75.187909,1.31101,0.014016,0.389279,1.878464,4.541439,0.779109,3.582638,0.754832,-1.003343,1.0,0.980863,0.99279
2025-07-29,635.26,636.505,1.0,0.0,-0.263761,1.017715,2.817836,0.337192,0.400117,0.621242,71.38763,1.283413,-0.013609,0.08296,1.454209,4.091572,0.678719,2.817836,0.828446,0.29685,1.0,0.98862,0.905398
2025-07-30,634.46,634.61,1.0,0.0,-0.125933,0.039419,2.721606,0.391532,0.404839,0.668122,69.584021,1.23596,-0.050158,-0.028722,1.198603,3.799273,0.599251,2.721606,1.10744,0.688368,0.0,1.017111,0.864267
2025-07-31,632.08,635.31,1.0,0.0,-0.375122,-0.368841,1.874446,0.230336,0.407335,0.772757,64.37331,1.157848,-0.10649,-0.269521,0.740408,3.271802,0.448755,1.874446,1.452607,-1.927021,0.0,1.053817,0.700477
2025-08-01,621.72,622.815,1.0,0.0,-1.639033,-2.414064,-0.578885,0.275033,0.414928,0.955175,47.647276,0.964874,-0.256426,-1.277533,-0.824736,1.516277,-0.078442,-0.578885,1.981824,-1.683034,0.0,1.099721,0.082339
2025-08-04,631.17,628.4,1.0,0.0,1.519977,-0.905894,1.690082,0.588767,0.532407,1.01611,58.292563,0.895216,-0.246239,0.148573,0.617284,2.935806,0.332418,1.690082,1.033528,-0.718182,0.0,1.087986,0.646181
2025-08-05,627.97,629.825,1.0,0.0,-0.506995,-1.147562,1.229971,1.006644,0.603848,1.003381,54.268466,0.805396,-0.2735,-0.239737,0.096944,2.31707,0.137013,1.229971,0.974051,0.061377,0.0,1.106948,0.455251
2025-08-06,632.78,630.785,1.0,0.0,0.76596,-0.264792,1.397302,1.01551,0.617007,0.978245,58.865153,0.77742,-0.23462,0.348981,0.780752,2.97556,0.328453,1.397302,0.914825,2.771353,0.0,1.103023,0.719116
2025-08-07,632.25,633.045,1.0,0.0,-0.083757,0.026895,1.027452,1.092717,0.625247,1.014491,58.171322,0.745381,-0.214006,0.176465,0.629605,2.772862,0.287521,1.027452,1.041215,3.903179,0.0,1.090457,0.684655
2025-08-08,637.18,635.695,1.0,0.0,0.779755,2.48665,2.174401,1.081377,0.624166,0.985421,62.588603,0.767492,-0.147577,0.636366,1.277856,3.429266,0.542254,2.174401,0.909263,2.016715,0.0,1.108595,1.0
2025-08-11,635.92,636.805,1.0,0.0,-0.197746,0.752571,1.778141,0.713307,0.636083,0.945672,60.820771,0.766329,-0.120443,0.29115,0.973956,3.094365,0.454381,1.778141,0.818089,5.646292,1.0,1.082472,0.918499
2025-08-12,642.69,639.82,1.0,0.0,1.064599,2.344061,3.303115,0.525966,0.639233,0.95472,66.324562,0.831565,-0.036692,0.901814,1.850178,4.020908,0.799025,3.303115,0.903782,7.865289,0.0,1.079051,1.0
2025-08-13,644.89,644.435,1.0,0.0,0.342311,1.913777,3.311333,0.507845,0.661161,0.897172,67.90252,0.903738,0.030754,0.828033,1.985254,4.198131,0.876799,3.311333,0.844315,9.831588,1.0,1.089199,1.0
2025-08-14,644.95,643.98,1.0,0.0,0.009304,2.008699,2.692504,0.485542,0.661266,0.845285,67.946634,0.95286,0.063966,0.556722,1.801345,4.036153,0.823343,2.692504,0.85278,6.502838,1.0,1.110986,1.0
2025-08-15,643.44,644.305,1.0,0.0,-0.234127,0.982454,2.527168,0.468866,0.653911,0.808277,65.506611,0.964134,0.058523,0.213965,1.412042,3.638437,0.694764,2.527168,1.016543,0.462654,0.0,1.115882,0.934998
2025-08-18,643.3,643.09,1.0,0.0,-0.021758,1.160523,2.310861,0.479743,0.657405,0.738381,65.27257,0.958701,0.042314,0.128025,1.255935,3.469168,0.633894,2.310861,0.682349,-10.360911,1.0,1.082273,0.928971
2025-08-19,639.81,641.295,1.0,0.0,-0.542515,-0.448117,1.741246,0.455335,0.658012,0.760748,59.559849,0.904986,-0.01312,-0.277173,0.63888,2.790617,0.465332,1.741246,1.07914,-9.648238,0.0,1.070377,0.778734
2025-08-20,638.11,636.305,1.0,0.0,-0.265704,-1.051342,0.614938,0.292216,0.673347,0.804411,56.945407,0.8295,-0.072841,-0.362082,0.335981,2.416388,0.357026,0.614938,1.372316,-10.022349,0.0,1.06625,0.705553
2025-08-21,635.55,635.89,1.0,0.0,-0.401185,-1.457477,0.178115,0.198885,0.653846,0.790175,53.161028,0.729941,-0.140828,-0.509169,-0.060217,1.925347,0.211093,0.178115,0.845546,-9.852565,0.0,1.054486,0.595351
2025-08-22,645.31,641.875,1.0,0.0,1.535678,0.290625,1.288652,0.17421,0.660651,0.900709,63.201617,0.75196,-0.084511,0.676828,1.332233,3.349122,0.600559,1.288652,1.286351,-10.131703,0.0,1.045462,1.0
2025-08-25,642.47,643.82,1.0,0.0,-0.440099,-0.129022,0.868214,0.757113,0.735609,0.845494,59.223315,0.737429,-0.082192,0.155713,0.801188,2.77763,0.454871,0.868214,0.784974,-10.218382,0.0,1.045436,0.87961
2025-08-26,645.16,643.54,1.0,0.0,0.418697,0.836186,1.558417,0.784254,0.743716,0.811133,61.683533,0.745316,-0.05671,0.382641,1.105453,3.078281,0.534957,1.558417,0.785236,-10.133075,1.0,1.063692,0.993641
2025-08-27,646.63,645.895,1.0,0.0,0.22785,1.335193,1.918167,0.750365,0.744377,0.762212,62.997378,0.761851,-0.030681,0.406746,1.207065,3.179088,0.572286,1.918167,0.728528,-8.623868,1.0,1.06571,1.0
2025-08-28,648.92,647.41,1.0,0.0,0.354144,2.10369,2.66422,0.718407,0.743473,0.743317,65.010188,0.792894,0.002527,0.506932,1.414281,3.400763,0.631346,2.66422,0.920309,-6.077616,0.0,1.038099,1.0
2025-08-29,645.05,645.49,1.0,0.0,-0.596376,-0.040291,3.752493,0.636516,0.737242,0.767547,59.154004,0.767288,-0.022257,-0.061663,0.731815,2.672009,0.464769,3.752493,1.103718,-4.491215,0.0,0.962429,0.857721
2025-09-02,640.27,637.705,1.0,0.0,-0.741028,-0.342428,1.441767,0.424673,0.640523,0.881126,52.824491,0.680685,-0.091803,-0.536257,-0.013242,1.834857,0.213752,1.441767,1.218574,-5.031677,0.0,1.026748,0.587112
2025-09-03,643.74,642.335,1.0,0.0,0.541959,-0.2201,2.511266,0.496941,0.592937,0.841133,56.466152,0.640352,-0.102378,0.001864,0.478057,2.291017,0.315381,2.511266,1.039246,-2.458868,0.0,1.026601,0.752745
2025-09-04,649.12,646.33,1.0,0.0,0.835741,0.385073,2.582256,0.522824,0.58563,0.838789,61.436601,0.665437,-0.05691,0.556859,1.190795,3.018812,0.522663,2.582256,0.934955,-0.842957,0.0,1.028738,1.0
2025-09-05,647.24,647.77,1.0,0.0,-0.289623,-0.258892,2.370898,0.631074,0.589628,0.911993,58.905638,0.660474,-0.051176,0.176926,0.811532,2.610977,0.34945,2.370898,1.219717,-2.011458,0.0,1.029913,0.88856
2025-09-08,648.83,648.535,1.0,0.0,0.245658,0.586001,1.828369,0.627442,0.59503,0.842092,60.391805,0.665507,-0.03552,0.281615,0.957344,2.747688,0.341334,1.828369,0.876947,2.198245,1.0,1.038235,0.978629
2025-09-09,650.33,649.04,1.0,0.0,0.231185,1.571212,2.266008,0.568379,0.576471,0.802758,61.795519,0.680004,-0.015525,0.341716,1.076118,2.864804,0.366949,2.266008,0.92806,-0.757505,0.0,1.051981,1.0
2025-09-10,652.21,652.59,1.0,0.0,0.289084,1.315749,1.481274,0.374183,0.573252,0.779989,63.539597,0.705835,0.009849,0.420307,1.236386,3.0344,0.418043,1.481274,1.072166,1.619539,0.0,1.037399,1.0
2025-09-11,657.63,655.96,1.0,0.0,0.831021,1.311006,1.975531,0.356487,0.532395,0.794501,68.0658,0.779381,0.071305,0.833063,1.876095,3.732369,0.708209,1.975531,0.950103,3.419413,0.0,1.033535,1.0
2025-09-12,657.41,658.005,1.0,0.0,-0.033453,1.571287,1.931933,0.354971,0.554847,0.733621,67.698434,0.830288,0.09758,0.531471,1.663665,3.547516,0.631709,1.931933,0.961794,8.770582,0.0,1.030228,0.990036
2025-09-15,660.91,660.19,1.0,0.0,0.532392,1.861813,2.715094,0.282905,0.555272,0.70567,70.432534,0.898193,0.135492,0.708609,1.990742,3.931738,0.744003,2.715094,0.838513,12.712506,1.0,1.027923,1.0
2025-09-16,660.0,660.495,1.0,0.0,-0.137689,1.486937,2.595989,0.292405,0.557525,0.664343,68.801926,0.934908,0.136925,0.379242,1.671147,3.634661,0.640907,2.595989,0.804823,18.389954,1.0,1.062149,0.964117
2025-09-17,659.18,658.01,1.0,0.0,-0.124242,1.068674,3.027461,0.357436,0.559729,0.726566,67.290159,0.94331,0.115467,0.169542,1.395649,3.363792,0.554097,3.027461,1.337635,17.920168,0.0,1.07128,0.931782
2025-09-18,662.26,662.58,1.0,0.0,0.467247,0.704043,3.784614,0.395326,0.541744,0.741722,69.960115,0.970968,0.11758,0.424153,1.688371,3.690336,0.617318,3.784614,1.185503,17.801193,0.0,1.031324,1.0
2025-09-19,663.7,662.46,1.0,0.0,0.217437,0.956785,4.429235,0.296,0.537107,0.725404,71.145962,1.00018,0.118915,0.427426,1.724488,3.756469,0.629871,4.429235,1.290655,17.080835,0.0,1.06151,1.0
2025-09-22,666.84,664.73,1.0,0.0,0.473105,0.897248,3.336381,0.283187,0.51986,0.728097,73.593828,1.046111,0.135196,0.599898,1.991497,4.073998,0.705326,3.336381,0.924131,14.974844,0.0,1.051209,1.0
2025-09-23,663.21,664.66,1.0,0.0,-0.544358,0.486364,3.228166,0.269559,0.428837,0.74223,66.563452,1.03608,0.096144,0.034843,1.297732,3.365286,0.534368,3.228166,1.093409,14.404285,0.0,1.113455,0.86338
2025-09-24,661.1,662.14,1.0,0.0,-0.31815,0.291271,2.470705,0.388157,0.436724,0.744951,62.807588,0.989698,0.037409,-0.189124,0.881734,2.913884,0.435411,2.470705,0.907485,14.208659,0.0,1.080815,0.783967
2025-09-25,658.05,656.91,1.0,0.0,-0.461352,-0.635702,1.76608,0.417021,0.444355,0.784168,57.736228,0.906869,-0.039866,-0.434009,0.376516,2.341199,0.300582,1.76608,1.208557,11.757713,0.0,1.071222,0.669176
2025-09-26,661.82,660.125,1.0,0.0,0.572905,-0.283261,1.987918,0.40032,0.461296,0.766199,61.837984,0.868771,-0.058057,0.090898,0.860172,2.809486,0.399809,1.987918,0.935048,10.678283,0.0,1.057118,0.811065
2025-09-29,663.68,663.57,1.0,0.0,0.281043,-0.473877,2.888148,0.478957,0.469974,0.731689,63.709325,0.853091,-0.056912,0.247824,1.033589,2.973306,0.469554,2.888148,0.938483,15.991835,0.0,1.057645,0.881069
2025-09-30,666.18,664.13,1.0,0.0,0.376688,0.447822,4.04673,0.441233,0.443148,0.732625,66.114503,0.859802,-0.037429,0.416096,1.277767,3.225131,0.550825,4.04673,1.090787,17.580687,0.0,1.046772,0.97516
2025-10-01,668.45,666.215,1.0,0.0,0.340749,1.111783,3.838506,0.405576,0.396059,0.758649,68.176868,0.881947,-0.009789,0.504234,1.466044,3.431786,0.638317,3.838506,0.901334,18.108504,0.0,1.052958,1.0
2025-10-02,669.22,668.675,1.0,0.0,0.115192,1.697439,3.0965,0.355421,0.389733,0.73225,68.869009,0.899687,0.007181,0.412485,1.430014,3.406934,0.667003,3.0965,0.715905,13.93095,1.0,1.062221,1.0
2025-10-03,669.21,670.42,1.0,0.0,-0.001494,1.116618,3.394413,0.148034,0.360516,0.724682,68.848066,0.904022,0.009202,0.273615,1.290695,3.267481,0.670979,3.394413,0.87593,15.242373,1.0,1.030956,0.999545
2025-10-06,671.61,670.985,1.0,0.0,0.358632,1.194853,3.510935,0.143438,0.348073,0.691328,71.118112,0.922406,0.024627,0.421263,1.494083,3.490192,0.787231,3.510935,0.679333,11.689196,1.0,1.051179,1.0
2025-10-07,669.12,670.33,1.0,0.0,-0.370751,0.441322,2.889302,0.152829,0.350203,0.70739,65.763735,0.9026,0.001184,0.032628,1.010261,2.981046,0.676866,2.889302,0.90071,12.207187,0.0,1.035241,0.882989
2025-10-08,673.11,671.315,1.0,0.0,0.596306,0.697135,3.204489,0.266954,0.369281,0.690454,69.700363,0.916212,0.016112,0.418541,1.456773,3.449279,0.879167,3.204489,0.771446,8.112108,1.0,1.038843,1.0
2025-10-09,671.16,671.575,1.0,0.0,-0.2897,0.28989,2.057388,0.327877,0.381226,0.694099,65.722943,0.900126,-0.002072,0.08505,1.050941,3.02234,0.774046,2.057388,0.838502,7.748193,1.0,1.030423,0.875796
2025-10-10,653.02,663.395,1.0,0.0,-2.702783,-2.41927,-0.667772,0.371056,0.360042,1.049286,41.816975,0.677894,-0.199493,-1.762077,-1.52266,0.22852,-0.232297,-0.667772,2.041014,3.222222,0.0,1.097505,0.0
2025-10-13,663.04,662.45,1.0,0.0,1.534409,-1.276038,0.322283,1.170525,0.710197,1.139163,52.166817,0.589818,-0.219447,-0.169948,-0.010508,1.695989,0.282269,0.322283,1.015212,3.042796,0.0,1.092984,0.498756
2025-10-14,662.23,659.5,1.0,0.0,-0.122165,-1.029711,0.337879,1.409439,0.780076,1.243379,51.371281,0.512999,-0.237805,-0.194793,-0.120041,1.509185,0.186267,0.337879,1.140241,2.443816,0.0,1.115183,0.458437
2025-10-15,665.17,664.58,1.0,0.0,0.443955,-1.179599,0.908705,1.408563,0.779928,1.29934,54.106926,0.479687,-0.214239,0.165394,0.292492,1.881537,0.276654,0.908705,1.066156,0.544035,0.0,1.081127,0.604778
2025-10-16,660.64,662.91,1.0,0.0,-0.681029,-1.567435,-0.244617,1.392635,0.784494,1.367933,49.487404,0.398283,-0.240321,-0.345102,-0.353467,1.140587,-0.017075,-0.244617,1.430527,1.289589,0.0,1.107883,0.379293
2025-10-17,664.39,661.95,1.0,0.0,0.567631,1.741141,0.103963,1.404888,0.7937,1.331773,53.060161,0.370567,-0.211546,0.146939,0.191914,1.646343,0.155274,0.103963,1.233073,3.125862,0.0,1.10396,0.565953
2025-10-20,671.3,669.74,1.0,0.0,1.040052,1.245777,0.668826,0.740941,0.802319,1.297643,58.837607,0.424938,-0.120946,0.789219,1.115131,2.594746,0.478149,0.668826,0.76483,5.242395,1.0,1.128738,0.909905
2025-10-21,671.29,671.485,1.0,0.0,-0.00149,1.368105,1.218317,0.594645,0.827846,1.184426,58.826323,0.465571,-0.064258,0.52377,1.006498,2.488992,0.449217,1.218317,0.709959,6.021723,1.0,1.101855,0.909408
2025-10-22,667.8,667.65,1.0,0.0,-0.519895,0.395388,1.013462,0.581363,0.817177,1.205572,54.871096,0.452976,-0.063697,0.000768,0.435326,1.878005,0.266723,1.013462,1.012761,6.032802,0.0,1.120223,0.735689
2025-10-23,671.76,670.255,1.0,0.0,0.592992,1.683216,2.083428,0.648869,0.823055,1.136125,58.297337,0.480496,-0.026505,0.395061,0.931804,2.382475,0.446761,2.083428,0.817666,8.195675,1.0,1.119717,0.932802
2025-10-24,677.25,677.06,1.0,0.0,0.817256,1.93561,2.33145,0.540711,0.822133,1.108763,62.543109,0.559296,0.045124,0.807094,1.586718,3.089059,0.728718,2.33145,0.916165,9.699177,0.0,1.130161,1.0
2025-10-27,685.24,683.83,1.0,0.0,1.179771,2.076568,3.248554,0.570509,0.830743,1.111029,67.697611,0.703525,0.156279,1.322126,2.513284,4.129468,1.050863,3.248554,0.809774,-0.124789,1.0,1.134208,1.0
2025-10-28,687.06,686.87,1.0,0.0,0.2656,2.349208,3.134288,0.604293,0.862023,1.039519,68.752436,0.832593,0.229437,1.055228,2.5136,4.225949,0.983922,3.134288,0.791177,-1.356425,1.0,1.142448,1.0
2025-10-29,687.39,686.285,1.0,0.0,0.048031,2.933513,2.833421,0.576389,0.86099,1.032966,68.950419,0.929072,0.260964,0.733147,2.313112,4.101445,0.888383,2.833421,1.119088,-4.90125,0.0,1.142893,1.0
2025-10-30,679.83,682.885,1.0,0.0,-1.099812,1.201322,1.585428,0.399505,0.86025,1.053465,59.62936,0.916734,0.192958,-0.250132,1.073516,2.837293,0.596285,1.585428,1.010102,-4.909617,0.0,1.123337,0.780041
2025-10-31,682.06,682.16,0.0,1.0,0.328023,0.710225,1.920175,0.780894,0.901994,1.024182,61.291628,0.911703,0.152234,0.051367,1.269547,3.046335,0.641399,1.920175,1.158834,-6.538763,0.0,1.128616,0.844923
2025-11-03,683.34,682.87,0.0,0.0,0.187667,-0.277275,1.746549,0.731813,0.903313,1.000302,62.252387,0.912976,0.123944,0.159293,1.318754,3.108722,0.661624,1.746549,0.761819,-6.433298,0.0,1.13769,0.882165
2025-11-04,675.24,677.27,0.0,0.0,-1.185354,-1.720374,0.914634,0.531154,0.901625,1.050303,53.245896,0.82007,0.017259,-0.687656,0.10654,1.811197,0.446906,0.914634,1.022083,-4.035505,0.0,1.131519,0.646494
2025-11-05,677.58,677.515,0.0,0.0,0.346543,-1.427137,0.664082,0.658347,0.939169,1.038764,55.259686,0.754385,-0.036523,-0.229259,0.410089,2.077391,0.524356,0.664082,0.934194,1.216424,0.0,1.1299,0.714577
2025-11-06,670.31,673.05,0.0,0.0,-1.072936,-1.40035,-0.126646,0.703223,0.933464,1.086263,48.299228,0.61758,-0.145525,-0.870261,-0.604083,0.943286,0.338084,-0.126646,1.058306,1.311328,0.0,1.142421,0.503055
2025-11-07,670.97,666.145,0.0,0.0,0.098462,-1.625957,2.748767,0.697047,0.962352,1.136636,48.928162,0.504306,-0.206439,-0.516434,-0.458226,1.001378,0.381243,2.748767,1.178796,9.250282,0.0,1.002354,0.522258
2025-11-10,681.44,678.605,0.0,0.0,1.560427,-0.278046,2.775097,0.662229,0.736347,1.189289,57.715825,0.52655,-0.13862,0.688247,0.989728,2.473855,0.70821,2.775097,0.863668,12.053932,0.0,1.05343,0.77757
2025-11-11,683.0,681.15,0.0,0.0,0.228927,1.149221,3.136373,1.010761,0.738831,1.122848,58.851893,0.561025,-0.0821,0.610629,1.10336,2.599471,0.78764,3.136373,0.664865,13.882967,1.0,1.052786,0.835888
2025-11-12,683.38,682.955,0.0,0.0,0.055637,0.855987,2.737646,0.836485,0.736568,1.050832,59.139878,0.586696,-0.044857,0.443419,1.048014,2.549719,0.831642,2.737646,0.695167,16.968923,1.0,1.070276,0.850093
2025-11-13,672.04,675.69,0.0,0.0,-1.659399,0.25809,1.725599,0.836632,0.733868,1.181232,48.280481,0.475891,-0.133056,-0.818898,-0.569233,0.814484,0.477253,1.725599,1.163129,15.085453,0.0,1.040458,0.426168
2025-11-14,671.93,669.465,0.0,0.0,-0.016368,0.143076,1.134876,1.023484,0.81495,1.269761,48.188048,0.374653,-0.187514,-0.558309,-0.530041,0.766449,0.463602,1.134876,1.105662,11.923181,0.0,1.080914,0.327826
2025-11-17,665.67,667.94,0.0,0.0,-0.931645,-2.314217,-0.838671,1.02358,0.807704,1.341954,43.127704,0.218724,-0.278984,-0.994758,-1.319841,-0.165589,0.209197,-0.838671,1.048238,9.102476,0.0,1.09824,0.0
2025-11-18,660.08,660.49,1.0,1.0,-0.839755,-3.355783,-1.669919,0.720862,0.802342,1.371034,39.171878,0.024521,-0.381922,-1.224896,-1.947878,-0.964963,0.016382,-1.669919,1.322171,9.273001,0.0,1.154965,0.0
2025-11-19,662.63,663.045,1.0,0.0,0.386317,-3.036378,-0.774184,0.637122,0.820972,1.356503,41.794628,-0.098166,-0.402436,-0.563792,-1.421774,-0.559664,0.146287,-0.774184,1.10743,7.501165,0.0,1.146664,0.093372
2025-11-20,652.53,663.725,1.0,0.0,-1.524229,-2.903101,-2.86263,0.721457,0.820495,1.677489,35.302035,-0.319558,-0.50283,-1.395961,-2.653214,-1.9956,-0.170034,-2.86263,1.947049,5.808615,0.0,1.200185,0.0
2025-11-21,659.03,657.7,1.0,0.0,0.996123,-1.919843,-2.690292,0.68323,0.867799,1.71666,41.590673,-0.404687,-0.468921,-0.27621,-1.525631,-0.979772,0.093304,-2.690292,1.465122,4.243555,0.0,1.161929,0.18646
2025-11-24,668.73,665.825,1.0,0.0,1.47186,0.459687,-2.409375,0.927994,0.878488,1.686111,49.482081,-0.346724,-0.328021,0.791247,-0.068972,0.458849,0.345955,-2.409375,0.976939,5.264137,0.0,1.158082,0.464716
2025-11-25,675.02,670.345,1.0,0.0,0.940589,2.263362,-1.752394,1.12145,0.902286,1.679376,53.837457,-0.224812,-0.165027,1.152835,0.787366,1.347962,0.501087,-1.752394,0.9953,4.391464,0.0,1.147005,0.645152
2025-11-26,679.68,679.21,1.0,0.0,0.69035,2.57308,-1.121634,1.047347,0.928246,1.576523,56.808433,-0.073687,-0.011449,1.226527,1.340006,1.965741,0.620416,-1.121634,0.868154,8.170696,1.0,1.140767,0.77883
2025-11-28,683.39,682.085,1.0,0.0,0.545845,4.729284,0.52366,1.050466,0.94325,1.436749,59.067111,0.087414,0.119451,1.179053,1.709781,2.421007,0.723338,0.52366,0.585934,11.137098,1.0,1.204458,1.0
2025-12-01,680.27,680.865,1.0,0.0,-0.456548,3.222919,-0.26244,0.317206,0.919736,1.342034,56.396134,0.17671,0.167115,0.476942,1.125481,1.875365,0.618961,-0.26244,0.724497,12.307001,1.0,1.151308,0.898898
2025-12-02,681.53,681.575,1.0,0.0,0.185221,1.914076,-0.264875,0.631846,0.922929,1.248787,57.237126,0.25864,0.19925,0.441056,1.186276,1.981512,0.643023,-0.264875,0.747916,11.880065,1.0,1.16689,0.939728
2025-12-03,683.89,682.3,1.0,0.0,0.34628,1.314035,1.281026,0.484938,0.922903,1.180318,58.83847,0.346562,0.229902,0.524529,1.388283,2.241047,0.692744,1.281026,0.667497,11.753144,1.0,1.202112,1.0
2025-12-04,684.39,683.355,1.0,0.0,0.073111,0.692973,1.005047,0.398337,0.884876,1.100708,59.187174,0.417723,0.240919,0.397889,1.321291,2.222962,0.684226,1.005047,0.7243,7.427408,1.0,1.213274,1.0
2025-12-05,685.69,686.485,1.0,0.0,0.18995,0.336557,2.294461,0.337533,0.88257,1.029919,60.132843,0.483149,0.245344,0.391629,1.367613,2.320146,0.69486,2.294461,0.91867,7.350118,0.0,1.244158,1.0
2025-12-08,683.63,684.105,1.0,0.0,-0.300427,0.493922,1.886821,0.276126,0.844025,0.99417,57.845555,0.507081,0.214848,0.059998,0.960859,1.932292,0.59957,1.886821,0.664067,-2.535073,1.0,1.179439,0.937877
2025-12-09,683.04,683.99,1.0,0.0,-0.086304,0.22156,0.234797,0.217745,0.848928,0.917016,57.174771,0.51247,0.175987,-0.017573,0.789856,1.770713,0.550514,0.234797,0.724785,-8.384986,1.0,1.147373,0.920084
2025-12-10,687.57,685.14,1.0,0.0,0.663212,0.538098,0.669107,0.223217,0.780075,0.938053,60.921731,0.559702,0.180349,0.429424,1.31759,2.347508,0.639482,0.669107,1.075304,-10.147838,0.0,1.140797,1.0
2025-12-11,689.17,685.71,1.0,0.0,0.232704,0.698432,0.847259,0.322726,0.791691,0.948068,62.180376,0.610118,0.185316,0.441109,1.403344,2.481759,0.656683,0.847259,1.110628,-13.439348,0.0,1.122972,1.0
2025-12-12,681.76,684.025,1.0,0.0,-1.075206,-0.573145,1.446342,0.325585,0.792845,1.026162,53.574265,0.563975,0.107645,-0.426802,0.283151,1.325039,0.46359,1.446342,1.487448,-14.470312,0.0,1.105329,0.797762
2025-12-15,680.73,682.505,1.0,0.0,-0.15108,-0.424206,1.30966,0.580293,0.738393,1.018196,52.48682,0.504911,0.038313,-0.385566,0.119091,1.125481,0.434173,1.30966,1.183295,-12.384131,0.0,1.104282,0.769651
2025-12-16,678.87,678.03,1.0,0.0,-0.273236,-0.610506,1.982965,0.573693,0.739805,1.004661,50.493632,0.431596,-0.029024,-0.439463,-0.13978,0.815598,0.382332,1.982965,1.604776,-11.879625,0.0,1.134785,0.718886
2025-12-17,671.4,675.82,1.0,0.0,-1.100358,-2.351761,1.714944,0.578737,0.708588,1.063891,43.370305,0.283495,-0.1458,-1.028586,-1.121961,-0.282248,0.197402,1.714944,1.444161,-11.520281,0.0,1.116724,0.515011
2025-12-18,676.47,677.82,1.0,0.0,0.755139,-1.842796,2.088647,0.528732,0.727896,1.099222,48.663794,0.219054,-0.165619,-0.187653,-0.339674,0.452214,0.309053,2.088647,1.389234,-8.545035,0.0,1.120294,0.653384
2025-12-19,680.59,678.78,1.0,0.0,0.609044,-0.171615,4.300185,0.686143,0.739802,1.037401,52.54572,0.215009,-0.133869,0.279774,0.241782,1.02186,0.405383,4.300185,1.316277,-7.288964,0.0,1.002945,0.76583
2025-12-22,684.83,682.975,1.0,0.0,0.622989,0.602295,3.914845,0.669968,0.644724,0.986384,56.215165,0.258515,-0.070562,0.601191,0.783129,1.585435,0.519118,3.914845,0.88938,-7.560535,1.0,1.058351,0.856005
2025-12-23,687.96,686.035,1.0,0.0,0.457048,1.33899,2.8756,0.712662,0.62694,0.934897,58.750894,0.325669,-0.001528,0.704832,1.123972,1.967765,0.669335,2.8756,0.818419,-3.778004,1.0,1.095729,0.940802
2025-12-24,690.38,689.315,1.0,0.0,0.351765,2.826929,2.275488,0.691053,0.558846,0.865922,60.648458,0.402139,0.060871,0.703567,1.336883,2.233181,0.817499,2.275488,0.4961,-2.392078,1.0,1.123237,1.0
2025-12-26,690.31,690.465,1.0,0.0,-0.010139,2.045915,1.563971,0.140292,0.530884,0.796705,60.561673,0.457601,0.093038,0.461171,1.19875,2.133786,0.790608,1.563971,0.525194,-4.30187,1.0,1.075728,0.996312
2025-12-29,687.85,687.635,1.0,0.0,-0.356362,1.066722,0.652629,0.231097,0.514559,0.775135,57.450372,0.469051,0.082548,0.068754,0.757691,1.699236,0.625208,0.652629,0.80077,-6.982724,1.0,1.053977,0.866702
2025-12-30,687.01,687.57,1.0,0.0,-0.12212,0.318327,0.990783,0.352383,0.511186,0.711033,56.385155,0.462217,0.060193,-0.035639,0.573857,1.512341,0.545559,0.990783,0.617435,-9.579711,1.0,1.034635,0.822445
2025-12-31,681.92,684.535,1.0,0.0,-0.740892,-0.877958,0.057224,0.301376,0.500224,0.7313,50.299194,0.39497,-0.008044,-0.518854,-0.154999,0.730214,0.24833,0.057224,0.968264,-9.025894,0.0,1.021236,0.554268
2026-01-02,683.17,683.345,1.0,0.0,0.183306,-1.044352,-0.10528,0.363478,0.527725,0.770228,51.678566,0.349062,-0.042572,-0.224585,0.025353,0.878666,0.278935,-0.10528,1.201847,-13.276178,0.0,1.004593,0.620126
2026-01-05,687.72,687.905,1.0,0.0,0.666013,-0.375194,0.486565,0.318001,0.523623,0.784482,56.419815,0.360411,-0.022905,0.292859,0.625263,1.48882,0.468024,0.486565,0.988014,-14.9127,0.0,0.995574,0.859852
2026-01-06,691.81,690.05,1.0,0.0,0.594719,0.575707,0.892532,0.477622,0.543548,0.764521,60.200156,0.411997,0.024758,0.591127,1.105869,2.008691,0.680666,0.892532,0.949627,-15.428258,0.0,0.99115,1.0
2026-01-07,689.58,691.64,1.0,0.0,-0.322343,0.374085,0.870354,0.515205,0.556662,0.754444,57.282526,0.425044,0.029242,0.177761,0.705155,1.612933,0.547877,0.870354,1.019251,-10.834097,0.0,1.019428,0.89074
2026-01-08,689.51,689.055,1.0,0.0,-0.010151,1.113034,0.947236,0.539386,0.557364,0.714444,57.188829,0.428612,0.026215,0.111666,0.628333,1.538803,0.53329,0.947236,0.858875,-7.349932,1.0,1.021267,0.88731
2026-01-09,694.07,692.245,1.0,0.0,0.661339,1.595503,0.945358,0.370882,0.556714,0.732876,61.595706,0.476097,0.061075,0.514502,1.169165,2.121801,0.746402,0.945358,1.076241,-6.554727,0.0,1.007929,1.0
2026-01-12,695.16,693.36,1.0,0.0,0.157045,1.081836,0.869161,0.408238,0.556611,0.738888,62.587089,0.521789,0.085935,0.447234,1.200047,2.19072,0.774725,0.869161,0.847355,-2.692709,1.0,1.021192,1.0
2026-01-13,693.77,693.72,1.0,0.0,-0.199954,0.283315,1.761617,0.370456,0.555603,0.732749,60.444249,0.53735,0.080498,0.164122,0.901818,1.907003,0.689308,1.761617,1.027748,0.155999,0.0,0.981483,0.941498
2026-01-14,690.36,688.88,1.0,0.0,-0.491517,0.113112,1.414658,0.343415,0.497043,0.78748,55.430336,0.505876,0.037414,-0.219041,0.367072,1.350226,0.529282,1.414658,1.243683,-0.805352,0.0,0.997669,0.79798
2026-01-15,692.24,693.35,1.0,0.0,0.272322,0.395933,1.969449,0.384962,0.510604,0.778668,57.522377,0.493751,0.021249,0.035117,0.579051,1.561455,0.592498,1.969449,0.990077,3.419471,0.0,0.940514,0.877104
2026-01-16,691.66,692.175,1.0,0.0,-0.083786,-0.347227,3.017575,0.396456,0.506007,0.755412,56.63909,0.473415,0.000413,-0.032471,0.447447,1.417644,0.549236,3.017575,0.990782,4.471447,0.0,0.919502,0.852694
2026-01-20,677.58,680.67,1.0,0.0,-2.035682,-2.528914,0.164087,0.269624,0.428046,0.965234,40.414822,0.295384,-0.149957,-1.387893,-1.447418,-0.621687,-0.21619,0.164087,1.403672,1.679782,0.0,0.976557,0.05939
2026-01-21,685.4,683.435,1.0,0.0,1.154107,-1.206452,0.70674,0.802226,0.619847,1.044091,49.130396,0.234191,-0.164855,-0.166674,-0.280573,0.504544,0.184031,0.70674,1.572093,3.322165,0.0,0.964744,0.444824
2026-01-22,688.98,689.025,1.0,0.0,0.522323,-0.199896,0.60599,1.050533,0.656481,1.011066,52.55205,0.226702,-0.136217,0.236239,0.21735,0.98873,0.387144,0.60599,0.927746,6.277686,0.0,0.981121,0.648464
2026-01-23,689.23,689.06,1.0,0.0,0.036286,-0.43482,0.184604,1.079272,0.652345,0.949451,52.790856,0.222018,-0.112615,0.181575,0.229496,0.984768,0.435238,0.184604,0.741713,7.311928,0.0,0.985223,0.662685
2026-01-26,692.73,692.025,1.0,0.0,0.507813,0.1547,0.340392,1.069956,0.645053,0.913013,56.120534,0.255097,-0.062277,0.45915,0.667674,1.438008,0.640399,0.340392,0.700948,8.505584,1.0,0.988,0.861775
2026-01-27,695.49,695.05,0.0,1.0,0.398424,2.64323,0.750388,1.09555,0.650048,0.860988,58.600237,0.309534,-0.005263,0.571299,0.965988,1.768642,0.800013,0.750388,0.645703,8.491525,1.0,1.024493,1.0
2026-01-28,695.42,695.89,0.0,0.0,-0.010065,1.46192,1.100531,0.360814,0.655207,0.82104,58.509925,0.348683,0.027083,0.373419,0.864008,1.688278,0.789696,1.100531,0.711116,10.110249,1.0,1.009809,0.996092
2026-01-29,694.04,690.945,0.0,0.0,-0.198441,0.734419,1.023275,0.231334,0.649063,0.947936,56.656159,0.360242,0.030402,0.116091,0.600249,1.427361,0.709503,1.023275,1.13455,12.494216,0.0,1.060523,0.91904
2026-01-30,691.97,690.665,0.0,0.0,-0.298254,0.397545,1.47378,0.264445,0.650327,0.960617,53.89767,0.341877,0.00884,-0.121747,0.271537,1.080262,0.621672,1.47378,1.168737,13.787302,0.0,1.06448,0.803462
2026-02-02,695.41,693.175,0.0,0.0,0.497131,0.386875,1.791648,0.320354,0.63015,0.972408,57.592853,0.360612,0.023378,0.249541,0.696172,1.519751,0.859181,1.791648,0.900442,18.403878,0.0,1.061222,0.995533
2026-02-03,689.53,690.495,0.0,0.0,-0.845544,-0.85695,0.263189,0.317517,0.636522,1.099965,50.187997,0.307657,-0.025962,-0.399539,-0.140493,0.635256,0.549759,0.263189,1.224017,21.094034,0.0,1.078104,0.667225
2026-02-04,686.19,686.605,0.0,0.0,-0.484388,-1.327255,-0.812362,0.43457,0.653263,1.14623,46.528504,0.222691,-0.090042,-0.589728,-0.565089,0.141987,0.319484,-0.812362,1.219714,18.239046,0.0,1.077246,0.480737
2026-02-05,677.62,679.74,0.0,0.0,-1.248925,-2.365858,-1.734389,0.440804,0.647718,1.210601,38.725869,0.053449,-0.210591,-1.228357,-1.637683,-1.065696,-0.178846,-1.734389,1.372215,11.641063,0.0,1.091225,0.002233
2026-02-06,690.62,686.58,0.0,0.0,1.918479,-0.195095,0.160984,0.585256,0.69757,1.313047,51.902203,0.069739,-0.151465,0.443386,0.225574,0.799437,0.573313,0.160984,1.061803,12.612827,0.0,1.116139,0.728085
2026-02-09,693.95,692.105,0.0,0.0,0.482175,-0.209948,-0.017289,1.134175,0.823238,1.277193,54.595604,0.120379,-0.07981,0.61656,0.640896,1.234434,0.752636,-0.017289,0.866031,14.59427,0.0,1.110019,0.914015
2026-02-10,692.12,694.1,0.0,0.0,-0.263708,0.375618,-0.437309,1.132793,0.817069,1.203838,52.844284,0.138273,-0.049956,0.233877,0.339615,0.929179,0.67657,-0.437309,0.758141,13.880887,1.0,1.087296,0.811837
2026-02-11,691.96,693.16,0.0,0.0,-0.023117,0.840875,-0.260893,1.071864,0.818234,1.196948,52.685155,0.148658,-0.031692,0.140372,0.286197,0.870014,0.677964,-0.260893,0.887586,12.899342,1.0,1.077728,0.802903
2026-02-12,681.27,687.86,0.0,0.0,-1.544887,0.53865,-1.316704,1.038589,0.817181,1.34681,43.302837,0.032336,-0.120676,-0.942207,-1.144191,-0.6615,0.157056,-1.316704,1.372966,13.691781,0.0,1.079056,0.20603
2026-02-13,681.75,681.9,0.0,0.0,0.070457,-1.284353,-1.51537,1.122949,0.878204,1.337738,43.786906,-0.055337,-0.166592,-0.583306,-0.973199,-0.568444,0.221676,-1.51537,1.121473,9.152672,0.0,1.078122,0.232831
2026-02-17,682.85,680.36,0.0,0.0,0.161349,-1.599539,-1.273747,0.688041,0.875454,1.336363,44.946922,-0.110328,-0.177124,-0.28233,-0.736522,-0.392074,0.295344,-1.273747,0.955738,6.367196,0.0,1.093312,0.294249
2026-02-18,686.29,685.99,0.0,0.0,0.503771,-0.842339,1.285457,0.628619,0.876925,1.275162,48.524411,-0.111477,-0.14235,0.146572,-0.21399,0.105414,0.484295,1.285457,0.851427,8.658991,0.0,1.076767,0.48632
2026-02-19,684.48,683.865,0.0,0.0,-0.263737,-1.080987,-0.134228,0.711815,0.757402,1.200396,46.801123,-0.132929,-0.131107,-0.078398,-0.431914,-0.152391,0.405059,-0.134228,0.69022,4.489411,0.0,1.06692,0.383884
2026-02-20,689.43,685.895,0.0,0.0,0.723177,1.197763,0.065314,0.708623,0.717618,1.193973,51.838546,-0.089653,-0.070275,0.428554,0.260626,0.547221,0.657124,0.065314,1.176287,2.315268,0.0,1.083818,0.660884
2026-02-23,682.39,685.185,0.0,0.0,-1.021133,0.093876,-0.992412,0.344009,0.726269,1.233614,45.27265,-0.138344,-0.095013,-0.398764,-0.690989,-0.460783,0.329097,-0.992412,1.073014,-0.73268,0.0,1.075512,0.266928
2026-02-24,687.35,684.175,0.0,0.0,0.726857,0.659003,-0.776637,0.618536,0.759845,1.223392,50.070958,-0.115369,-0.057881,0.216562,0.027907,0.252396,0.595259,-0.776637,0.867475,-1.392455,1.0,1.069023,0.544488
2026-02-25,693.15,691.89,0.0,0.0,0.84382,0.999577,-0.336453,0.682329,0.769283,1.173164,55.035555,-0.029276,0.022185,0.705641,0.788265,1.05482,0.909722,-0.336453,0.659647,-0.591319,1.0,1.071494,0.869054
2026-02-26,689.3,688.825,0.0,0.0,-0.555435,0.704184,-0.880044,0.731027,0.787762,1.195543,51.383229,-0.006592,0.036125,0.097477,0.206649,0.47408,0.772072,-0.880044,0.837114,-0.471963,1.0,1.073013,0.65618
2026-02-27,685.99,684.25,0.0,0.0,-0.480197,-0.498963,-1.159876,0.776101,0.796553,1.190022,48.408807,-0.027052,0.012697,-0.255786,-0.248459,-0.008065,0.683477,-1.159876,0.954904,1.534139,0.0,1.045003,0.470489
2026-03-02,686.38,683.32,0.0,0.0,0.056852,0.58471,-0.807838,0.744971,0.801687,1.236677,48.784991,-0.038193,0.001227,-0.132807,-0.173518,0.046869,0.760985,-0.807838,1.015267,-1.114217,0.0,1.037354,0.492411
2026-03-03,680.33,676.135,0.0,0.0,-0.881436,-1.021314,-2.168505,0.585255,0.800036,1.409002,43.487567,-0.11785,-0.062464,-0.67767,-0.954056,-0.802499,0.474905,-2.168505,1.228832,-2.956565,0.0,1.052304,0.152333
2026-03-04,685.13,683.355,0.0,0.0,0.70554,-1.157037,-0.638116,0.604099,0.810338,1.357954,48.285573,-0.121511,-0.05321,0.015391,-0.230994,-0.0986,0.774096,-0.638116,0.923535,-2.742804,0.0,1.032224,0.45989
2026-03-05,681.31,680.57,0.0,0.0,-0.557558,-1.159147,-0.711173,0.556847,0.810098,1.377628,45.010385,-0.169062,-0.080302,-0.362157,-0.712821,-0.630061,0.632166,-0.711173,1.237268,-0.105139,0.0,1.034596,0.225964
2026-03-06,672.38,672.935,0.0,0.0,-1.31071,-1.983994,-0.773295,0.557095,0.81231,1.438838,38.44537,-0.31251,-0.178058,-1.118298,-1.825864,-1.858136,0.210104,-0.773295,1.13394,7.247194,0.0,1.022126,0.0
2026-03-09,678.27,671.155,0.0,0.0,0.875993,-1.181561,-1.788248,0.709493,0.817035,1.580767,44.223927,-0.346662,-0.170701,-0.168209,-0.874683,-0.959643,0.625025,-1.788248,1.116279,9.570317,0.0,1.028372,0.273064
2026-03-10,677.18,679.06,0.0,0.0,-0.160703,-0.463011,-2.416601,0.871549,0.717963,1.541533,43.41173,-0.385033,-0.167031,-0.219335,-0.936428,-1.075401,0.634029,-2.416601,0.865371,10.397513,0.0,1.026152,0.222531
2026-03-11,676.33,676.71,0.0,0.0,-0.125521,-1.284428,-2.281396,0.80991,0.706026,1.470548,42.752341,-0.420811,-0.162029,-0.229984,-0.960718,-1.153072,0.677905,-2.281396,0.718033,10.859734,0.0,1.032791,0.190178
2026-03-12,666.06,668.76,0.0,0.0,-1.518489,-2.238335,-3.742991,0.708642,0.705259,1.503517,35.697215,-0.57351,-0.24859,-1.170127,-2.235139,-2.552628,0.272171,-3.742991,1.122121,12.796813,0.0,1.042109,0.0
2026-03-13,662.29,666.85,0.0,0.0,-0.566015,-1.50064,-2.785973,0.875181,0.768239,1.531516,33.511023,-0.730816,-0.323237,-1.159698,-2.52965,-2.986097,0.242694,-2.785973,0.989076,13.54674,0.0,1.0079,0.0
2026-03-16,669.03,669.595,0.0,0.0,1.017681,-1.362289,-1.865787,0.773082,0.709115,1.508852,40.523949,-0.754315,-0.280674,-0.102599,-1.393304,-1.921927,0.600906,-1.865787,0.82609,15.669191,0.0,1.028449,0.218406
2026-03-17,670.79,672.07,0.0,0.0,0.263067,-0.943619,-1.766127,0.816981,0.751845,1.411775,42.237254,-0.746948,-0.21964,0.106742,-1.02702,-1.599708,0.735075,-1.766127,0.872321,17.337752,0.0,1.033682,0.275437
2026-03-18,661.43,665.455,0.0,0.0,-1.39537,-2.203067,-3.622375,0.845471,0.753878,1.434373,36.255666,-0.857492,-0.258177,-0.863793,-2.183728,-2.85951,0.489659,-3.622375,0.802512,18.342039,0.0,1.027093,0.0
2026-03-19,659.8,659.075,0.0,0.0,-0.246436,-0.939855,-3.605657,0.970658,0.792216,1.40402,35.317653,-0.948041,-0.277797,-0.741472,-2.198929,-2.980997,0.486862,-3.605657,1.078324,21.440114,0.0,1.056183,0.0
2026-03-20,648.57,650.705,0.0,0.0,-1.702031,-2.0716,-5.926635,0.807607,0.792135,1.547902,29.629906,-1.162075,-0.38418,-1.633827,-3.508488,-4.458731,0.23631,-5.926635,1.615532,19.091264,0.0,1.058448,0.0
2026-03-23,655.38,658.28,0.0,0.0,1.050002,-2.040267,-3.958147,1.015708,0.829303,1.613415,36.326573,-1.207224,-0.349929,-0.401458,-2.263053,-3.324539,0.435117,-3.958147,1.372754,16.354754,0.0,1.046188,0.152759
2026-03-24,653.18,653.455,0.0,0.0,-0.335683,-2.625263,-4.971266,1.024852,0.861665,1.548955,35.162421,-1.269339,-0.327326,-0.491735,-2.350164,-3.510986,0.413072,-4.971266,0.998893,13.507678,0.0,1.041523,0.10341
2026-03-25,656.82,657.565,0.0,0.0,0.557274,-0.696975,-5.24129,0.973346,0.835358,1.4915,38.664764,-1.248939,-0.249717,0.041857,-1.636803,-2.860014,0.490016,-5.24129,0.932946,13.709623,0.0,1.032732,0.185061
2026-03-26,645.09,649.835,1.0,1.0,-1.785877,-2.229463,-6.413753,0.937203,0.818748,1.564165,32.560844,-1.391549,-0.299326,-1.169983,-3.080219,-4.422595,0.242221,-6.413753,0.998865,12.833061,0.0,1.032075,0.0
2026-03-27,634.09,637.885,1.0,0.0,-1.705188,-2.232604,-7.565708,1.151486,0.88201,1.631036,28.083469,-1.63351,-0.417872,-1.921771,-4.301522,-5.828857,0.017834,-7.565708,1.111252,6.91103,0.0,1.032004,0.0
2026-03-30,631.97,634.825,1.0,0.0,-0.334337,-3.571974,-7.927096,1.152177,0.93166,1.652284,27.304203,-1.818302,-0.478869,-1.511121,-4.199822,-5.917032,0.007747,-7.927096,1.089485,5.756758,0.0,1.02237,0.0
2026-03-31,650.34,644.76,1.0,0.0,2.906784,-0.434796,-4.408155,0.898282,0.926201,1.792757,42.256163,-1.657993,-0.285116,0.897116,-1.282073,-3.061271,0.327788,-4.408155,1.691164,5.553235,0.0,0.988813,0.345561
2026-04-01,655.24,655.76,1.0,0.0,0.753452,-0.240553,-4.362676,1.728736,1.166222,1.708556,45.4775,-1.482467,-0.095885,1.098815,-0.487266,-2.241525,0.383166,-4.362676,1.102435,3.513217,0.0,0.992117,0.437735
2026-04-02,655.83,651.655,1.0,0.0,0.090043,1.664884,-3.739854,1.744731,1.168165,1.745543,45.869077,-1.329386,0.044759,0.790098,-0.359925,-2.070798,0.348958,-3.739854,0.784417,1.140914,1.0,0.992751,0.483583
2026-04-06,658.93,657.62,1.0,0.0,0.472683,3.917425,-2.000357,1.513889,1.167223,1.590673,47.982959,-1.152193,0.17239,0.840795,0.10047,-1.545823,0.350218,-2.000357,0.459445,-4.142895,1.0,1.025307,0.582289
2026-04-07,659.22,655.335,1.0,0.0,0.044011,4.311914,-2.808616,1.12571,1.145633,1.550908,48.186803,-1.001184,0.258252,0.588381,0.130742,-1.444422,0.291219,-2.808616,0.884576,-13.98381,1.0,1.040787,0.588553
2026-04-08,676.01,674.27,1.0,0.0,2.546949,3.947166,-0.172775,1.059164,1.124552,1.663,58.360787,-0.652077,0.460863,2.078385,2.419509,1.023517,0.585168,-0.172775,1.2428,-20.031395,0.0,1.06546,0.974121
2026-04-09,679.91,677.465,1.0,0.0,0.576915,3.765033,0.529327,0.920323,1.267351,1.57792,60.310304,-0.342613,0.611155,1.762523,2.715892,1.542371,0.607599,0.529327,0.786739,-23.811305,1.0,1.118439,1.0
2026-04-10,679.46,680.24,1.0,0.0,-0.066185,3.603068,2.011831,0.924097,1.273124,1.438689,59.961461,-0.10453,0.679896,1.123764,2.389701,1.416496,0.540568,2.011831,0.595978,-26.933998,1.0,1.05453,0.990613
2026-04-13,686.1,681.44,1.0,0.0,0.977247,4.123351,3.595102,0.948082,1.222904,1.42369,63.331758,0.159767,0.749281,1.398152,3.057543,2.310988,0.601209,3.595102,0.792976,-30.467489,1.0,1.087233,1.0
2026-04-14,694.46,691.12,1.0,0.0,1.218481,5.345712,3.801025,0.943776,1.22668,1.381824,67.088105,0.45587,0.83063,1.7405,3.886526,3.413352,0.668071,3.801025,0.979539,-34.730564,0.0,1.106672,1.0
2026-04-15,699.94,697.24,1.0,0.0,0.789102,3.539888,4.345622,0.865357,1.234259,1.304024,69.307653,0.74127,0.890477,1.681304,4.239078,4.056802,0.672002,4.345622,0.939383,-37.927351,0.0,1.120807,1.0
2026-04-16,701.66,700.655,1.0,0.0,0.245735,3.198953,6.082276,0.437222,1.241031,1.208145,69.9917,0.976426,0.900214,1.279213,4.049775,4.136393,0.633441,6.082276,0.885018,-44.781569,1.0,1.172102,1.0
2026-04-17,710.14,709.075,1.0,0.0,1.208563,4.51535,7.629585,0.474235,1.184436,1.236018,73.166949,1.232476,0.925739,1.655014,4.777677,5.172437,0.686989,7.629585,1.286287,-46.763539,0.0,1.161305,1.0
2026-04-20,708.72,708.025,1.0,0.0,-0.199961,3.296895,9.27425,0.358393,1.193129,1.148615,71.796952,1.415053,0.886161,0.963168,4.115196,4.758281,0.614895,9.27425,0.81139,-47.007775,1.0,0.965643,0.981834
2026-04-21,704.08,706.96,1.0,0.0,-0.654701,1.385249,7.430804,0.55504,1.103939,1.165644,67.358693,1.497615,0.77219,0.201238,3.096422,3.906485,0.527805,7.430804,1.085245,-44.692162,0.0,0.988228,0.922477
2026-04-22,711.21,709.835,1.0,0.0,1.012669,1.610138,8.884228,0.667322,1.120054,1.138266,70.38792,1.602482,0.707464,0.807358,3.731405,4.755008,0.566575,8.884228,0.807427,-45.467218,1.0,1.003662,1.0
2026-04-23,708.45,707.32,1.0,0.0,-0.388071,0.967705,7.860601,0.706431,1.116407,1.18005,67.766227,1.653604,0.604079,0.277051,3.002302,4.170843,0.508604,7.860601,1.109207,-47.881358,0.0,0.99496,0.965169
2026-04-24,713.94,711.74,1.0,0.0,0.774931,0.535106,10.672929,0.763393,1.130061,1.127273,70.148024,1.718422,0.541574,0.700292,3.426145,4.773557,0.536166,10.672929,0.896951,-47.856338,1.0,0.966036,1.0
2026-04-27,715.17,713.965,1.0,0.0,0.172283,0.910091,12.786828,0.66119,1.016121,1.037373,70.670913,1.770279,0.476364,0.58083,3.249906,4.750558,0.520107,12.786828,0.654581,-45.727296,1.0,0.900717,1.0
2026-04-28,711.69,711.065,1.0,0.0,-0.486598,1.080843,12.614523,0.642917,0.885094,1.014363,67.090319,1.762809,0.370054,0.060919,2.479341,4.067771,0.459453,12.614523,0.860395,-45.003909,1.0,0.76531,0.958173
2026-04-29,711.58,710.285,1.0,0.0,-0.015456,0.052024,9.416613,0.601255,0.893773,0.951015,66.974808,1.729121,0.26892,0.030297,2.223665,3.886621,0.429036,9.416613,0.843107,-44.953878,1.0,0.78062,0.944624
2026-04-30,718.66,715.12,1.0,0.0,0.994969,1.441174,9.678896,0.451035,0.7282,0.989379,70.495859,1.744818,0.239202,0.681383,2.923093,4.718206,0.483671,9.678896,1.373846,-44.852589,0.0,0.836266,1.0
2026-05-01,720.65,722.67,1.0,0.0,0.276904,0.939855,9.883659,0.5371,0.735043,0.96999,71.418261,1.767773,0.213052,0.638074,2.893718,4.802344,0.948718,9.883659,0.9269,-46.704397,0.0,0.876397,1.0
2026-05-04,718.01,718.555,1.0,0.0,-0.366336,0.397108,8.966051,0.480796,0.731387,0.976152,68.364713,1.746562,0.148899,0.179439,2.271643,4.237801,1.430074,8.966051,1.210636,-49.583915,0.0,0.900644,0.957226
2026-05-05,723.77,723.265,1.0,0.0,0.802217,1.697368,9.791875,0.53015,0.75403,0.968773,71.252703,1.754864,0.135933,0.653256,2.789385,4.865353,2.164655,9.791875,0.906681,-48.510236,0.0,0.902386,1.0
2026-05-06,733.83,731.205,1.0,0.0,1.389944,3.126844,8.553128,0.504353,0.752575,1.024687,75.465424,1.837597,0.192688,1.358891,3.801106,6.059939,3.260944,8.553128,1.410229,-49.83,0.0,0.915999,1.0
2026-05-07,731.58,732.94,1.0,0.0,-0.306611,1.79779,7.599535,0.609457,0.624312,1.007072,72.892553,1.881634,0.185333,0.69631,3.140724,5.497493,3.915131,7.599535,1.450433,-50.894233,0.0,0.960569,0.958617
2026-05-08,737.62,736.325,1.0,0.0,0.82561,2.354819,8.559739,0.668607,0.642164,0.983143,75.324607,1.940108,0.206157,1.013286,3.598368,6.103503,4.855625,8.559739,1.437537,-53.661768,0.0,0.987918,1.0
2026-05-11,739.3,738.62,1.0,0.0,0.22776,2.96514,7.753972,0.690753,0.641362,0.928394,75.970392,1.98952,0.207608,0.825481,3.456527,6.081202,5.845688,7.753972,1.43899,-55.227995,0.0,0.986262,1.0
2026-05-12,738.18,735.335,1.0,0.0,-0.151495,1.990964,6.295539,0.578889,0.62911,0.940755,74.569265,1.99996,0.172275,0.447487,2.976176,5.675142,6.720818,6.295539,1.872534,-55.348785,0.0,0.997615,0.975022
2026-05-13,742.31,739.69,1.0,0.0,0.559484,1.155581,6.053376,0.631538,0.607882,0.962384,76.304714,2.016333,0.159054,0.670726,3.20316,6.005879,7.59183,6.053376,1.648063,-56.803814,0.0,1.016223,1.0
